period,stateid,stateDescription,sectorid,sectorName,customers,price,revenue,sales,customers-units,price-units,revenue-units,sales-units
2025-01,AK,Alaska,ALL,all sectors,360406,22.63,128.31182,566.93865,number of customers,cents per kilowatt-hour,million dollars,million kilowatt hours
2025-01,AK,Alaska,COM,commercial,58008,21.72,52.13928,240.06506,number of customers,cents per kilowatt-hour,million dollars,million kilowatt hours
2025-01,AK,Alaska,IND,industrial,1207,20.66,23.69913,114.72168,number of customers,cents per kilowatt-hour,million dollars,million kilowatt hours
2025-01,AK,Alaska,OTH,other,,,,,number of customers,cents per kilowatt-hour,million dollars,million kilowatt hours
2025-01,AK,Alaska,RES,residential,301191,24.73,52.47341,212.15191,number of customers,cents per kilowatt-hour,million dollars,million kilowatt hours
2025-01,AK,Alaska,TRA,transportation,0,0,0,0,number of customers,cents per kilowatt-hour,million dollars,million kilowatt hours
2025-01,AL,Alabama,ALL,all sectors,2815878,12.52,1048.21187,8374.80339,number of customers,cents per kilowatt-hour,million dollars,million kilowatt hours
2025-01,AL,Alabama,COM,commercial,394039,14.32,281.33326,1964.63674,number of customers,cents per kilowatt-hour,million dollars,million kilowatt hours
2025-01,AL,Alabama,IND,industrial,7222,7.65,204.51319,2672.37646,number of customers,cents per kilowatt-hour,million dollars,million kilowatt hours
2025-01,AL,Alabama,OTH,other,,,,,number of customers,cents per kilowatt-hour,million dollars,million kilowatt hours
2025-01,AL,Alabama,RES,residential,2414617,15.05,562.36542,3737.7902,number of customers,cents per kilowatt-hour,million dollars,million kilowatt hours
2025-01,AL,Alabama,TRA,transportation,0,0,0,0,number of customers,cents per kilowatt-hour,million dollars,million kilowatt hours
2025-01,AR,Arkansas,ALL,all sectors,1731295,9.29,439.97121,4736.23328,number of customers,cents per kilowatt-hour,million dollars,million kilowatt hours
2025-01,AR,Arkansas,COM,commercial,208866,10.02,96.13437,959.19575,number of customers,cents per kilowatt-hour,million dollars,million kilowatt hours
2025-01,AR,Arkansas,IND,industrial,35185,6.46,109.19613,1691.52371,number of customers,cents per kilowatt-hour,million dollars,million kilowatt hours
2025-01,AR,Arkansas,OTH,other,,,,,number of customers,cents per kilowatt-hour,million dollars,million kilowatt hours
2025-01,AR,Arkansas,RES,residential,1487242,11.25,234.63811,2085.4917,number of customers,cents per kilowatt-hour,million dollars,million kilowatt hours
2025-01,AR,Arkansas,TRA,transportation,2,11.78,.00261,.02212,number of customers,cents per kilowatt-hour,million dollars,million kilowatt hours
2025-01,AZ,Arizona,ALL,all sectors,3494368,12.33,803.67737,6518.46022,number of customers,cents per kilowatt-hour,million dollars,million kilowatt hours
2025-01,AZ,Arizona,COM,commercial,348043,11.83,320.24935,2707.43332,number of customers,cents per kilowatt-hour,million dollars,million kilowatt hours
2025-01,AZ,Arizona,IND,industrial,7128,7.74,87.52832,1130.51312,number of customers,cents per kilowatt-hour,million dollars,million kilowatt hours
2025-01,AZ,Arizona,OTH,other,,,,,number of customers,cents per kilowatt-hour,million dollars,million kilowatt hours
2025-01,AZ,Arizona,RES,residential,3139195,14.77,395.8122,2679.70961,number of customers,cents per kilowatt-hour,million dollars,million kilowatt hours
2025-01,AZ,Arizona,TRA,transportation,2,10.88,.0875,.80416,number of customers,cents per kilowatt-hour,million dollars,million kilowatt hours
2025-01,CA,California,ALL,all sectors,16336519,25.6,5230.98492,20434.61187,number of customers,cents per kilowatt-hour,million dollars,million kilowatt hours
2025-01,CA,California,COM,commercial,1797040,23.78,2233.52811,9392.28135,number of customers,cents per kilowatt-hour,million dollars,million kilowatt hours
2025-01,CA,California,IND,industrial,148288,19.37,592.15211,3057.76183,number of customers,cents per kilowatt-hour,million dollars,million kilowatt hours
2025-01,CA,California,OTH,other,,,,,number of customers,cents per kilowatt-hour,million dollars,million kilowatt hours
2025-01,CA,California,RES,residential,14391178,30.22,2395.80716,7927.28562,number of customers,cents per kilowatt-hour,million dollars,million kilowatt hours
2025-01,CA,California,TRA,transportation,13,16.58,9.49754,57.28308,number of customers,cents per kilowatt-hour,million dollars,million kilowatt hours
2025-01,CO,Colorado,ALL,all sectors,2921349,11.96,591.53747,4945.38254,number of customers,cents per kilowatt-hour,million dollars,million kilowatt hours
2025-01,CO,Colorado,COM,commercial,401242,11.01,195.45446,1774.96049,number of customers,cents per kilowatt-hour,million dollars,million kilowatt hours
2025-01,CO,Colorado,IND,industrial,15180,8.74,110.45544,1263.98337,number of customers,cents per kilowatt-hour,million dollars,million kilowatt hours
2025-01,CO,Colorado,OTH,other,,,,,number of customers,cents per kilowatt-hour,million dollars,million kilowatt hours
2025-01,CO,Colorado,RES,residential,2504926,15.01,284.88683,1897.87048,number of customers,cents per kilowatt-hour,million dollars,million kilowatt hours
2025-01,CO,Colorado,TRA,transportation,1,8.65,.74074,8.5682,number of customers,cents per kilowatt-hour,million dollars,million kilowatt hours
2025-01,CT,Connecticut,ALL,all sectors,1723783,27.13,702.44614,2588.95581,number of customers,cents per kilowatt-hour,million dollars,million kilowatt hours
2025-01,CT,Connecticut,COM,commercial,156673,24.53,243.72887,993.52642,number of customers,cents per kilowatt-hour,million dollars,million kilowatt hours
2025-01,CT,Connecticut,IND,industrial,3796,20.17,40.41267,200.39259,number of customers,cents per kilowatt-hour,million dollars,million kilowatt hours
2025-01,CT,Connecticut,OTH,other,,,,,number of customers,cents per kilowatt-hour,million dollars,million kilowatt hours
2025-01,CT,Connecticut,RES,residential,1563311,30.06,415.79343,1383.34418,number of customers,cents per kilowatt-hour,million dollars,million kilowatt hours
2025-01,CT,Connecticut,TRA,transportation,3,21.48,2.51118,11.69262,number of customers,cents per kilowatt-hour,million dollars,million kilowatt hours
2025-01,DC,District of Columbia,ALL,all sectors,349251,18.76,179.04843,954.48724,number of customers,cents per kilowatt-hour,million dollars,million kilowatt hours
2025-01,DC,District of Columbia,COM,commercial,27615,19.02,121.36605,637.95369,number of customers,cents per kilowatt-hour,million dollars,million kilowatt hours
2025-01,DC,District of Columbia,IND,industrial,1,21.38,3.89882,18.2367,number of customers,cents per kilowatt-hour,million dollars,million kilowatt hours
2025-01,DC,District of Columbia,OTH,other,,,,,number of customers,cents per kilowatt-hour,million dollars,million kilowatt hours
2025-01,DC,District of Columbia,RES,residential,321632,18.83,51.03882,271.03773,number of customers,cents per kilowatt-hour,million dollars,million kilowatt hours
2025-01,DC,District of Columbia,TRA,transportation,3,10.07,2.74474,27.25912,number of customers,cents per kilowatt-hour,million dollars,million kilowatt hours
2025-01,DE,Delaware,ALL,all sectors,535409,13.77,152.43036,1107.02387,number of customers,cents per kilowatt-hour,million dollars,million kilowatt hours
2025-01,DE,Delaware,COM,commercial,60520,12.42,46.27709,372.65631,number of customers,cents per kilowatt-hour,million dollars,million kilowatt hours
2025-01,DE,Delaware,IND,industrial,1089,10.58,16.76011,158.43391,number of customers,cents per kilowatt-hour,million dollars,million kilowatt hours
2025-01,DE,Delaware,OTH,other,,,,,number of customers,cents per kilowatt-hour,million dollars,million kilowatt hours
2025-01,DE,Delaware,RES,residential,473800,15.52,89.39316,575.93365,number of customers,cents per kilowatt-hour,million dollars,million kilowatt hours
2025-01,DE,Delaware,TRA,transportation,0,0,0,0,number of customers,cents per kilowatt-hour,million dollars,million kilowatt hours
2025-01,ENC,East North Central,ALL,all sectors,23525528,12.65,6472.65739,51185.23371,number of customers,cents per kilowatt-hour,million dollars,million kilowatt hours
2025-01,ENC,East North Central,COM,commercial,2578175,12.12,1945.5318,16053.855,number of customers,cents per kilowatt-hour,million dollars,million kilowatt hours
2025-01,ENC,East North Central,IND,industrial,53535,8.72,1342.66938,15390.29161,number of customers,cents per kilowatt-hour,million dollars,million kilowatt hours
2025-01,ENC,East North Central,OTH,other,,,,,number of customers,cents per kilowatt-hour,million dollars,million kilowatt hours
2025-01,ENC,East North Central,RES,residential,20893808,16.16,3176.90595,19658.68056,number of customers,cents per kilowatt-hour,million dollars,million kilowatt hours
2025-01,ENC,East North Central,TRA,transportation,10,9.16,7.55026,82.40654,number of customers,cents per kilowatt-hour,million dollars,million kilowatt hours
2025-01,ESC,East South Central,ALL,all sectors,10410534,11.41,3381.38886,29632.17908,number of customers,cents per kilowatt-hour,million dollars,million kilowatt hours
2025-01,ESC,East South Central,COM,commercial,1514394,12.76,1001.91482,7851.47866,number of customers,cents per kilowatt-hour,million dollars,million kilowatt hours
2025-01,ESC,East South Central,IND,industrial,23881,7.02,581.29328,8276.18309,number of customers,cents per kilowatt-hour,million dollars,million kilowatt hours
2025-01,ESC,East South Central,OTH,other,,,,,number of customers,cents per kilowatt-hour,million dollars,million kilowatt hours
2025-01,ESC,East South Central,RES,residential,8872259,13.32,1798.18076,13504.51733,number of customers,cents per kilowatt-hour,million dollars,million kilowatt hours
2025-01,ESC,East South Central,TRA,transportation,0,0,0,0,number of customers,cents per kilowatt-hour,million dollars,million kilowatt hours
2025-01,FL,Florida,ALL,all sectors,11858470,12.83,2575.04311,20071.33238,number of customers,cents per kilowatt-hour,million dollars,million kilowatt hours
2025-01,FL,Florida,COM,commercial,1314383,11.32,848.04686,7490.39242,number of customers,cents per kilowatt-hour,million dollars,million kilowatt hours
2025-01,FL,Florida,IND,industrial,25628,8.57,129.69758,1513.76109,number of customers,cents per kilowatt-hour,million dollars,million kilowatt hours
2025-01,FL,Florida,OTH,other,,,,,number of customers,cents per kilowatt-hour,million dollars,million kilowatt hours
2025-01,FL,Florida,RES,residential,10518457,14.43,1596.6998,11061.71095,number of customers,cents per kilowatt-hour,million dollars,million kilowatt hours
2025-01,FL,Florida,TRA,transportation,2,10.95,.59887,5.46793,number of customers,cents per kilowatt-hour,million dollars,million kilowatt hours
2025-01,GA,Georgia,ALL,all sectors,5484311,12.19,1714.32194,14063.65893,number of customers,cents per kilowatt-hour,million dollars,million kilowatt hours
2025-01,GA,Georgia,COM,commercial,624643,12.17,556.09443,4569.85207,number of customers,cents per kilowatt-hour,million dollars,million kilowatt hours
2025-01,GA,Georgia,IND,industrial,23944,8.85,235.25265,2658.52053,number of customers,cents per kilowatt-hour,million dollars,million kilowatt hours
2025-01,GA,Georgia,OTH,other,,,,,number of customers,cents per kilowatt-hour,million dollars,million kilowatt hours
2025-01,GA,Georgia,RES,residential,4835723,13.52,921.94254,6820.07102,number of customers,cents per kilowatt-hour,million dollars,million kilowatt hours
2025-01,GA,Georgia,TRA,transportation,1,6.78,1.03232,15.21531,number of customers,cents per kilowatt-hour,million dollars,million kilowatt hours
2025-01,HI,Hawaii,ALL,all sectors,508039,36.55,274.76653,751.79585,number of customers,cents per kilowatt-hour,million dollars,million kilowatt hours
2025-01,HI,Hawaii,COM,commercial,59732,37.54,84.12541,224.08061,number of customers,cents per kilowatt-hour,million dollars,million kilowatt hours
2025-01,HI,Hawaii,IND,industrial,828,32.47,93.39159,287.66877,number of customers,cents per kilowatt-hour,million dollars,million kilowatt hours
2025-01,HI,Hawaii,OTH,other,,,,,number of customers,cents per kilowatt-hour,million dollars,million kilowatt hours
2025-01,HI,Hawaii,RES,residential,447479,40.51,97.24953,240.04647,number of customers,cents per kilowatt-hour,million dollars,million kilowatt hours
2025-01,HI,Hawaii,TRA,transportation,0,0,0,0,number of customers,cents per kilowatt-hour,million dollars,million kilowatt hours
2025-01,IA,Iowa,ALL,all sectors,1733371,9.04,471.85414,5220.8624,number of customers,cents per kilowatt-hour,million dollars,million kilowatt hours
2025-01,IA,Iowa,COM,commercial,254037,10.12,121.09146,1197.10103,number of customers,cents per kilowatt-hour,million dollars,million kilowatt hours
2025-01,IA,Iowa,IND,industrial,9311,6.47,155.65102,2404.86873,number of customers,cents per kilowatt-hour,million dollars,million kilowatt hours
2025-01,IA,Iowa,OTH,other,,,,,number of customers,cents per kilowatt-hour,million dollars,million kilowatt hours
2025-01,IA,Iowa,RES,residential,1470023,12.05,195.11166,1618.89264,number of customers,cents per kilowatt-hour,million dollars,million kilowatt hours
2025-01,IA,Iowa,TRA,transportation,0,0,0,0,number of customers,cents per kilowatt-hour,million dollars,million kilowatt hours
2025-01,ID,Idaho,ALL,all sectors,1032303,9.23,218.427,2367.54256,number of customers,cents per kilowatt-hour,million dollars,million kilowatt hours
2025-01,ID,Idaho,COM,commercial,124677,8.91,56.43756,633.26554,number of customers,cents per kilowatt-hour,million dollars,million kilowatt hours
2025-01,ID,Idaho,IND,industrial,29508,6.65,40.83472,614.44005,number of customers,cents per kilowatt-hour,million dollars,million kilowatt hours
2025-01,ID,Idaho,OTH,other,,,,,number of customers,cents per kilowatt-hour,million dollars,million kilowatt hours
2025-01,ID,Idaho,RES,residential,878118,10.82,121.15472,1119.83697,number of customers,cents per kilowatt-hour,million dollars,million kilowatt hours
2025-01,ID,Idaho,TRA,transportation,0,0,0,0,number of customers,cents per kilowatt-hour,million dollars,million kilowatt hours
2025-01,IL,Illinois,ALL,all sectors,6006716,12.78,1568.45069,12277.31778,number of customers,cents per kilowatt-hour,million dollars,million kilowatt hours
2025-01,IL,Illinois,COM,commercial,635004,11.87,488.46562,4114.18603,number of customers,cents per kilowatt-hour,million dollars,million kilowatt hours
2025-01,IL,Illinois,IND,industrial,5678,10.11,365.09899,3610.62468,number of customers,cents per kilowatt-hour,million dollars,million kilowatt hours
2025-01,IL,Illinois,OTH,other,,,,,number of customers,cents per kilowatt-hour,million dollars,million kilowatt hours
2025-01,IL,Illinois,RES,residential,5366031,15.82,708.09183,4477.29241,number of customers,cents per kilowatt-hour,million dollars,million kilowatt hours
2025-01,IL,Illinois,TRA,transportation,3,9.03,6.79425,75.21467,number of customers,cents per kilowatt-hour,million dollars,million kilowatt hours
2025-01,IN,Indiana,ALL,all sectors,3397832,11.81,1113.24983,9426.23664,number of customers,cents per kilowatt-hour,million dollars,million kilowatt hours
2025-01,IN,Indiana,COM,commercial,375072,12.9,269.2037,2086.40903,number of customers,cents per kilowatt-hour,million dollars,million kilowatt hours
2025-01,IN,Indiana,IND,industrial,18741,8.12,287.17733,3537.26345,number of customers,cents per kilowatt-hour,million dollars,million kilowatt hours
2025-01,IN,Indiana,OTH,other,,,,,number of customers,cents per kilowatt-hour,million dollars,million kilowatt hours
2025-01,IN,Indiana,RES,residential,3004018,14.65,556.57401,3800.34391,number of customers,cents per kilowatt-hour,million dollars,million kilowatt hours
2025-01,IN,Indiana,TRA,transportation,1,13.28,.29479,2.22025,number of customers,cents per kilowatt-hour,million dollars,million kilowatt hours
2025-01,KS,Kansas,ALL,all sectors,1615351,10.94,395.89099,3618.76592,number of customers,cents per kilowatt-hour,million dollars,million kilowatt hours
2025-01,KS,Kansas,COM,commercial,251409,10.57,139.9936,1324.44674,number of customers,cents per kilowatt-hour,million dollars,million kilowatt hours
2025-01,KS,Kansas,IND,industrial,23832,7.87,71.90777,913.26841,number of customers,cents per kilowatt-hour,million dollars,million kilowatt hours
2025-01,KS,Kansas,OTH,other,,,,,number of customers,cents per kilowatt-hour,million dollars,million kilowatt hours
2025-01,KS,Kansas,RES,residential,1340110,13.32,183.98962,1381.05076,number of customers,cents per kilowatt-hour,million dollars,million kilowatt hours
2025-01,KS,Kansas,TRA,transportation,0,0,0,0,number of customers,cents per kilowatt-hour,million dollars,million kilowatt hours
2025-01,KY,Kentucky,ALL,all sectors,2352458,10.46,765.18398,7312.93898,number of customers,cents per kilowatt-hour,million dollars,million kilowatt hours
2025-01,KY,Kentucky,COM,commercial,328328,11.3,207.54623,1836.56356,number of customers,cents per kilowatt-hour,million dollars,million kilowatt hours
2025-01,KY,Kentucky,IND,industrial,4726,6.85,157.85826,2304.1589,number of customers,cents per kilowatt-hour,million dollars,million kilowatt hours
2025-01,KY,Kentucky,OTH,other,,,,,number of customers,cents per kilowatt-hour,million dollars,million kilowatt hours
2025-01,KY,Kentucky,RES,residential,2019404,12.6,399.7795,3172.21653,number of customers,cents per kilowatt-hour,million dollars,million kilowatt hours
2025-01,KY,Kentucky,TRA,transportation,0,0,0,0,number of customers,cents per kilowatt-hour,million dollars,million kilowatt hours
2025-01,LA,Louisiana,ALL,all sectors,2481921,8.31,727.04582,8753.1069,number of customers,cents per kilowatt-hour,million dollars,million kilowatt hours
2025-01,LA,Louisiana,COM,commercial,303251,10.43,199.10618,1909.63828,number of customers,cents per kilowatt-hour,million dollars,million kilowatt hours
2025-01,LA,Louisiana,IND,industrial,17754,5.11,194.9021,3815.76823,number of customers,cents per kilowatt-hour,million dollars,million kilowatt hours
2025-01,LA,Louisiana,OTH,other,,,,,number of customers,cents per kilowatt-hour,million dollars,million kilowatt hours
2025-01,LA,Louisiana,RES,residential,2160915,11,332.95389,3026.97159,number of customers,cents per kilowatt-hour,million dollars,million kilowatt hours
2025-01,LA,Louisiana,TRA,transportation,1,11.48,.08365,.72881,number of customers,cents per kilowatt-hour,million dollars,million kilowatt hours
2025-01,MA,Massachusetts,ALL,all sectors,3364351,25.65,1205.13248,4698.67863,number of customers,cents per kilowatt-hour,million dollars,million kilowatt hours
2025-01,MA,Massachusetts,COM,commercial,444035,23.06,496.68398,2154.29904,number of customers,cents per kilowatt-hour,million dollars,million kilowatt hours
2025-01,MA,Massachusetts,IND,industrial,9355,19.73,97.44568,493.96172,number of customers,cents per kilowatt-hour,million dollars,million kilowatt hours
2025-01,MA,Massachusetts,OTH,other,,,,,number of customers,cents per kilowatt-hour,million dollars,million kilowatt hours
2025-01,MA,Massachusetts,RES,residential,2910959,30.08,607.73679,2020.38798,number of customers,cents per kilowatt-hour,million dollars,million kilowatt hours
2025-01,MA,Massachusetts,TRA,transportation,2,10.88,3.26603,30.0299,number of customers,cents per kilowatt-hour,million dollars,million kilowatt hours
2025-01,MAT,Middle Atlantic,ALL,all sectors,19219700,17.19,5758.53384,33506.92565,number of customers,cents per kilowatt-hour,million dollars,million kilowatt hours
2025-01,MAT,Middle Atlantic,COM,commercial,2452974,16.68,2203.1261,13204.65152,number of customers,cents per kilowatt-hour,million dollars,million kilowatt hours
2025-01,MAT,Middle Atlantic,IND,industrial,38787,9.89,572.49313,5786.77082,number of customers,cents per kilowatt-hour,million dollars,million kilowatt hours
2025-01,MAT,Middle Atlantic,OTH,other,,,,,number of customers,cents per kilowatt-hour,million dollars,million kilowatt hours
2025-01,MAT,Middle Atlantic,RES,residential,16727919,20.75,2937.53001,14157.35197,number of customers,cents per kilowatt-hour,million dollars,million kilowatt hours
2025-01,MAT,Middle Atlantic,TRA,transportation,20,12.67,45.3846,358.15136,number of customers,cents per kilowatt-hour,million dollars,million kilowatt hours
2025-01,MD,Maryland,ALL,all sectors,2727500,16.22,1009.77566,6224.11483,number of customers,cents per kilowatt-hour,million dollars,million kilowatt hours
2025-01,MD,Maryland,COM,commercial,261912,14.08,352.93427,2507.53232,number of customers,cents per kilowatt-hour,million dollars,million kilowatt hours
2025-01,MD,Maryland,IND,industrial,9258,11.61,33.54055,288.80384,number of customers,cents per kilowatt-hour,million dollars,million kilowatt hours
2025-01,MD,Maryland,OTH,other,,,,,number of customers,cents per kilowatt-hour,million dollars,million kilowatt hours
2025-01,MD,Maryland,RES,residential,2456325,18.26,618.90036,3389.648,number of customers,cents per kilowatt-hour,million dollars,million kilowatt hours
2025-01,MD,Maryland,TRA,transportation,5,11.54,4.40048,38.13067,number of customers,cents per kilowatt-hour,million dollars,million kilowatt hours
2025-01,ME,Maine,ALL,all sectors,870839,21.7,222.8998,1027.19385,number of customers,cents per kilowatt-hour,million dollars,million kilowatt hours
2025-01,ME,Maine,COM,commercial,113313,19.48,71.71275,368.17183,number of customers,cents per kilowatt-hour,million dollars,million kilowatt hours
2025-01,ME,Maine,IND,industrial,1911,15.37,30.03903,195.38299,number of customers,cents per kilowatt-hour,million dollars,million kilowatt hours
2025-01,ME,Maine,OTH,other,,,,,number of customers,cents per kilowatt-hour,million dollars,million kilowatt hours
2025-01,ME,Maine,RES,residential,755615,26.13,121.14802,463.63903,number of customers,cents per kilowatt-hour,million dollars,million kilowatt hours
2025-01,ME,Maine,TRA,transportation,0,0,0,0,number of customers,cents per kilowatt-hour,million dollars,million kilowatt hours
2025-01,MI,Michigan,ALL,all sectors,5115351,14.1,1232.07051,8736.72988,number of customers,cents per kilowatt-hour,million dollars,million kilowatt hours
2025-01,MI,Michigan,COM,commercial,567516,13.62,444.24575,3260.98639,number of customers,cents per kilowatt-hour,million dollars,million kilowatt hours
2025-01,MI,Michigan,IND,industrial,5480,8.5,191.42687,2252.42054,number of customers,cents per kilowatt-hour,million dollars,million kilowatt hours
2025-01,MI,Michigan,OTH,other,,,,,number of customers,cents per kilowatt-hour,million dollars,million kilowatt hours
2025-01,MI,Michigan,RES,residential,4542353,18.5,596.31987,3222.71446,number of customers,cents per kilowatt-hour,million dollars,million kilowatt hours
2025-01,MI,Michigan,TRA,transportation,2,12.82,.07803,.60849,number of customers,cents per kilowatt-hour,million dollars,million kilowatt hours
2025-01,MN,Minnesota,ALL,all sectors,2928264,12.1,731.90978,6049.28483,number of customers,cents per kilowatt-hour,million dollars,million kilowatt hours
2025-01,MN,Minnesota,COM,commercial,310494,11.65,235.75014,2023.999,number of customers,cents per kilowatt-hour,million dollars,million kilowatt hours
2025-01,MN,Minnesota,IND,industrial,9170,9.1,148.56473,1633.36935,number of customers,cents per kilowatt-hour,million dollars,million kilowatt hours
2025-01,MN,Minnesota,OTH,other,,,,,number of customers,cents per kilowatt-hour,million dollars,million kilowatt hours
2025-01,MN,Minnesota,RES,residential,2608599,14.53,347.40085,2390.25604,number of customers,cents per kilowatt-hour,million dollars,million kilowatt hours
2025-01,MN,Minnesota,TRA,transportation,1,11.69,.19407,1.66043,number of customers,cents per kilowatt-hour,million dollars,million kilowatt hours
2025-01,MO,Missouri,ALL,all sectors,3292010,10.01,770.28248,7697.35115,number of customers,cents per kilowatt-hour,million dollars,million kilowatt hours
2025-01,MO,Missouri,COM,commercial,404160,9.16,238.23867,2600.46459,number of customers,cents per kilowatt-hour,million dollars,million kilowatt hours
2025-01,MO,Missouri,IND,industrial,9248,7.57,79.42493,1049.63987,number of customers,cents per kilowatt-hour,million dollars,million kilowatt hours
2025-01,MO,Missouri,OTH,other,,,,,number of customers,cents per kilowatt-hour,million dollars,million kilowatt hours
2025-01,MO,Missouri,RES,residential,2878600,11.19,452.39834,4044.54834,number of customers,cents per kilowatt-hour,million dollars,million kilowatt hours
2025-01,MO,Missouri,TRA,transportation,2,8.17,.22054,2.69835,number of customers,cents per kilowatt-hour,million dollars,million kilowatt hours
2025-01,MS,Mississippi,ALL,all sectors,1607715,10.82,470.43497,4348.74743,number of customers,cents per kilowatt-hour,million dollars,million kilowatt hours
2025-01,MS,Mississippi,COM,commercial,248526,12.42,140.19033,1128.90126,number of customers,cents per kilowatt-hour,million dollars,million kilowatt hours
2025-01,MS,Mississippi,IND,industrial,10960,6.81,89.35822,1311.39221,number of customers,cents per kilowatt-hour,million dollars,million kilowatt hours
2025-01,MS,Mississippi,OTH,other,,,,,number of customers,cents per kilowatt-hour,million dollars,million kilowatt hours
2025-01,MS,Mississippi,RES,residential,1348229,12.62,240.88643,1908.45396,number of customers,cents per kilowatt-hour,million dollars,million kilowatt hours
2025-01,MS,Mississippi,TRA,transportation,0,0,0,0,number of customers,cents per kilowatt-hour,million dollars,million kilowatt hours
2025-01,MT,Montana,ALL,all sectors,716093,10.25,152.20084,1484.99492,number of customers,cents per kilowatt-hour,million dollars,million kilowatt hours
2025-01,MT,Montana,COM,commercial,142071,10.37,48.41182,467.06084,number of customers,cents per kilowatt-hour,million dollars,million kilowatt hours
2025-01,MT,Montana,IND,industrial,10409,8.09,30.06225,371.55222,number of customers,cents per kilowatt-hour,million dollars,million kilowatt hours
2025-01,MT,Montana,OTH,other,,,,,number of customers,cents per kilowatt-hour,million dollars,million kilowatt hours
2025-01,MT,Montana,RES,residential,563613,11.41,73.72677,646.38187,number of customers,cents per kilowatt-hour,million dollars,million kilowatt hours
2025-01,MT,Montana,TRA,transportation,0,0,0,0,number of customers,cents per kilowatt-hour,million dollars,million kilowatt hours
2025-01,MTN,Mountain,ALL,all sectors,12511130,10.77,2734.23593,25395.72706,number of customers,cents per kilowatt-hour,million dollars,million kilowatt hours
2025-01,MTN,Mountain,COM,commercial,1545141,10.46,953.45263,9116.19164,number of customers,cents per kilowatt-hour,million dollars,million kilowatt hours
2025-01,MTN,Mountain,IND,industrial,98719,7.4,511.32603,6906.14208,number of customers,cents per kilowatt-hour,million dollars,million kilowatt hours
2025-01,MTN,Mountain,OTH,other,,,,,number of customers,cents per kilowatt-hour,million dollars,million kilowatt hours
2025-01,MTN,Mountain,RES,residential,10867265,13.55,1268.0552,9359.15939,number of customers,cents per kilowatt-hour,million dollars,million kilowatt hours
2025-01,MTN,Mountain,TRA,transportation,5,9.85,1.40207,14.23394,number of customers,cents per kilowatt-hour,million dollars,million kilowatt hours
2025-01,NC,North Carolina,ALL,all sectors,5882497,11.05,1540.98545,13942.54714,number of customers,cents per kilowatt-hour,million dollars,million kilowatt hours
2025-01,NC,North Carolina,COM,commercial,753474,9.94,422.70976,4252.94638,number of customers,cents per kilowatt-hour,million dollars,million kilowatt hours
2025-01,NC,North Carolina,IND,industrial,8762,8.07,165.73672,2052.74306,number of customers,cents per kilowatt-hour,million dollars,million kilowatt hours
2025-01,NC,North Carolina,OTH,other,,,,,number of customers,cents per kilowatt-hour,million dollars,million kilowatt hours
2025-01,NC,North Carolina,RES,residential,5120260,12.47,952.41927,7635.65234,number of customers,cents per kilowatt-hour,million dollars,million kilowatt hours
2025-01,NC,North Carolina,TRA,transportation,1,9.93,.11969,1.20536,number of customers,cents per kilowatt-hour,million dollars,million kilowatt hours
2025-01,ND,North Dakota,ALL,all sectors,487324,7.86,224.77662,2860.88192,number of customers,cents per kilowatt-hour,million dollars,million kilowatt hours
2025-01,ND,North Dakota,COM,commercial,77428,7.19,75.20998,1045.71452,number of customers,cents per kilowatt-hour,million dollars,million kilowatt hours
2025-01,ND,North Dakota,IND,industrial,10767,7.3,85.24639,1167.11263,number of customers,cents per kilowatt-hour,million dollars,million kilowatt hours
2025-01,ND,North Dakota,OTH,other,,,,,number of customers,cents per kilowatt-hour,million dollars,million kilowatt hours
2025-01,ND,North Dakota,RES,residential,399129,9.93,64.32024,648.05478,number of customers,cents per kilowatt-hour,million dollars,million kilowatt hours
2025-01,ND,North Dakota,TRA,transportation,0,0,0,0,number of customers,cents per kilowatt-hour,million dollars,million kilowatt hours
2025-01,NE,Nebraska,ALL,all sectors,1144762,8.92,290.58851,3257.45814,number of customers,cents per kilowatt-hour,million dollars,million kilowatt hours
2025-01,NE,Nebraska,COM,commercial,164103,8.15,98.61944,1210.1751,number of customers,cents per kilowatt-hour,million dollars,million kilowatt hours
2025-01,NE,Nebraska,IND,industrial,61133,7.75,66.68273,860.96931,number of customers,cents per kilowatt-hour,million dollars,million kilowatt hours
2025-01,NE,Nebraska,OTH,other,,,,,number of customers,cents per kilowatt-hour,million dollars,million kilowatt hours
2025-01,NE,Nebraska,RES,residential,919526,10.56,125.28634,1186.31373,number of customers,cents per kilowatt-hour,million dollars,million kilowatt hours
2025-01,NE,Nebraska,TRA,transportation,0,0,0,0,number of customers,cents per kilowatt-hour,million dollars,million kilowatt hours
2025-01,NEW,New England,ALL,all sectors,7643900,25.01,2674.19028,10691.82982,number of customers,cents per kilowatt-hour,million dollars,million kilowatt hours
2025-01,NEW,New England,COM,commercial,954838,22.89,1026.98424,4486.32127,number of customers,cents per kilowatt-hour,million dollars,million kilowatt hours
2025-01,NEW,New England,IND,industrial,20109,18.29,222.16276,1214.84908,number of customers,cents per kilowatt-hour,million dollars,million kilowatt hours
2025-01,NEW,New England,OTH,other,,,,,number of customers,cents per kilowatt-hour,million dollars,million kilowatt hours
2025-01,NEW,New England,RES,residential,6668947,28.68,1418.68894,4946.46439,number of customers,cents per kilowatt-hour,million dollars,million kilowatt hours
2025-01,NEW,New England,TRA,transportation,6,14.38,6.35433,44.19508,number of customers,cents per kilowatt-hour,million dollars,million kilowatt hours
2025-01,NH,New Hampshire,ALL,all sectors,770890,21.67,229.28556,1057.94249,number of customers,cents per kilowatt-hour,million dollars,million kilowatt hours
2025-01,NH,New Hampshire,COM,commercial,112633,20.47,76.9229,375.81595,number of customers,cents per kilowatt-hour,million dollars,million kilowatt hours
2025-01,NH,New Hampshire,IND,industrial,3107,18.67,28.69079,153.69136,number of customers,cents per kilowatt-hour,million dollars,million kilowatt hours
2025-01,NH,New Hampshire,OTH,other,,,,,number of customers,cents per kilowatt-hour,million dollars,million kilowatt hours
2025-01,NH,New Hampshire,RES,residential,655150,23.4,123.67187,528.43517,number of customers,cents per kilowatt-hour,million dollars,million kilowatt hours
2025-01,NH,New Hampshire,TRA,transportation,0,0,0,0,number of customers,cents per kilowatt-hour,million dollars,million kilowatt hours
2025-01,NJ,New Jersey,ALL,all sectors,4298018,16.93,1104.99742,6525.05002,number of customers,cents per kilowatt-hour,million dollars,million kilowatt hours
2025-01,NJ,New Jersey,COM,commercial,542246,15.19,493.36626,3247.51338,number of customers,cents per kilowatt-hour,million dollars,million kilowatt hours
2025-01,NJ,New Jersey,IND,industrial,10949,13.69,69.87596,510.58074,number of customers,cents per kilowatt-hour,million dollars,million kilowatt hours
2025-01,NJ,New Jersey,OTH,other,,,,,number of customers,cents per kilowatt-hour,million dollars,million kilowatt hours
2025-01,NJ,New Jersey,RES,residential,3744816,19.68,537.69681,2731.90817,number of customers,cents per kilowatt-hour,million dollars,million kilowatt hours
2025-01,NJ,New Jersey,TRA,transportation,7,11.58,4.05839,35.04774,number of customers,cents per kilowatt-hour,million dollars,million kilowatt hours
2025-01,NM,New Mexico,ALL,all sectors,1075221,8.9,228.27501,2565.64842,number of customers,cents per kilowatt-hour,million dollars,million kilowatt hours
2025-01,NM,New Mexico,COM,commercial,147226,10.14,76.49025,754.22338,number of customers,cents per kilowatt-hour,million dollars,million kilowatt hours
2025-01,NM,New Mexico,IND,industrial,9318,5.15,58.15321,1129.55954,number of customers,cents per kilowatt-hour,million dollars,million kilowatt hours
2025-01,NM,New Mexico,OTH,other,,,,,number of customers,cents per kilowatt-hour,million dollars,million kilowatt hours
2025-01,NM,New Mexico,RES,residential,918677,13.73,93.63155,681.86551,number of customers,cents per kilowatt-hour,million dollars,million kilowatt hours
2025-01,NM,New Mexico,TRA,transportation,0,0,0,0,number of customers,cents per kilowatt-hour,million dollars,million kilowatt hours
2025-01,NV,Nevada,ALL,all sectors,1505831,10.07,299.0591,2969.22844,number of customers,cents per kilowatt-hour,million dollars,million kilowatt hours
2025-01,NV,Nevada,COM,commercial,178310,9.23,96.58793,1046.82606,number of customers,cents per kilowatt-hour,million dollars,million kilowatt hours
2025-01,NV,Nevada,IND,industrial,4622,7.05,66.72466,946.91565,number of customers,cents per kilowatt-hour,million dollars,million kilowatt hours
2025-01,NV,Nevada,OTH,other,,,,,number of customers,cents per kilowatt-hour,million dollars,million kilowatt hours
2025-01,NV,Nevada,RES,residential,1322898,13.92,135.69378,974.87669,number of customers,cents per kilowatt-hour,million dollars,million kilowatt hours
2025-01,NV,Nevada,TRA,transportation,1,8.64,.05273,.61004,number of customers,cents per kilowatt-hour,million dollars,million kilowatt hours
2025-01,NY,New York,ALL,all sectors,8636431,21.12,2747.30697,13010.17542,number of customers,cents per kilowatt-hour,million dollars,million kilowatt hours
2025-01,NY,New York,COM,commercial,1168612,20.37,1277.62964,6272.85699,number of customers,cents per kilowatt-hour,million dollars,million kilowatt hours
2025-01,NY,New York,IND,industrial,16300,10.84,150.38646,1386.84893,number of customers,cents per kilowatt-hour,million dollars,million kilowatt hours
2025-01,NY,New York,OTH,other,,,,,number of customers,cents per kilowatt-hour,million dollars,million kilowatt hours
2025-01,NY,New York,RES,residential,7451511,25.32,1281.02818,5060.00583,number of customers,cents per kilowatt-hour,million dollars,million kilowatt hours
2025-01,NY,New York,TRA,transportation,8,13.17,38.26269,290.46368,number of customers,cents per kilowatt-hour,million dollars,million kilowatt hours
2025-01,OH,Ohio,ALL,all sectors,5755537,11.99,1739.96413,14507.18656,number of customers,cents per kilowatt-hour,million dollars,million kilowatt hours
2025-01,OH,Ohio,COM,commercial,628365,10.66,480.19613,4504.00995,number of customers,cents per kilowatt-hour,million dollars,million kilowatt hours
2025-01,OH,Ohio,IND,industrial,18067,8.21,336.10184,4094.19595,number of customers,cents per kilowatt-hour,million dollars,million kilowatt hours
2025-01,OH,Ohio,OTH,other,,,,,number of customers,cents per kilowatt-hour,million dollars,million kilowatt hours
2025-01,OH,Ohio,RES,residential,5109103,15.64,923.30512,5904.74873,number of customers,cents per kilowatt-hour,million dollars,million kilowatt hours
2025-01,OH,Ohio,TRA,transportation,2,8.53,.36104,4.23193,number of customers,cents per kilowatt-hour,million dollars,million kilowatt hours
2025-01,OK,Oklahoma,ALL,all sectors,2232638,8.84,589.96295,6672.99703,number of customers,cents per kilowatt-hour,million dollars,million kilowatt hours
2025-01,OK,Oklahoma,COM,commercial,311803,8.59,190.79303,2220.82135,number of customers,cents per kilowatt-hour,million dollars,million kilowatt hours
2025-01,OK,Oklahoma,IND,industrial,19229,6.13,114.55975,1869.25449,number of customers,cents per kilowatt-hour,million dollars,million kilowatt hours
2025-01,OK,Oklahoma,OTH,other,,,,,number of customers,cents per kilowatt-hour,million dollars,million kilowatt hours
2025-01,OK,Oklahoma,RES,residential,1901606,11.02,284.61017,2582.92119,number of customers,cents per kilowatt-hour,million dollars,million kilowatt hours
2025-01,OK,Oklahoma,TRA,transportation,0,0,0,0,number of customers,cents per kilowatt-hour,million dollars,million kilowatt hours
2025-01,OR,Oregon,ALL,all sectors,2159555,11.62,666.97564,5740.47709,number of customers,cents per kilowatt-hour,million dollars,million kilowatt hours
2025-01,OR,Oregon,COM,commercial,248339,10.9,238.02596,2183.60866,number of customers,cents per kilowatt-hour,million dollars,million kilowatt hours
2025-01,OR,Oregon,IND,industrial,26388,7.85,100.69311,1283.51477,number of customers,cents per kilowatt-hour,million dollars,million kilowatt hours
2025-01,OR,Oregon,OTH,other,,,,,number of customers,cents per kilowatt-hour,million dollars,million kilowatt hours
2025-01,OR,Oregon,RES,residential,1884826,14.44,327.99907,2271.41803,number of customers,cents per kilowatt-hour,million dollars,million kilowatt hours
2025-01,OR,Oregon,TRA,transportation,2,13.3,.25751,1.93563,number of customers,cents per kilowatt-hour,million dollars,million kilowatt hours
2025-01,PA,Pennsylvania,ALL,all sectors,6285251,13.64,1906.22944,13971.70021,number of customers,cents per kilowatt-hour,million dollars,million kilowatt hours
2025-01,PA,Pennsylvania,COM,commercial,742116,11.73,432.1302,3684.28115,number of customers,cents per kilowatt-hour,million dollars,million kilowatt hours
2025-01,PA,Pennsylvania,IND,industrial,11538,9.06,352.23071,3889.34115,number of customers,cents per kilowatt-hour,million dollars,million kilowatt hours
2025-01,PA,Pennsylvania,OTH,other,,,,,number of customers,cents per kilowatt-hour,million dollars,million kilowatt hours
2025-01,PA,Pennsylvania,RES,residential,5531592,17.58,1118.80502,6365.43797,number of customers,cents per kilowatt-hour,million dollars,million kilowatt hours
2025-01,PA,Pennsylvania,TRA,transportation,5,9.39,3.06352,32.63994,number of customers,cents per kilowatt-hour,million dollars,million kilowatt hours
2025-01,PACC,Pacific Contiguous,ALL,all sectors,22326476,19.38,6866.91104,35428.21536,number of customers,cents per kilowatt-hour,million dollars,million kilowatt hours
2025-01,PACC,Pacific Contiguous,COM,commercial,2451705,19.23,2780.94641,14457.89283,number of customers,cents per kilowatt-hour,million dollars,million kilowatt hours
2025-01,PACC,Pacific Contiguous,IND,industrial,200475,13.26,806.93289,6087.1427,number of customers,cents per kilowatt-hour,million dollars,million kilowatt hours
2025-01,PACC,Pacific Contiguous,OTH,other,,,,,number of customers,cents per kilowatt-hour,million dollars,million kilowatt hours
2025-01,PACC,Pacific Contiguous,RES,residential,19674276,22.06,3268.14476,14814.07387,number of customers,cents per kilowatt-hour,million dollars,million kilowatt hours
2025-01,PACC,Pacific Contiguous,TRA,transportation,20,15.75,10.88698,69.10595,number of customers,cents per kilowatt-hour,million dollars,million kilowatt hours
2025-01,PACN,Pacific Noncontiguous,ALL,all sectors,868445,30.57,403.07835,1318.7345,number of customers,cents per kilowatt-hour,million dollars,million kilowatt hours
2025-01,PACN,Pacific Noncontiguous,COM,commercial,117740,29.36,136.26469,464.14567,number of customers,cents per kilowatt-hour,million dollars,million kilowatt hours
2025-01,PACN,Pacific Noncontiguous,IND,industrial,2035,29.1,117.09073,402.39045,number of customers,cents per kilowatt-hour,million dollars,million kilowatt hours
2025-01,PACN,Pacific Noncontiguous,OTH,other,,,,,number of customers,cents per kilowatt-hour,million dollars,million kilowatt hours
2025-01,PACN,Pacific Noncontiguous,RES,residential,748670,33.11,149.72293,452.19838,number of customers,cents per kilowatt-hour,million dollars,million kilowatt hours
2025-01,PACN,Pacific Noncontiguous,TRA,transportation,0,0,0,0,number of customers,cents per kilowatt-hour,million dollars,million kilowatt hours
2025-01,RI,Rhode Island,ALL,all sectors,528970,27.21,211.55785,777.58815,number of customers,cents per kilowatt-hour,million dollars,million kilowatt hours
2025-01,RI,Rhode Island,COM,commercial,64380,24.86,104.10847,418.70024,number of customers,cents per kilowatt-hour,million dollars,million kilowatt hours
2025-01,RI,Rhode Island,IND,industrial,1707,20.37,10.77859,52.90462,number of customers,cents per kilowatt-hour,million dollars,million kilowatt hours
2025-01,RI,Rhode Island,OTH,other,,,,,number of customers,cents per kilowatt-hour,million dollars,million kilowatt hours
2025-01,RI,Rhode Island,RES,residential,462882,31.66,96.09367,303.51072,number of customers,cents per kilowatt-hour,million dollars,million kilowatt hours
2025-01,RI,Rhode Island,TRA,transportation,1,23.34,.57712,2.47256,number of customers,cents per kilowatt-hour,million dollars,million kilowatt hours
2025-01,SAT,South Atlantic,ALL,all sectors,35026717,12.28,10066.8715,82000.3788,number of customers,cents per kilowatt-hour,million dollars,million kilowatt hours
2025-01,SAT,South Atlantic,COM,commercial,4061113,11.13,3303.1796,29688.89651,number of customers,cents per kilowatt-hour,million dollars,million kilowatt hours
2025-01,SAT,South Atlantic,IND,industrial,87143,8.43,941.93809,11174.03212,number of customers,cents per kilowatt-hour,million dollars,million kilowatt hours
2025-01,SAT,South Atlantic,OTH,other,,,,,number of customers,cents per kilowatt-hour,million dollars,million kilowatt hours
2025-01,SAT,South Atlantic,RES,residential,30878448,14.16,5810.65751,41025.50563,number of customers,cents per kilowatt-hour,million dollars,million kilowatt hours
2025-01,SAT,South Atlantic,TRA,transportation,13,9.91,11.0963,111.94454,number of customers,cents per kilowatt-hour,million dollars,million kilowatt hours
2025-01,SC,South Carolina,ALL,all sectors,3020279,11.52,922.30371,8003.27751,number of customers,cents per kilowatt-hour,million dollars,million kilowatt hours
2025-01,SC,South Carolina,COM,commercial,417914,11.16,245.84017,2202.42699,number of customers,cents per kilowatt-hour,million dollars,million kilowatt hours
2025-01,SC,South Carolina,IND,industrial,3544,7.6,152.67985,2008.88315,number of customers,cents per kilowatt-hour,million dollars,million kilowatt hours
2025-01,SC,South Carolina,OTH,other,,,,,number of customers,cents per kilowatt-hour,million dollars,million kilowatt hours
2025-01,SC,South Carolina,RES,residential,2598821,13.81,523.78369,3791.96738,number of customers,cents per kilowatt-hour,million dollars,million kilowatt hours
2025-01,SC,South Carolina,TRA,transportation,0,0,0,0,number of customers,cents per kilowatt-hour,million dollars,million kilowatt hours
2025-01,SD,South Dakota,ALL,all sectors,524301,10.86,142.49884,1312.69631,number of customers,cents per kilowatt-hour,million dollars,million kilowatt hours
2025-01,SD,South Dakota,COM,commercial,79287,10.57,48.86839,462.49068,number of customers,cents per kilowatt-hour,million dollars,million kilowatt hours
2025-01,SD,South Dakota,IND,industrial,4264,8.51,21.66371,254.69996,number of customers,cents per kilowatt-hour,million dollars,million kilowatt hours
2025-01,SD,South Dakota,OTH,other,,,,,number of customers,cents per kilowatt-hour,million dollars,million kilowatt hours
2025-01,SD,South Dakota,RES,residential,440750,12.09,71.96675,595.50567,number of customers,cents per kilowatt-hour,million dollars,million kilowatt hours
2025-01,SD,South Dakota,TRA,transportation,0,0,0,0,number of customers,cents per kilowatt-hour,million dollars,million kilowatt hours
2025-01,TN,Tennessee,ALL,all sectors,3634483,11.44,1097.55804,9595.68928,number of customers,cents per kilowatt-hour,million dollars,million kilowatt hours
2025-01,TN,Tennessee,COM,commercial,543501,12.76,372.84501,2921.3771,number of customers,cents per kilowatt-hour,million dollars,million kilowatt hours
2025-01,TN,Tennessee,IND,industrial,973,6.52,129.56362,1988.25553,number of customers,cents per kilowatt-hour,million dollars,million kilowatt hours
2025-01,TN,Tennessee,OTH,other,,,,,number of customers,cents per kilowatt-hour,million dollars,million kilowatt hours
2025-01,TN,Tennessee,RES,residential,3090009,12.7,595.14942,4686.05664,number of customers,cents per kilowatt-hour,million dollars,million kilowatt hours
2025-01,TN,Tennessee,TRA,transportation,0,0,0,0,number of customers,cents per kilowatt-hour,million dollars,million kilowatt hours
2025-01,TX,Texas,ALL,all sectors,14619003,10.09,4340.20979,43018.65232,number of customers,cents per kilowatt-hour,million dollars,million kilowatt hours
2025-01,TX,Texas,COM,commercial,1534594,8.61,1149.97208,13356.75566,number of customers,cents per kilowatt-hour,million dollars,million kilowatt hours
2025-01,TX,Texas,IND,industrial,386724,6.6,944.99015,14322.69388,number of customers,cents per kilowatt-hour,million dollars,million kilowatt hours
2025-01,TX,Texas,OTH,other,,,,,number of customers,cents per kilowatt-hour,million dollars,million kilowatt hours
2025-01,TX,Texas,RES,residential,12697682,14.64,2245.21726,15338.42609,number of customers,cents per kilowatt-hour,million dollars,million kilowatt hours
2025-01,TX,Texas,TRA,transportation,3,3.9,.0303,.77669,number of customers,cents per kilowatt-hour,million dollars,million kilowatt hours
2025-01,US,U.S. Total,ALL,all sectors,164322670,13.1,47482.85832,362357.51416,number of customers,cents per kilowatt-hour,million dollars,million kilowatt hours
2025-01,US,U.S. Total,COM,commercial,19575512,12.9,15945.17762,123634.23578,number of customers,cents per kilowatt-hour,million dollars,million kilowatt hours
2025-01,US,U.S. Total,IND,industrial,1111301,8.32,7088.69571,85220.97054,number of customers,cents per kilowatt-hour,million dollars,million kilowatt hours
2025-01,US,U.S. Total,OTH,other,,,,,number of customers,cents per kilowatt-hour,million dollars,million kilowatt hours
2025-01,US,U.S. Total,RES,residential,143635774,15.94,24365.7793,152816.38404,number of customers,cents per kilowatt-hour,million dollars,million kilowatt hours
2025-01,US,U.S. Total,TRA,transportation,83,12.13,83.2057,685.9238,number of customers,cents per kilowatt-hour,million dollars,million kilowatt hours
2025-01,UT,Utah,ALL,all sectors,1405744,9.91,289.59573,2923.17047,number of customers,cents per kilowatt-hour,million dollars,million kilowatt hours
2025-01,UT,Utah,COM,commercial,143978,9.15,113.31566,1238.31086,number of customers,cents per kilowatt-hour,million dollars,million kilowatt hours
2025-01,UT,Utah,IND,industrial,10682,8.03,54.94773,684.16248,number of customers,cents per kilowatt-hour,million dollars,million kilowatt hours
2025-01,UT,Utah,OTH,other,,,,,number of customers,cents per kilowatt-hour,million dollars,million kilowatt hours
2025-01,UT,Utah,RES,residential,1251083,12.12,120.81124,996.44559,number of customers,cents per kilowatt-hour,million dollars,million kilowatt hours
2025-01,UT,Utah,TRA,transportation,1,12.26,.5211,4.25154,number of customers,cents per kilowatt-hour,million dollars,million kilowatt hours
2025-01,VA,Virginia,ALL,all sectors,4137568,11.15,1577.19124,14145.41834,number of customers,cents per kilowatt-hour,million dollars,million kilowatt hours
2025-01,VA,Virginia,COM,commercial,448236,9.05,626.04754,6915.58396,number of customers,cents per kilowatt-hour,million dollars,million kilowatt hours
2025-01,VA,Virginia,IND,industrial,3997,8.99,111.27359,1238.03054,number of customers,cents per kilowatt-hour,million dollars,million kilowatt hours
2025-01,VA,Virginia,OTH,other,,,,,number of customers,cents per kilowatt-hour,million dollars,million kilowatt hours
2025-01,VA,Virginia,RES,residential,3685334,14.04,837.6699,5967.13769,number of customers,cents per kilowatt-hour,million dollars,million kilowatt hours
2025-01,VA,Virginia,TRA,transportation,1,8.92,2.2002,24.66615,number of customers,cents per kilowatt-hour,million dollars,million kilowatt hours
2025-01,VT,Vermont,ALL,all sectors,385067,19,102.86845,541.4709,number of customers,cents per kilowatt-hour,million dollars,million kilowatt hours
2025-01,VT,Vermont,COM,commercial,63804,19.24,33.82728,175.8078,number of customers,cents per kilowatt-hour,million dollars,million kilowatt hours
2025-01,VT,Vermont,IND,industrial,233,12.48,14.796,118.51579,number of customers,cents per kilowatt-hour,million dollars,million kilowatt hours
2025-01,VT,Vermont,OTH,other,,,,,number of customers,cents per kilowatt-hour,million dollars,million kilowatt hours
2025-01,VT,Vermont,RES,residential,321030,21.95,54.24518,247.14731,number of customers,cents per kilowatt-hour,million dollars,million kilowatt hours
2025-01,VT,Vermont,TRA,transportation,0,0,0,0,number of customers,cents per kilowatt-hour,million dollars,million kilowatt hours
2025-01,WA,Washington,ALL,all sectors,3830402,10.47,968.95049,9253.12639,number of customers,cents per kilowatt-hour,million dollars,million kilowatt hours
2025-01,WA,Washington,COM,commercial,406326,10.74,309.39234,2882.00282,number of customers,cents per kilowatt-hour,million dollars,million kilowatt hours
2025-01,WA,Washington,IND,industrial,25799,6.53,114.08768,1745.8661,number of customers,cents per kilowatt-hour,million dollars,million kilowatt hours
2025-01,WA,Washington,OTH,other,,,,,number of customers,cents per kilowatt-hour,million dollars,million kilowatt hours
2025-01,WA,Washington,RES,residential,3398272,11.79,544.33853,4615.37023,number of customers,cents per kilowatt-hour,million dollars,million kilowatt hours
2025-01,WA,Washington,TRA,transportation,5,11.45,1.13194,9.88724,number of customers,cents per kilowatt-hour,million dollars,million kilowatt hours
2025-01,WI,Wisconsin,ALL,all sectors,3250092,13.13,818.92224,6237.76285,number of customers,cents per kilowatt-hour,million dollars,million kilowatt hours
2025-01,WI,Wisconsin,COM,commercial,372218,12.61,263.4206,2088.2636,number of customers,cents per kilowatt-hour,million dollars,million kilowatt hours
2025-01,WI,Wisconsin,IND,industrial,5569,8.59,162.86436,1895.787,number of customers,cents per kilowatt-hour,million dollars,million kilowatt hours
2025-01,WI,Wisconsin,OTH,other,,,,,number of customers,cents per kilowatt-hour,million dollars,million kilowatt hours
2025-01,WI,Wisconsin,RES,residential,2872303,17.42,392.61512,2253.58105,number of customers,cents per kilowatt-hour,million dollars,million kilowatt hours
2025-01,WI,Wisconsin,TRA,transportation,2,16.89,.02216,.1312,number of customers,cents per kilowatt-hour,million dollars,million kilowatt hours
2025-01,WNC,West North Central,ALL,all sectors,11725383,10.09,3027.80136,30017.30066,number of customers,cents per kilowatt-hour,million dollars,million kilowatt hours
2025-01,WNC,West North Central,COM,commercial,1540918,9.71,957.77168,9864.39165,number of customers,cents per kilowatt-hour,million dollars,million kilowatt hours
2025-01,WNC,West North Central,IND,industrial,127725,7.59,629.14128,8283.92827,number of customers,cents per kilowatt-hour,million dollars,million kilowatt hours
2025-01,WNC,West North Central,OTH,other,,,,,number of customers,cents per kilowatt-hour,million dollars,million kilowatt hours
2025-01,WNC,West North Central,RES,residential,10056737,12.14,1440.4738,11864.62196,number of customers,cents per kilowatt-hour,million dollars,million kilowatt hours
2025-01,WNC,West North Central,TRA,transportation,3,9.51,.4146,4.35878,number of customers,cents per kilowatt-hour,million dollars,million kilowatt hours
2025-01,WSC,West South Central,ALL,all sectors,21064857,9.65,6097.18978,63180.98953,number of customers,cents per kilowatt-hour,million dollars,million kilowatt hours
2025-01,WSC,West South Central,COM,commercial,2358514,8.87,1636.00565,18446.41104,number of customers,cents per kilowatt-hour,million dollars,million kilowatt hours
2025-01,WSC,West South Central,IND,industrial,458892,6.28,1363.64814,21699.24032,number of customers,cents per kilowatt-hour,million dollars,million kilowatt hours
2025-01,WSC,West South Central,OTH,other,,,,,number of customers,cents per kilowatt-hour,million dollars,million kilowatt hours
2025-01,WSC,West South Central,RES,residential,18247445,13.45,3097.41943,23033.81057,number of customers,cents per kilowatt-hour,million dollars,million kilowatt hours
2025-01,WSC,West South Central,TRA,transportation,6,7.63,.11655,1.52762,number of customers,cents per kilowatt-hour,million dollars,million kilowatt hours
2025-01,WV,West Virginia,ALL,all sectors,1031432,11.35,395.77162,3488.51856,number of customers,cents per kilowatt-hour,million dollars,million kilowatt hours
2025-01,WV,West Virginia,COM,commercial,152416,11.34,83.86343,739.55237,number of customers,cents per kilowatt-hour,million dollars,million kilowatt hours
2025-01,WV,West Virginia,IND,industrial,10920,7.53,93.09823,1236.61931,number of customers,cents per kilowatt-hour,million dollars,million kilowatt hours
2025-01,WV,West Virginia,OTH,other,,,,,number of customers,cents per kilowatt-hour,million dollars,million kilowatt hours
2025-01,WV,West Virginia,RES,residential,868096,14.47,218.80997,1512.34688,number of customers,cents per kilowatt-hour,million dollars,million kilowatt hours
2025-01,WV,West Virginia,TRA,transportation,0,0,0,0,number of customers,cents per kilowatt-hour,million dollars,million kilowatt hours
2025-01,WY,Wyoming,ALL,all sectors,360221,9.34,151.46342,1621.2995,number of customers,cents per kilowatt-hour,million dollars,million kilowatt hours
2025-01,WY,Wyoming,COM,commercial,59594,9.41,46.5056,494.11118,number of customers,cents per kilowatt-hour,million dollars,million kilowatt hours
2025-01,WY,Wyoming,IND,industrial,11872,8.19,62.6197,765.01565,number of customers,cents per kilowatt-hour,million dollars,million kilowatt hours
2025-01,WY,Wyoming,OTH,other,,,,,number of customers,cents per kilowatt-hour,million dollars,million kilowatt hours
2025-01,WY,Wyoming,RES,residential,288755,11.69,42.33811,362.17267,number of customers,cents per kilowatt-hour,million dollars,million kilowatt hours
2025-01,WY,Wyoming,TRA,transportation,0,0,0,0,number of customers,cents per kilowatt-hour,million dollars,million kilowatt hours
2024-12,AK,Alaska,ALL,all sectors,357708,20.98,118.64917,565.58508,number of customers,cents per kilowatt-hour,million dollars,million kilowatt hours
2024-12,AK,Alaska,COM,commercial,57071,20.43,47.92922,234.65772,number of customers,cents per kilowatt-hour,million dollars,million kilowatt hours
2024-12,AK,Alaska,IND,industrial,1212,17.35,20.79807,119.85789,number of customers,cents per kilowatt-hour,million dollars,million kilowatt hours
2024-12,AK,Alaska,OTH,other,,,,,number of customers,cents per kilowatt-hour,million dollars,million kilowatt hours
2024-12,AK,Alaska,RES,residential,299425,23.65,49.92188,211.06947,number of customers,cents per kilowatt-hour,million dollars,million kilowatt hours
2024-12,AK,Alaska,TRA,transportation,0,0,0,0,number of customers,cents per kilowatt-hour,million dollars,million kilowatt hours
2024-12,AL,Alabama,ALL,all sectors,2812140,11.93,851.70189,7139.53168,number of customers,cents per kilowatt-hour,million dollars,million kilowatt hours
2024-12,AL,Alabama,COM,commercial,390743,13.91,242.92811,1746.48588,number of customers,cents per kilowatt-hour,million dollars,million kilowatt hours
2024-12,AL,Alabama,IND,industrial,7208,7.32,190.10266,2595.84953,number of customers,cents per kilowatt-hour,million dollars,million kilowatt hours
2024-12,AL,Alabama,OTH,other,,,,,number of customers,cents per kilowatt-hour,million dollars,million kilowatt hours
2024-12,AL,Alabama,RES,residential,2414189,14.97,418.67112,2797.19626,number of customers,cents per kilowatt-hour,million dollars,million kilowatt hours
2024-12,AL,Alabama,TRA,transportation,0,0,0,0,number of customers,cents per kilowatt-hour,million dollars,million kilowatt hours
2024-12,AR,Arkansas,ALL,all sectors,1730874,9.26,367.87141,3971.57831,number of customers,cents per kilowatt-hour,million dollars,million kilowatt hours
2024-12,AR,Arkansas,COM,commercial,207910,10.14,87.25078,860.4677,number of customers,cents per kilowatt-hour,million dollars,million kilowatt hours
2024-12,AR,Arkansas,IND,industrial,36026,6.46,104.16387,1612.27525,number of customers,cents per kilowatt-hour,million dollars,million kilowatt hours
2024-12,AR,Arkansas,OTH,other,,,,,number of customers,cents per kilowatt-hour,million dollars,million kilowatt hours
2024-12,AR,Arkansas,RES,residential,1486936,11.77,176.45447,1498.81696,number of customers,cents per kilowatt-hour,million dollars,million kilowatt hours
2024-12,AR,Arkansas,TRA,transportation,2,12.42,.00229,.01841,number of customers,cents per kilowatt-hour,million dollars,million kilowatt hours
2024-12,AZ,Arizona,ALL,all sectors,3529456,12.23,749.74455,6127.90648,number of customers,cents per kilowatt-hour,million dollars,million kilowatt hours
2024-12,AZ,Arizona,COM,commercial,350294,11.8,311.2244,2638.52692,number of customers,cents per kilowatt-hour,million dollars,million kilowatt hours
2024-12,AZ,Arizona,IND,industrial,7436,7.24,82.19811,1136.09829,number of customers,cents per kilowatt-hour,million dollars,million kilowatt hours
2024-12,AZ,Arizona,OTH,other,,,,,number of customers,cents per kilowatt-hour,million dollars,million kilowatt hours
2024-12,AZ,Arizona,RES,residential,3171724,15.14,356.23802,2352.46127,number of customers,cents per kilowatt-hour,million dollars,million kilowatt hours
2024-12,AZ,Arizona,TRA,transportation,2,10.25,.08402,.81999,number of customers,cents per kilowatt-hour,million dollars,million kilowatt hours
2024-12,CA,California,ALL,all sectors,16397845,25.12,5066.04087,20168.89221,number of customers,cents per kilowatt-hour,million dollars,million kilowatt hours
2024-12,CA,California,COM,commercial,1798964,23.19,2212.44656,9539.86424,number of customers,cents per kilowatt-hour,million dollars,million kilowatt hours
2024-12,CA,California,IND,industrial,149132,19.41,680.95061,3508.07767,number of customers,cents per kilowatt-hour,million dollars,million kilowatt hours
2024-12,CA,California,OTH,other,,,,,number of customers,cents per kilowatt-hour,million dollars,million kilowatt hours
2024-12,CA,California,RES,residential,14449736,30.62,2162.86828,7063.33774,number of customers,cents per kilowatt-hour,million dollars,million kilowatt hours
2024-12,CA,California,TRA,transportation,13,16.97,9.77542,57.61257,number of customers,cents per kilowatt-hour,million dollars,million kilowatt hours
2024-12,CO,Colorado,ALL,all sectors,2999267,11.83,552.75818,4671.8176,number of customers,cents per kilowatt-hour,million dollars,million kilowatt hours
2024-12,CO,Colorado,COM,commercial,407415,11.04,192.71697,1745.28895,number of customers,cents per kilowatt-hour,million dollars,million kilowatt hours
2024-12,CO,Colorado,IND,industrial,14640,8.46,103.84286,1227.5584,number of customers,cents per kilowatt-hour,million dollars,million kilowatt hours
2024-12,CO,Colorado,OTH,other,,,,,number of customers,cents per kilowatt-hour,million dollars,million kilowatt hours
2024-12,CO,Colorado,RES,residential,2577211,15.1,255.5707,1692.22442,number of customers,cents per kilowatt-hour,million dollars,million kilowatt hours
2024-12,CO,Colorado,TRA,transportation,1,9.3,.62765,6.74583,number of customers,cents per kilowatt-hour,million dollars,million kilowatt hours
2024-12,CT,Connecticut,ALL,all sectors,1723919,25.5,620.54395,2433.87082,number of customers,cents per kilowatt-hour,million dollars,million kilowatt hours
2024-12,CT,Connecticut,COM,commercial,156721,23.28,222.39202,955.47955,number of customers,cents per kilowatt-hour,million dollars,million kilowatt hours
2024-12,CT,Connecticut,IND,industrial,3805,19.69,37.92447,192.57687,number of customers,cents per kilowatt-hour,million dollars,million kilowatt hours
2024-12,CT,Connecticut,OTH,other,,,,,number of customers,cents per kilowatt-hour,million dollars,million kilowatt hours
2024-12,CT,Connecticut,RES,residential,1563390,28.12,357.31055,1270.87704,number of customers,cents per kilowatt-hour,million dollars,million kilowatt hours
2024-12,CT,Connecticut,TRA,transportation,3,19.53,2.91693,14.93736,number of customers,cents per kilowatt-hour,million dollars,million kilowatt hours
2024-12,DC,District of Columbia,ALL,all sectors,349251,17.5,167.89141,959.14998,number of customers,cents per kilowatt-hour,million dollars,million kilowatt hours
2024-12,DC,District of Columbia,COM,commercial,27570,17.61,118.29796,671.72301,number of customers,cents per kilowatt-hour,million dollars,million kilowatt hours
2024-12,DC,District of Columbia,IND,industrial,1,12.09,2.58388,21.37806,number of customers,cents per kilowatt-hour,million dollars,million kilowatt hours
2024-12,DC,District of Columbia,OTH,other,,,,,number of customers,cents per kilowatt-hour,million dollars,million kilowatt hours
2024-12,DC,District of Columbia,RES,residential,321677,18.79,44.19237,235.23814,number of customers,cents per kilowatt-hour,million dollars,million kilowatt hours
2024-12,DC,District of Columbia,TRA,transportation,3,9.14,2.81721,30.81078,number of customers,cents per kilowatt-hour,million dollars,million kilowatt hours
2024-12,DE,Delaware,ALL,all sectors,538521,14.12,147.83821,1047.10089,number of customers,cents per kilowatt-hour,million dollars,million kilowatt hours
2024-12,DE,Delaware,COM,commercial,60837,12.93,51.44708,397.88971,number of customers,cents per kilowatt-hour,million dollars,million kilowatt hours
2024-12,DE,Delaware,IND,industrial,1161,8.71,13.62128,156.30461,number of customers,cents per kilowatt-hour,million dollars,million kilowatt hours
2024-12,DE,Delaware,OTH,other,,,,,number of customers,cents per kilowatt-hour,million dollars,million kilowatt hours
2024-12,DE,Delaware,RES,residential,476523,16.79,82.76986,492.90658,number of customers,cents per kilowatt-hour,million dollars,million kilowatt hours
2024-12,DE,Delaware,TRA,transportation,0,0,0,0,number of customers,cents per kilowatt-hour,million dollars,million kilowatt hours
2024-12,ENC,East North Central,ALL,all sectors,23668957,12.17,5739.0098,47165.20912,number of customers,cents per kilowatt-hour,million dollars,million kilowatt hours
2024-12,ENC,East North Central,COM,commercial,2583834,11.91,1763.95318,14808.70192,number of customers,cents per kilowatt-hour,million dollars,million kilowatt hours
2024-12,ENC,East North Central,IND,industrial,55032,8.07,1240.99118,15370.08247,number of customers,cents per kilowatt-hour,million dollars,million kilowatt hours
2024-12,ENC,East North Central,OTH,other,,,,,number of customers,cents per kilowatt-hour,million dollars,million kilowatt hours
2024-12,ENC,East North Central,RES,residential,21030081,16.11,2730.73774,16946.86388,number of customers,cents per kilowatt-hour,million dollars,million kilowatt hours
2024-12,ENC,East North Central,TRA,transportation,10,8.41,3.3277,39.56085,number of customers,cents per kilowatt-hour,million dollars,million kilowatt hours
2024-12,ESC,East South Central,ALL,all sectors,10572007,11.26,2885.83117,25630.7295,number of customers,cents per kilowatt-hour,million dollars,million kilowatt hours
2024-12,ESC,East South Central,COM,commercial,1511285,12.73,912.97669,7170.75754,number of customers,cents per kilowatt-hour,million dollars,million kilowatt hours
2024-12,ESC,East South Central,IND,industrial,25237,6.95,562.17823,8089.27405,number of customers,cents per kilowatt-hour,million dollars,million kilowatt hours
2024-12,ESC,East South Central,OTH,other,,,,,number of customers,cents per kilowatt-hour,million dollars,million kilowatt hours
2024-12,ESC,East South Central,RES,residential,9035485,13.6,1410.67625,10370.69791,number of customers,cents per kilowatt-hour,million dollars,million kilowatt hours
2024-12,ESC,East South Central,TRA,transportation,0,0,0,0,number of customers,cents per kilowatt-hour,million dollars,million kilowatt hours
2024-12,FL,Florida,ALL,all sectors,11880838,12.49,2270.13958,18173.17664,number of customers,cents per kilowatt-hour,million dollars,million kilowatt hours
2024-12,FL,Florida,COM,commercial,1315209,11.1,810.25012,7299.92645,number of customers,cents per kilowatt-hour,million dollars,million kilowatt hours
2024-12,FL,Florida,IND,industrial,25924,8.35,118.44112,1419.18302,number of customers,cents per kilowatt-hour,million dollars,million kilowatt hours
2024-12,FL,Florida,OTH,other,,,,,number of customers,cents per kilowatt-hour,million dollars,million kilowatt hours
2024-12,FL,Florida,RES,residential,10539703,14.19,1340.88292,9448.85354,number of customers,cents per kilowatt-hour,million dollars,million kilowatt hours
2024-12,FL,Florida,TRA,transportation,2,10.85,.56542,5.21363,number of customers,cents per kilowatt-hour,million dollars,million kilowatt hours
2024-12,GA,Georgia,ALL,all sectors,5509046,11.25,1378.59785,12259.68456,number of customers,cents per kilowatt-hour,million dollars,million kilowatt hours
2024-12,GA,Georgia,COM,commercial,621943,11.1,479.55458,4321.75754,number of customers,cents per kilowatt-hour,million dollars,million kilowatt hours
2024-12,GA,Georgia,IND,industrial,23967,6.94,179.09789,2582.17594,number of customers,cents per kilowatt-hour,million dollars,million kilowatt hours
2024-12,GA,Georgia,OTH,other,,,,,number of customers,cents per kilowatt-hour,million dollars,million kilowatt hours
2024-12,GA,Georgia,RES,residential,4863135,13.46,719.17055,5343.24514,number of customers,cents per kilowatt-hour,million dollars,million kilowatt hours
2024-12,GA,Georgia,TRA,transportation,1,6.2,.77483,12.50595,number of customers,cents per kilowatt-hour,million dollars,million kilowatt hours
2024-12,HI,Hawaii,ALL,all sectors,508023,37.22,282.31442,758.60255,number of customers,cents per kilowatt-hour,million dollars,million kilowatt hours
2024-12,HI,Hawaii,COM,commercial,59796,37.7,88.91735,235.88602,number of customers,cents per kilowatt-hour,million dollars,million kilowatt hours
2024-12,HI,Hawaii,IND,industrial,827,32.92,97.95567,297.54443,number of customers,cents per kilowatt-hour,million dollars,million kilowatt hours
2024-12,HI,Hawaii,OTH,other,,,,,number of customers,cents per kilowatt-hour,million dollars,million kilowatt hours
2024-12,HI,Hawaii,RES,residential,447400,42.39,95.44141,225.1721,number of customers,cents per kilowatt-hour,million dollars,million kilowatt hours
2024-12,HI,Hawaii,TRA,transportation,0,0,0,0,number of customers,cents per kilowatt-hour,million dollars,million kilowatt hours
2024-12,IA,Iowa,ALL,all sectors,1717622,8.83,429.60804,4864.9786,number of customers,cents per kilowatt-hour,million dollars,million kilowatt hours
2024-12,IA,Iowa,COM,commercial,252037,10.09,111.45136,1104.72972,number of customers,cents per kilowatt-hour,million dollars,million kilowatt hours
2024-12,IA,Iowa,IND,industrial,9593,6.16,144.84457,2351.71689,number of customers,cents per kilowatt-hour,million dollars,million kilowatt hours
2024-12,IA,Iowa,OTH,other,,,,,number of customers,cents per kilowatt-hour,million dollars,million kilowatt hours
2024-12,IA,Iowa,RES,residential,1455992,12.3,173.31211,1408.53199,number of customers,cents per kilowatt-hour,million dollars,million kilowatt hours
2024-12,IA,Iowa,TRA,transportation,0,0,0,0,number of customers,cents per kilowatt-hour,million dollars,million kilowatt hours
2024-12,ID,Idaho,ALL,all sectors,1032793,9.04,201.17936,2224.85341,number of customers,cents per kilowatt-hour,million dollars,million kilowatt hours
2024-12,ID,Idaho,COM,commercial,124714,8.32,49.81241,598.68503,number of customers,cents per kilowatt-hour,million dollars,million kilowatt hours
2024-12,ID,Idaho,IND,industrial,29636,6.46,38.4623,595.52005,number of customers,cents per kilowatt-hour,million dollars,million kilowatt hours
2024-12,ID,Idaho,OTH,other,,,,,number of customers,cents per kilowatt-hour,million dollars,million kilowatt hours
2024-12,ID,Idaho,RES,residential,878443,10.95,112.90465,1030.64833,number of customers,cents per kilowatt-hour,million dollars,million kilowatt hours
2024-12,ID,Idaho,TRA,transportation,0,0,0,0,number of customers,cents per kilowatt-hour,million dollars,million kilowatt hours
2024-12,IL,Illinois,ALL,all sectors,6053811,12.26,1404.59738,11456.07651,number of customers,cents per kilowatt-hour,million dollars,million kilowatt hours
2024-12,IL,Illinois,COM,commercial,642272,11.77,445.60867,3787.06451,number of customers,cents per kilowatt-hour,million dollars,million kilowatt hours
2024-12,IL,Illinois,IND,industrial,5902,9.05,343.512,3795.22054,number of customers,cents per kilowatt-hour,million dollars,million kilowatt hours
2024-12,IL,Illinois,OTH,other,,,,,number of customers,cents per kilowatt-hour,million dollars,million kilowatt hours
2024-12,IL,Illinois,RES,residential,5405634,15.96,612.79338,3840.10654,number of customers,cents per kilowatt-hour,million dollars,million kilowatt hours
2024-12,IL,Illinois,TRA,transportation,3,7.97,2.68332,33.68492,number of customers,cents per kilowatt-hour,million dollars,million kilowatt hours
2024-12,IN,Indiana,ALL,all sectors,3469358,11.32,958.34056,8462.90815,number of customers,cents per kilowatt-hour,million dollars,million kilowatt hours
2024-12,IN,Indiana,COM,commercial,376014,12.42,233.97119,1884.57836,number of customers,cents per kilowatt-hour,million dollars,million kilowatt hours
2024-12,IN,Indiana,IND,industrial,19369,7.99,274.82597,3440.37215,number of customers,cents per kilowatt-hour,million dollars,million kilowatt hours
2024-12,IN,Indiana,OTH,other,,,,,number of customers,cents per kilowatt-hour,million dollars,million kilowatt hours
2024-12,IN,Indiana,RES,residential,3073974,14.33,449.27401,3135.96867,number of customers,cents per kilowatt-hour,million dollars,million kilowatt hours
2024-12,IN,Indiana,TRA,transportation,1,13.54,.26939,1.98896,number of customers,cents per kilowatt-hour,million dollars,million kilowatt hours
2024-12,KS,Kansas,ALL,all sectors,1592666,10.88,356.6914,3279.05135,number of customers,cents per kilowatt-hour,million dollars,million kilowatt hours
2024-12,KS,Kansas,COM,commercial,245888,10.71,132.28021,1234.81367,number of customers,cents per kilowatt-hour,million dollars,million kilowatt hours
2024-12,KS,Kansas,IND,industrial,23557,7.67,72.07622,940.28235,number of customers,cents per kilowatt-hour,million dollars,million kilowatt hours
2024-12,KS,Kansas,OTH,other,,,,,number of customers,cents per kilowatt-hour,million dollars,million kilowatt hours
2024-12,KS,Kansas,RES,residential,1323221,13.8,152.33497,1103.95532,number of customers,cents per kilowatt-hour,million dollars,million kilowatt hours
2024-12,KS,Kansas,TRA,transportation,0,0,0,0,number of customers,cents per kilowatt-hour,million dollars,million kilowatt hours
2024-12,KY,Kentucky,ALL,all sectors,2420777,10.48,660.83511,6303.46684,number of customers,cents per kilowatt-hour,million dollars,million kilowatt hours
2024-12,KY,Kentucky,COM,commercial,328672,11.78,191.96354,1630.20096,number of customers,cents per kilowatt-hour,million dollars,million kilowatt hours
2024-12,KY,Kentucky,IND,industrial,4783,6.82,155.73701,2281.91571,number of customers,cents per kilowatt-hour,million dollars,million kilowatt hours
2024-12,KY,Kentucky,OTH,other,,,,,number of customers,cents per kilowatt-hour,million dollars,million kilowatt hours
2024-12,KY,Kentucky,RES,residential,2087322,13.09,313.13456,2391.35017,number of customers,cents per kilowatt-hour,million dollars,million kilowatt hours
2024-12,KY,Kentucky,TRA,transportation,0,0,0,0,number of customers,cents per kilowatt-hour,million dollars,million kilowatt hours
2024-12,LA,Louisiana,ALL,all sectors,2473643,8.48,646.02328,7619.18226,number of customers,cents per kilowatt-hour,million dollars,million kilowatt hours
2024-12,LA,Louisiana,COM,commercial,301137,10.74,190.86883,1777.45155,number of customers,cents per kilowatt-hour,million dollars,million kilowatt hours
2024-12,LA,Louisiana,IND,industrial,17883,5.3,190.99723,3604.28474,number of customers,cents per kilowatt-hour,million dollars,million kilowatt hours
2024-12,LA,Louisiana,OTH,other,,,,,number of customers,cents per kilowatt-hour,million dollars,million kilowatt hours
2024-12,LA,Louisiana,RES,residential,2154622,11.81,264.07425,2236.69879,number of customers,cents per kilowatt-hour,million dollars,million kilowatt hours
2024-12,LA,Louisiana,TRA,transportation,1,11.11,.08298,.74718,number of customers,cents per kilowatt-hour,million dollars,million kilowatt hours
2024-12,MA,Massachusetts,ALL,all sectors,3481913,25.52,1096.18125,4295.16873,number of customers,cents per kilowatt-hour,million dollars,million kilowatt hours
2024-12,MA,Massachusetts,COM,commercial,435811,22.41,451.69838,2015.85922,number of customers,cents per kilowatt-hour,million dollars,million kilowatt hours
2024-12,MA,Massachusetts,IND,industrial,10279,19.12,95.30496,498.56882,number of customers,cents per kilowatt-hour,million dollars,million kilowatt hours
2024-12,MA,Massachusetts,OTH,other,,,,,number of customers,cents per kilowatt-hour,million dollars,million kilowatt hours
2024-12,MA,Massachusetts,RES,residential,3035821,31.17,546.44082,1753.01386,number of customers,cents per kilowatt-hour,million dollars,million kilowatt hours
2024-12,MA,Massachusetts,TRA,transportation,2,9.87,2.73709,27.72683,number of customers,cents per kilowatt-hour,million dollars,million kilowatt hours
2024-12,MAT,Middle Atlantic,ALL,all sectors,19227178,16.27,4994.36577,30690.56139,number of customers,cents per kilowatt-hour,million dollars,million kilowatt hours
2024-12,MAT,Middle Atlantic,COM,commercial,2449196,15.65,1989.96125,12711.5132,number of customers,cents per kilowatt-hour,million dollars,million kilowatt hours
2024-12,MAT,Middle Atlantic,IND,industrial,39143,8.8,492.83412,5601.25089,number of customers,cents per kilowatt-hour,million dollars,million kilowatt hours
2024-12,MAT,Middle Atlantic,OTH,other,,,,,number of customers,cents per kilowatt-hour,million dollars,million kilowatt hours
2024-12,MAT,Middle Atlantic,RES,residential,16738821,20.43,2464.28215,12059.95955,number of customers,cents per kilowatt-hour,million dollars,million kilowatt hours
2024-12,MAT,Middle Atlantic,TRA,transportation,18,14.88,47.28826,317.83775,number of customers,cents per kilowatt-hour,million dollars,million kilowatt hours
2024-12,MD,Maryland,ALL,all sectors,2731365,15.65,872.28424,5574.6513,number of customers,cents per kilowatt-hour,million dollars,million kilowatt hours
2024-12,MD,Maryland,COM,commercial,261683,13.51,330.03669,2443.35953,number of customers,cents per kilowatt-hour,million dollars,million kilowatt hours
2024-12,MD,Maryland,IND,industrial,9293,10.69,32.4766,303.94451,number of customers,cents per kilowatt-hour,million dollars,million kilowatt hours
2024-12,MD,Maryland,OTH,other,,,,,number of customers,cents per kilowatt-hour,million dollars,million kilowatt hours
2024-12,MD,Maryland,RES,residential,2460384,18.13,504.92098,2785.54243,number of customers,cents per kilowatt-hour,million dollars,million kilowatt hours
2024-12,MD,Maryland,TRA,transportation,5,11.6,4.84997,41.80483,number of customers,cents per kilowatt-hour,million dollars,million kilowatt hours
2024-12,ME,Maine,ALL,all sectors,856242,21.37,194.56501,910.54452,number of customers,cents per kilowatt-hour,million dollars,million kilowatt hours
2024-12,ME,Maine,COM,commercial,113064,19.41,62.70828,323.04052,number of customers,cents per kilowatt-hour,million dollars,million kilowatt hours
2024-12,ME,Maine,IND,industrial,1852,14.46,27.24746,188.45515,number of customers,cents per kilowatt-hour,million dollars,million kilowatt hours
2024-12,ME,Maine,OTH,other,,,,,number of customers,cents per kilowatt-hour,million dollars,million kilowatt hours
2024-12,ME,Maine,RES,residential,741326,26.21,104.60927,399.04885,number of customers,cents per kilowatt-hour,million dollars,million kilowatt hours
2024-12,ME,Maine,TRA,transportation,0,0,0,0,number of customers,cents per kilowatt-hour,million dollars,million kilowatt hours
2024-12,MI,Michigan,ALL,all sectors,5102114,13.9,1141.87648,8216.34272,number of customers,cents per kilowatt-hour,million dollars,million kilowatt hours
2024-12,MI,Michigan,COM,commercial,566527,13.77,408.8994,2968.60721,number of customers,cents per kilowatt-hour,million dollars,million kilowatt hours
2024-12,MI,Michigan,IND,industrial,5771,7.88,174.70663,2217.47675,number of customers,cents per kilowatt-hour,million dollars,million kilowatt hours
2024-12,MI,Michigan,OTH,other,,,,,number of customers,cents per kilowatt-hour,million dollars,million kilowatt hours
2024-12,MI,Michigan,RES,residential,4529814,18.42,558.21971,3029.88388,number of customers,cents per kilowatt-hour,million dollars,million kilowatt hours
2024-12,MI,Michigan,TRA,transportation,2,13.54,.05074,.37489,number of customers,cents per kilowatt-hour,million dollars,million kilowatt hours
2024-12,MN,Minnesota,ALL,all sectors,2912967,11.42,657.80997,5757.98974,number of customers,cents per kilowatt-hour,million dollars,million kilowatt hours
2024-12,MN,Minnesota,COM,commercial,308970,10.93,210.83909,1929.08398,number of customers,cents per kilowatt-hour,million dollars,million kilowatt hours
2024-12,MN,Minnesota,IND,industrial,9559,8.56,143.48376,1675.4743,number of customers,cents per kilowatt-hour,million dollars,million kilowatt hours
2024-12,MN,Minnesota,OTH,other,,,,,number of customers,cents per kilowatt-hour,million dollars,million kilowatt hours
2024-12,MN,Minnesota,RES,residential,2594437,14.1,303.32726,2151.91525,number of customers,cents per kilowatt-hour,million dollars,million kilowatt hours
2024-12,MN,Minnesota,TRA,transportation,1,10.54,.15987,1.51622,number of customers,cents per kilowatt-hour,million dollars,million kilowatt hours
2024-12,MO,Missouri,ALL,all sectors,3380958,10.16,683.79668,6727.64164,number of customers,cents per kilowatt-hour,million dollars,million kilowatt hours
2024-12,MO,Missouri,COM,commercial,405447,9.42,228.80173,2429.38562,number of customers,cents per kilowatt-hour,million dollars,million kilowatt hours
2024-12,MO,Missouri,IND,industrial,9387,7.54,78.74203,1044.73984,number of customers,cents per kilowatt-hour,million dollars,million kilowatt hours
2024-12,MO,Missouri,OTH,other,,,,,number of customers,cents per kilowatt-hour,million dollars,million kilowatt hours
2024-12,MO,Missouri,RES,residential,2966122,11.57,376.06905,3251.30087,number of customers,cents per kilowatt-hour,million dollars,million kilowatt hours
2024-12,MO,Missouri,TRA,transportation,2,8.3,.18387,2.21531,number of customers,cents per kilowatt-hour,million dollars,million kilowatt hours
2024-12,MS,Mississippi,ALL,all sectors,1605452,10.96,412.11168,3761.5686,number of customers,cents per kilowatt-hour,million dollars,million kilowatt hours
2024-12,MS,Mississippi,COM,commercial,246457,12.48,129.86176,1040.19297,number of customers,cents per kilowatt-hour,million dollars,million kilowatt hours
2024-12,MS,Mississippi,IND,industrial,12234,6.92,90.58765,1308.71482,number of customers,cents per kilowatt-hour,million dollars,million kilowatt hours
2024-12,MS,Mississippi,OTH,other,,,,,number of customers,cents per kilowatt-hour,million dollars,million kilowatt hours
2024-12,MS,Mississippi,RES,residential,1346761,13.57,191.66228,1412.66081,number of customers,cents per kilowatt-hour,million dollars,million kilowatt hours
2024-12,MS,Mississippi,TRA,transportation,0,0,0,0,number of customers,cents per kilowatt-hour,million dollars,million kilowatt hours
2024-12,MT,Montana,ALL,all sectors,713679,10.51,145.98624,1389.5375,number of customers,cents per kilowatt-hour,million dollars,million kilowatt hours
2024-12,MT,Montana,COM,commercial,141129,11,47.66884,433.18831,number of customers,cents per kilowatt-hour,million dollars,million kilowatt hours
2024-12,MT,Montana,IND,industrial,10592,7.7,28.15141,365.57027,number of customers,cents per kilowatt-hour,million dollars,million kilowatt hours
2024-12,MT,Montana,OTH,other,,,,,number of customers,cents per kilowatt-hour,million dollars,million kilowatt hours
2024-12,MT,Montana,RES,residential,561958,11.88,70.16599,590.77892,number of customers,cents per kilowatt-hour,million dollars,million kilowatt hours
2024-12,MT,Montana,TRA,transportation,0,0,0,0,number of customers,cents per kilowatt-hour,million dollars,million kilowatt hours
2024-12,MTN,Mountain,ALL,all sectors,12684663,10.72,2589.17271,24152.25106,number of customers,cents per kilowatt-hour,million dollars,million kilowatt hours
2024-12,MTN,Mountain,COM,commercial,1557785,10.47,925.88776,8839.96363,number of customers,cents per kilowatt-hour,million dollars,million kilowatt hours
2024-12,MTN,Mountain,IND,industrial,99008,7.2,496.04301,6887.7681,number of customers,cents per kilowatt-hour,million dollars,million kilowatt hours
2024-12,MTN,Mountain,OTH,other,,,,,number of customers,cents per kilowatt-hour,million dollars,million kilowatt hours
2024-12,MTN,Mountain,RES,residential,11027865,13.86,1165.95169,8412.03145,number of customers,cents per kilowatt-hour,million dollars,million kilowatt hours
2024-12,MTN,Mountain,TRA,transportation,5,10.33,1.29025,12.48788,number of customers,cents per kilowatt-hour,million dollars,million kilowatt hours
2024-12,NC,North Carolina,ALL,all sectors,5880289,11.67,1366.45518,11713.43411,number of customers,cents per kilowatt-hour,million dollars,million kilowatt hours
2024-12,NC,North Carolina,COM,commercial,751269,10.92,417.4251,3821.55919,number of customers,cents per kilowatt-hour,million dollars,million kilowatt hours
2024-12,NC,North Carolina,IND,industrial,8812,7.81,160.77855,2058.78624,number of customers,cents per kilowatt-hour,million dollars,million kilowatt hours
2024-12,NC,North Carolina,OTH,other,,,,,number of customers,cents per kilowatt-hour,million dollars,million kilowatt hours
2024-12,NC,North Carolina,RES,residential,5120207,13.51,788.14117,5832.11596,number of customers,cents per kilowatt-hour,million dollars,million kilowatt hours
2024-12,NC,North Carolina,TRA,transportation,1,11.35,.11035,.97271,number of customers,cents per kilowatt-hour,million dollars,million kilowatt hours
2024-12,ND,North Dakota,ALL,all sectors,487783,7.77,214.5403,2761.6314,number of customers,cents per kilowatt-hour,million dollars,million kilowatt hours
2024-12,ND,North Dakota,COM,commercial,77494,7.17,73.42206,1023.78458,number of customers,cents per kilowatt-hour,million dollars,million kilowatt hours
2024-12,ND,North Dakota,IND,industrial,10981,7.09,82.78066,1167.35683,number of customers,cents per kilowatt-hour,million dollars,million kilowatt hours
2024-12,ND,North Dakota,OTH,other,,,,,number of customers,cents per kilowatt-hour,million dollars,million kilowatt hours
2024-12,ND,North Dakota,RES,residential,399308,10.23,58.33758,570.48999,number of customers,cents per kilowatt-hour,million dollars,million kilowatt hours
2024-12,ND,North Dakota,TRA,transportation,0,0,0,0,number of customers,cents per kilowatt-hour,million dollars,million kilowatt hours
2024-12,NE,Nebraska,ALL,all sectors,1140970,8.57,265.49732,3099.00088,number of customers,cents per kilowatt-hour,million dollars,million kilowatt hours
2024-12,NE,Nebraska,COM,commercial,161708,7.86,88.98585,1132.52009,number of customers,cents per kilowatt-hour,million dollars,million kilowatt hours
2024-12,NE,Nebraska,IND,industrial,66945,7.29,70.02892,960.22709,number of customers,cents per kilowatt-hour,million dollars,million kilowatt hours
2024-12,NE,Nebraska,OTH,other,,,,,number of customers,cents per kilowatt-hour,million dollars,million kilowatt hours
2024-12,NE,Nebraska,RES,residential,912317,10.58,106.48256,1006.2537,number of customers,cents per kilowatt-hour,million dollars,million kilowatt hours
2024-12,NE,Nebraska,TRA,transportation,0,0,0,0,number of customers,cents per kilowatt-hour,million dollars,million kilowatt hours
2024-12,NEW,New England,ALL,all sectors,7751233,24.28,2340.95802,9642.59747,number of customers,cents per kilowatt-hour,million dollars,million kilowatt hours
2024-12,NEW,New England,COM,commercial,949068,22.1,896.13797,4054.13463,number of customers,cents per kilowatt-hour,million dollars,million kilowatt hours
2024-12,NEW,New England,IND,industrial,21002,17.58,208.51878,1186.2545,number of customers,cents per kilowatt-hour,million dollars,million kilowatt hours
2024-12,NEW,New England,OTH,other,,,,,number of customers,cents per kilowatt-hour,million dollars,million kilowatt hours
2024-12,NEW,New England,RES,residential,6781157,28.23,1230.25983,4357.84409,number of customers,cents per kilowatt-hour,million dollars,million kilowatt hours
2024-12,NEW,New England,TRA,transportation,6,13.62,6.04144,44.36425,number of customers,cents per kilowatt-hour,million dollars,million kilowatt hours
2024-12,NH,New Hampshire,ALL,all sectors,770535,21.26,203.70515,958.08428,number of customers,cents per kilowatt-hour,million dollars,million kilowatt hours
2024-12,NH,New Hampshire,COM,commercial,112803,19.85,68.61704,345.69961,number of customers,cents per kilowatt-hour,million dollars,million kilowatt hours
2024-12,NH,New Hampshire,IND,industrial,3109,17.01,25.32979,148.94575,number of customers,cents per kilowatt-hour,million dollars,million kilowatt hours
2024-12,NH,New Hampshire,OTH,other,,,,,number of customers,cents per kilowatt-hour,million dollars,million kilowatt hours
2024-12,NH,New Hampshire,RES,residential,654623,23.68,109.75833,463.43892,number of customers,cents per kilowatt-hour,million dollars,million kilowatt hours
2024-12,NH,New Hampshire,TRA,transportation,0,0,0,0,number of customers,cents per kilowatt-hour,million dollars,million kilowatt hours
2024-12,NJ,New Jersey,ALL,all sectors,4304433,16.2,1011.61853,6243.15006,number of customers,cents per kilowatt-hour,million dollars,million kilowatt hours
2024-12,NJ,New Jersey,COM,commercial,540306,14.59,484.07743,3318.67915,number of customers,cents per kilowatt-hour,million dollars,million kilowatt hours
2024-12,NJ,New Jersey,IND,industrial,11161,12.55,68.79804,548.29708,number of customers,cents per kilowatt-hour,million dollars,million kilowatt hours
2024-12,NJ,New Jersey,OTH,other,,,,,number of customers,cents per kilowatt-hour,million dollars,million kilowatt hours
2024-12,NJ,New Jersey,RES,residential,3752959,19.41,454.94775,2343.38073,number of customers,cents per kilowatt-hour,million dollars,million kilowatt hours
2024-12,NJ,New Jersey,TRA,transportation,7,11.57,3.79531,32.7931,number of customers,cents per kilowatt-hour,million dollars,million kilowatt hours
2024-12,NM,New Mexico,ALL,all sectors,1097954,8.95,228.22312,2551.3723,number of customers,cents per kilowatt-hour,million dollars,million kilowatt hours
2024-12,NM,New Mexico,COM,commercial,147842,10.36,76.9629,743.15527,number of customers,cents per kilowatt-hour,million dollars,million kilowatt hours
2024-12,NM,New Mexico,IND,industrial,9269,5.59,68.80223,1231.65861,number of customers,cents per kilowatt-hour,million dollars,million kilowatt hours
2024-12,NM,New Mexico,OTH,other,,,,,number of customers,cents per kilowatt-hour,million dollars,million kilowatt hours
2024-12,NM,New Mexico,RES,residential,940843,14.3,82.45799,576.55842,number of customers,cents per kilowatt-hour,million dollars,million kilowatt hours
2024-12,NM,New Mexico,TRA,transportation,0,0,0,0,number of customers,cents per kilowatt-hour,million dollars,million kilowatt hours
2024-12,NV,Nevada,ALL,all sectors,1508538,10.41,301.38222,2895.39883,number of customers,cents per kilowatt-hour,million dollars,million kilowatt hours
2024-12,NV,Nevada,COM,commercial,180068,9.5,102.09875,1075.28984,number of customers,cents per kilowatt-hour,million dollars,million kilowatt hours
2024-12,NV,Nevada,IND,industrial,4635,6.92,62.01335,896.78493,number of customers,cents per kilowatt-hour,million dollars,million kilowatt hours
2024-12,NV,Nevada,OTH,other,,,,,number of customers,cents per kilowatt-hour,million dollars,million kilowatt hours
2024-12,NV,Nevada,RES,residential,1323834,14.87,137.21861,922.74487,number of customers,cents per kilowatt-hour,million dollars,million kilowatt hours
2024-12,NV,Nevada,TRA,transportation,1,8.89,.05151,.57919,number of customers,cents per kilowatt-hour,million dollars,million kilowatt hours
2024-12,NY,New York,ALL,all sectors,8627482,19.81,2380.87866,12016.26925,number of customers,cents per kilowatt-hour,million dollars,million kilowatt hours
2024-12,NY,New York,COM,commercial,1166643,18.72,1134.68376,6059.89117,number of customers,cents per kilowatt-hour,million dollars,million kilowatt hours
2024-12,NY,New York,IND,industrial,16397,9.81,126.1817,1285.6792,number of customers,cents per kilowatt-hour,million dollars,million kilowatt hours
2024-12,NY,New York,OTH,other,,,,,number of customers,cents per kilowatt-hour,million dollars,million kilowatt hours
2024-12,NY,New York,RES,residential,7444436,24.41,1079.43306,4421.23906,number of customers,cents per kilowatt-hour,million dollars,million kilowatt hours
2024-12,NY,New York,TRA,transportation,6,16.27,40.58014,249.45982,number of customers,cents per kilowatt-hour,million dollars,million kilowatt hours
2024-12,OH,Ohio,ALL,all sectors,5803646,11.56,1517.34923,13123.59469,number of customers,cents per kilowatt-hour,million dollars,million kilowatt hours
2024-12,OH,Ohio,COM,commercial,628062,10.62,447.23204,4211.86089,number of customers,cents per kilowatt-hour,million dollars,million kilowatt hours
2024-12,OH,Ohio,IND,industrial,18106,7.41,302.12004,4074.785,number of customers,cents per kilowatt-hour,million dollars,million kilowatt hours
2024-12,OH,Ohio,OTH,other,,,,,number of customers,cents per kilowatt-hour,million dollars,million kilowatt hours
2024-12,OH,Ohio,RES,residential,5157476,15.88,767.69927,4833.57306,number of customers,cents per kilowatt-hour,million dollars,million kilowatt hours
2024-12,OH,Ohio,TRA,transportation,2,8.82,.29788,3.37575,number of customers,cents per kilowatt-hour,million dollars,million kilowatt hours
2024-12,OK,Oklahoma,ALL,all sectors,2210673,8.62,495.81805,5750.96838,number of customers,cents per kilowatt-hour,million dollars,million kilowatt hours
2024-12,OK,Oklahoma,COM,commercial,299862,8.45,170.54803,2018.61342,number of customers,cents per kilowatt-hour,million dollars,million kilowatt hours
2024-12,OK,Oklahoma,IND,industrial,19705,5.7,105.4846,1849.17056,number of customers,cents per kilowatt-hour,million dollars,million kilowatt hours
2024-12,OK,Oklahoma,OTH,other,,,,,number of customers,cents per kilowatt-hour,million dollars,million kilowatt hours
2024-12,OK,Oklahoma,RES,residential,1891106,11.67,219.78542,1883.1844,number of customers,cents per kilowatt-hour,million dollars,million kilowatt hours
2024-12,OK,Oklahoma,TRA,transportation,0,0,0,0,number of customers,cents per kilowatt-hour,million dollars,million kilowatt hours
2024-12,OR,Oregon,ALL,all sectors,2155397,11.05,613.19942,5547.35622,number of customers,cents per kilowatt-hour,million dollars,million kilowatt hours
2024-12,OR,Oregon,COM,commercial,248520,9.92,213.8497,2156.73226,number of customers,cents per kilowatt-hour,million dollars,million kilowatt hours
2024-12,OR,Oregon,IND,industrial,26717,7.8,99.94875,1280.81442,number of customers,cents per kilowatt-hour,million dollars,million kilowatt hours
2024-12,OR,Oregon,OTH,other,,,,,number of customers,cents per kilowatt-hour,million dollars,million kilowatt hours
2024-12,OR,Oregon,RES,residential,1880158,14.19,299.16632,2107.90431,number of customers,cents per kilowatt-hour,million dollars,million kilowatt hours
2024-12,OR,Oregon,TRA,transportation,2,12.32,.23465,1.90523,number of customers,cents per kilowatt-hour,million dollars,million kilowatt hours
2024-12,PA,Pennsylvania,ALL,all sectors,6295263,12.89,1601.86858,12431.14208,number of customers,cents per kilowatt-hour,million dollars,million kilowatt hours
2024-12,PA,Pennsylvania,COM,commercial,742247,11.14,371.20007,3332.94289,number of customers,cents per kilowatt-hour,million dollars,million kilowatt hours
2024-12,PA,Pennsylvania,IND,industrial,11585,7.91,297.85437,3767.27462,number of customers,cents per kilowatt-hour,million dollars,million kilowatt hours
2024-12,PA,Pennsylvania,OTH,other,,,,,number of customers,cents per kilowatt-hour,million dollars,million kilowatt hours
2024-12,PA,Pennsylvania,RES,residential,5541426,17.56,929.90134,5295.33976,number of customers,cents per kilowatt-hour,million dollars,million kilowatt hours
2024-12,PA,Pennsylvania,TRA,transportation,5,8.19,2.9128,35.58483,number of customers,cents per kilowatt-hour,million dollars,million kilowatt hours
2024-12,PACC,Pacific Contiguous,ALL,all sectors,22369378,19.1,6562.1069,34360.21712,number of customers,cents per kilowatt-hour,million dollars,million kilowatt hours
2024-12,PACC,Pacific Contiguous,COM,commercial,2451309,18.53,2719.98516,14680.10803,number of customers,cents per kilowatt-hour,million dollars,million kilowatt hours
2024-12,PACC,Pacific Contiguous,IND,industrial,202215,13.96,874.87089,6268.45296,number of customers,cents per kilowatt-hour,million dollars,million kilowatt hours
2024-12,PACC,Pacific Contiguous,OTH,other,,,,,number of customers,cents per kilowatt-hour,million dollars,million kilowatt hours
2024-12,PACC,Pacific Contiguous,RES,residential,19715834,22.16,2956.19599,13343.09644,number of customers,cents per kilowatt-hour,million dollars,million kilowatt hours
2024-12,PACC,Pacific Contiguous,TRA,transportation,20,16.12,11.05485,68.55969,number of customers,cents per kilowatt-hour,million dollars,million kilowatt hours
2024-12,PACN,Pacific Noncontiguous,ALL,all sectors,865731,30.28,400.96358,1324.18762,number of customers,cents per kilowatt-hour,million dollars,million kilowatt hours
2024-12,PACN,Pacific Noncontiguous,COM,commercial,116867,29.08,136.84657,470.54373,number of customers,cents per kilowatt-hour,million dollars,million kilowatt hours
2024-12,PACN,Pacific Noncontiguous,IND,industrial,2039,28.45,118.75374,417.40232,number of customers,cents per kilowatt-hour,million dollars,million kilowatt hours
2024-12,PACN,Pacific Noncontiguous,OTH,other,,,,,number of customers,cents per kilowatt-hour,million dollars,million kilowatt hours
2024-12,PACN,Pacific Noncontiguous,RES,residential,746825,33.32,145.36328,436.24157,number of customers,cents per kilowatt-hour,million dollars,million kilowatt hours
2024-12,PACN,Pacific Noncontiguous,TRA,transportation,0,0,0,0,number of customers,cents per kilowatt-hour,million dollars,million kilowatt hours
2024-12,RI,Rhode Island,ALL,all sectors,530163,24.08,129.96666,539.72046,number of customers,cents per kilowatt-hour,million dollars,million kilowatt hours
2024-12,RI,Rhode Island,COM,commercial,66686,23.46,58.33346,248.63496,number of customers,cents per kilowatt-hour,million dollars,million kilowatt hours
2024-12,RI,Rhode Island,IND,industrial,1718,20.41,9.23833,45.25985,number of customers,cents per kilowatt-hour,million dollars,million kilowatt hours
2024-12,RI,Rhode Island,OTH,other,,,,,number of customers,cents per kilowatt-hour,million dollars,million kilowatt hours
2024-12,RI,Rhode Island,RES,residential,461758,25.4,62.00744,244.1256,number of customers,cents per kilowatt-hour,million dollars,million kilowatt hours
2024-12,RI,Rhode Island,TRA,transportation,1,22.79,.38743,1.70005,number of customers,cents per kilowatt-hour,million dollars,million kilowatt hours
2024-12,SAT,South Atlantic,ALL,all sectors,35070968,12.01,8649.61981,72047.04835,number of customers,cents per kilowatt-hour,million dollars,million kilowatt hours
2024-12,SAT,South Atlantic,COM,commercial,4052929,10.94,3074.32049,28109.78433,number of customers,cents per kilowatt-hour,million dollars,million kilowatt hours
2024-12,SAT,South Atlantic,IND,industrial,87543,7.67,838.82784,10942.94341,number of customers,cents per kilowatt-hour,million dollars,million kilowatt hours
2024-12,SAT,South Atlantic,OTH,other,,,,,number of customers,cents per kilowatt-hour,million dollars,million kilowatt hours
2024-12,SAT,South Atlantic,RES,residential,30930483,14.37,4725.03276,32877.74163,number of customers,cents per kilowatt-hour,million dollars,million kilowatt hours
2024-12,SAT,South Atlantic,TRA,transportation,13,9.81,11.43873,116.57898,number of customers,cents per kilowatt-hour,million dollars,million kilowatt hours
2024-12,SC,South Carolina,ALL,all sectors,3024042,10.86,764.77775,7039.35429,number of customers,cents per kilowatt-hour,million dollars,million kilowatt hours
2024-12,SC,South Carolina,COM,commercial,415519,10.69,221.93595,2076.57363,number of customers,cents per kilowatt-hour,million dollars,million kilowatt hours
2024-12,SC,South Carolina,IND,industrial,3549,6.6,134.46737,2036.10496,number of customers,cents per kilowatt-hour,million dollars,million kilowatt hours
2024-12,SC,South Carolina,OTH,other,,,,,number of customers,cents per kilowatt-hour,million dollars,million kilowatt hours
2024-12,SC,South Carolina,RES,residential,2604974,13.95,408.37443,2926.67571,number of customers,cents per kilowatt-hour,million dollars,million kilowatt hours
2024-12,SC,South Carolina,TRA,transportation,0,0,0,0,number of customers,cents per kilowatt-hour,million dollars,million kilowatt hours
2024-12,SD,South Dakota,ALL,all sectors,520186,10.82,131.99434,1219.92093,number of customers,cents per kilowatt-hour,million dollars,million kilowatt hours
2024-12,SD,South Dakota,COM,commercial,78381,10.56,45.97373,435.26085,number of customers,cents per kilowatt-hour,million dollars,million kilowatt hours
2024-12,SD,South Dakota,IND,industrial,4365,8.4,22.17033,264.07725,number of customers,cents per kilowatt-hour,million dollars,million kilowatt hours
2024-12,SD,South Dakota,OTH,other,,,,,number of customers,cents per kilowatt-hour,million dollars,million kilowatt hours
2024-12,SD,South Dakota,RES,residential,437440,12.27,63.85028,520.58283,number of customers,cents per kilowatt-hour,million dollars,million kilowatt hours
2024-12,SD,South Dakota,TRA,transportation,0,0,0,0,number of customers,cents per kilowatt-hour,million dollars,million kilowatt hours
2024-12,TN,Tennessee,ALL,all sectors,3733638,11.41,961.18249,8426.16238,number of customers,cents per kilowatt-hour,million dollars,million kilowatt hours
2024-12,TN,Tennessee,COM,commercial,545413,12.64,348.22329,2753.87773,number of customers,cents per kilowatt-hour,million dollars,million kilowatt hours
2024-12,TN,Tennessee,IND,industrial,1012,6.61,125.75091,1902.79399,number of customers,cents per kilowatt-hour,million dollars,million kilowatt hours
2024-12,TN,Tennessee,OTH,other,,,,,number of customers,cents per kilowatt-hour,million dollars,million kilowatt hours
2024-12,TN,Tennessee,RES,residential,3187213,12.93,487.20829,3769.49067,number of customers,cents per kilowatt-hour,million dollars,million kilowatt hours
2024-12,TN,Tennessee,TRA,transportation,0,0,0,0,number of customers,cents per kilowatt-hour,million dollars,million kilowatt hours
2024-12,TX,Texas,ALL,all sectors,14597449,9.62,3667.23773,38122.95069,number of customers,cents per kilowatt-hour,million dollars,million kilowatt hours
2024-12,TX,Texas,COM,commercial,1547661,8.52,1052.83272,12360.32275,number of customers,cents per kilowatt-hour,million dollars,million kilowatt hours
2024-12,TX,Texas,IND,industrial,391191,6.23,914.86938,14694.20426,number of customers,cents per kilowatt-hour,million dollars,million kilowatt hours
2024-12,TX,Texas,OTH,other,,,,,number of customers,cents per kilowatt-hour,million dollars,million kilowatt hours
2024-12,TX,Texas,RES,residential,12658594,15.36,1699.50026,11067.5171,number of customers,cents per kilowatt-hour,million dollars,million kilowatt hours
2024-12,TX,Texas,TRA,transportation,3,3.9,.03537,.90658,number of customers,cents per kilowatt-hour,million dollars,million kilowatt hours
2024-12,US,U.S. Total,ALL,all sectors,164975906,12.82,42078.91627,328187.69582,number of customers,cents per kilowatt-hour,million dollars,million kilowatt hours
2024-12,US,U.S. Total,COM,commercial,19558768,12.64,14813.32344,117151.94094,number of customers,cents per kilowatt-hour,million dollars,million kilowatt hours
2024-12,US,U.S. Total,IND,industrial,1130411,7.96,6762.65931,84927.23808,number of customers,cents per kilowatt-hour,million dollars,million kilowatt hours
2024-12,US,U.S. Total,OTH,other,,,,,number of customers,cents per kilowatt-hour,million dollars,million kilowatt hours
2024-12,US,U.S. Total,RES,residential,144286646,16.27,20422.02791,125503.72372,number of customers,cents per kilowatt-hour,million dollars,million kilowatt hours
2024-12,US,U.S. Total,TRA,transportation,81,13.38,80.9056,604.79308,number of customers,cents per kilowatt-hour,million dollars,million kilowatt hours
2024-12,UT,Utah,ALL,all sectors,1443972,9.79,273.50649,2793.5689,number of customers,cents per kilowatt-hour,million dollars,million kilowatt hours
2024-12,UT,Utah,COM,commercial,147072,9.05,104.09542,1150.02572,number of customers,cents per kilowatt-hour,million dollars,million kilowatt hours
2024-12,UT,Utah,IND,industrial,10740,7.64,53.20794,696.16528,number of customers,cents per kilowatt-hour,million dollars,million kilowatt hours
2024-12,UT,Utah,OTH,other,,,,,number of customers,cents per kilowatt-hour,million dollars,million kilowatt hours
2024-12,UT,Utah,RES,residential,1286159,12.27,115.67606,943.03502,number of customers,cents per kilowatt-hour,million dollars,million kilowatt hours
2024-12,UT,Utah,TRA,transportation,1,12.14,.52706,4.34287,number of customers,cents per kilowatt-hour,million dollars,million kilowatt hours
2024-12,VA,Virginia,ALL,all sectors,4126102,10.94,1333.68886,12186.84063,number of customers,cents per kilowatt-hour,million dollars,million kilowatt hours
2024-12,VA,Virginia,COM,commercial,446416,8.86,570.68337,6441.32462,number of customers,cents per kilowatt-hour,million dollars,million kilowatt hours
2024-12,VA,Virginia,IND,industrial,3896,8.84,97.73278,1105.88487,number of customers,cents per kilowatt-hour,million dollars,million kilowatt hours
2024-12,VA,Virginia,OTH,other,,,,,number of customers,cents per kilowatt-hour,million dollars,million kilowatt hours
2024-12,VA,Virginia,RES,residential,3675789,14.37,662.95177,4614.36007,number of customers,cents per kilowatt-hour,million dollars,million kilowatt hours
2024-12,VA,Virginia,TRA,transportation,1,9.18,2.32094,25.27108,number of customers,cents per kilowatt-hour,million dollars,million kilowatt hours
2024-12,VT,Vermont,ALL,all sectors,388461,19,95.99601,505.20866,number of customers,cents per kilowatt-hour,million dollars,million kilowatt hours
2024-12,VT,Vermont,COM,commercial,63983,19.58,32.3888,165.42078,number of customers,cents per kilowatt-hour,million dollars,million kilowatt hours
2024-12,VT,Vermont,IND,industrial,239,11.98,13.47378,112.44807,number of customers,cents per kilowatt-hour,million dollars,million kilowatt hours
2024-12,VT,Vermont,OTH,other,,,,,number of customers,cents per kilowatt-hour,million dollars,million kilowatt hours
2024-12,VT,Vermont,RES,residential,324239,22.05,50.13344,227.33982,number of customers,cents per kilowatt-hour,million dollars,million kilowatt hours
2024-12,VT,Vermont,TRA,transportation,0,0,0,0,number of customers,cents per kilowatt-hour,million dollars,million kilowatt hours
2024-12,WA,Washington,ALL,all sectors,3816136,10.21,882.86661,8643.9687,number of customers,cents per kilowatt-hour,million dollars,million kilowatt hours
2024-12,WA,Washington,COM,commercial,403825,9.84,293.68891,2983.51153,number of customers,cents per kilowatt-hour,million dollars,million kilowatt hours
2024-12,WA,Washington,IND,industrial,26366,6.35,93.97154,1479.56088,number of customers,cents per kilowatt-hour,million dollars,million kilowatt hours
2024-12,WA,Washington,OTH,other,,,,,number of customers,cents per kilowatt-hour,million dollars,million kilowatt hours
2024-12,WA,Washington,RES,residential,3385940,11.85,494.16139,4171.85439,number of customers,cents per kilowatt-hour,million dollars,million kilowatt hours
2024-12,WA,Washington,TRA,transportation,5,11.55,1.04477,9.0419,number of customers,cents per kilowatt-hour,million dollars,million kilowatt hours
2024-12,WI,Wisconsin,ALL,all sectors,3240028,12.14,716.84615,5906.28704,number of customers,cents per kilowatt-hour,million dollars,million kilowatt hours
2024-12,WI,Wisconsin,COM,commercial,370959,11.67,228.24189,1956.59095,number of customers,cents per kilowatt-hour,million dollars,million kilowatt hours
2024-12,WI,Wisconsin,IND,industrial,5884,7.92,145.82653,1842.22804,number of customers,cents per kilowatt-hour,million dollars,million kilowatt hours
2024-12,WI,Wisconsin,OTH,other,,,,,number of customers,cents per kilowatt-hour,million dollars,million kilowatt hours
2024-12,WI,Wisconsin,RES,residential,2863183,16.26,342.75138,2107.33172,number of customers,cents per kilowatt-hour,million dollars,million kilowatt hours
2024-12,WI,Wisconsin,TRA,transportation,2,19.34,.02637,.13633,number of customers,cents per kilowatt-hour,million dollars,million kilowatt hours
2024-12,WNC,West North Central,ALL,all sectors,11753152,9.89,2739.93805,27710.21454,number of customers,cents per kilowatt-hour,million dollars,million kilowatt hours
2024-12,WNC,West North Central,COM,commercial,1529925,9.6,891.75402,9289.57851,number of customers,cents per kilowatt-hour,million dollars,million kilowatt hours
2024-12,WNC,West North Central,IND,industrial,134387,7.31,614.12648,8403.87455,number of customers,cents per kilowatt-hour,million dollars,million kilowatt hours
2024-12,WNC,West North Central,OTH,other,,,,,number of customers,cents per kilowatt-hour,million dollars,million kilowatt hours
2024-12,WNC,West North Central,RES,residential,10088837,12.32,1233.71382,10013.02995,number of customers,cents per kilowatt-hour,million dollars,million kilowatt hours
2024-12,WNC,West North Central,TRA,transportation,3,9.21,.34374,3.73153,number of customers,cents per kilowatt-hour,million dollars,million kilowatt hours
2024-12,WSC,West South Central,ALL,all sectors,21012639,9.33,5176.95047,55464.67964,number of customers,cents per kilowatt-hour,million dollars,million kilowatt hours
2024-12,WSC,West South Central,COM,commercial,2356570,8.82,1501.50036,17016.85542,number of customers,cents per kilowatt-hour,million dollars,million kilowatt hours
2024-12,WSC,West South Central,IND,industrial,464805,6.05,1315.51507,21759.93482,number of customers,cents per kilowatt-hour,million dollars,million kilowatt hours
2024-12,WSC,West South Central,OTH,other,,,,,number of customers,cents per kilowatt-hour,million dollars,million kilowatt hours
2024-12,WSC,West South Central,RES,residential,18191258,14.14,2359.81441,16686.21725,number of customers,cents per kilowatt-hour,million dollars,million kilowatt hours
2024-12,WSC,West South Central,TRA,transportation,6,7.21,.12064,1.67216,number of customers,cents per kilowatt-hour,million dollars,million kilowatt hours
2024-12,WV,West Virginia,ALL,all sectors,1031514,11.25,347.94673,3093.65594,number of customers,cents per kilowatt-hour,million dollars,million kilowatt hours
2024-12,WV,West Virginia,COM,commercial,152483,11.75,74.68964,635.67066,number of customers,cents per kilowatt-hour,million dollars,million kilowatt hours
2024-12,WV,West Virginia,IND,industrial,10940,7.91,99.62838,1259.18121,number of customers,cents per kilowatt-hour,million dollars,million kilowatt hours
2024-12,WV,West Virginia,OTH,other,,,,,number of customers,cents per kilowatt-hour,million dollars,million kilowatt hours
2024-12,WV,West Virginia,RES,residential,868091,14.48,173.6287,1198.80407,number of customers,cents per kilowatt-hour,million dollars,million kilowatt hours
2024-12,WV,West Virginia,TRA,transportation,0,0,0,0,number of customers,cents per kilowatt-hour,million dollars,million kilowatt hours
2024-12,WY,Wyoming,ALL,all sectors,359004,9.11,136.39254,1497.79605,number of customers,cents per kilowatt-hour,million dollars,million kilowatt hours
2024-12,WY,Wyoming,COM,commercial,59251,9.06,41.30806,455.80358,number of customers,cents per kilowatt-hour,million dollars,million kilowatt hours
2024-12,WY,Wyoming,IND,industrial,12060,8.04,59.36482,738.41228,number of customers,cents per kilowatt-hour,million dollars,million kilowatt hours
2024-12,WY,Wyoming,OTH,other,,,,,number of customers,cents per kilowatt-hour,million dollars,million kilowatt hours
2024-12,WY,Wyoming,RES,residential,287693,11.77,35.71966,303.58019,number of customers,cents per kilowatt-hour,million dollars,million kilowatt hours
2024-12,WY,Wyoming,TRA,transportation,0,0,0,0,number of customers,cents per kilowatt-hour,million dollars,million kilowatt hours
2024-11,AK,Alaska,ALL,all sectors,358105,22.36,116.30618,520.04648,number of customers,cents per kilowatt-hour,million dollars,million kilowatt hours
2024-11,AK,Alaska,COM,commercial,57181,21.25,47.34985,222.7867,number of customers,cents per kilowatt-hour,million dollars,million kilowatt hours
2024-11,AK,Alaska,IND,industrial,1186,20.45,22.52101,110.1027,number of customers,cents per kilowatt-hour,million dollars,million kilowatt hours
2024-11,AK,Alaska,OTH,other,,,,,number of customers,cents per kilowatt-hour,million dollars,million kilowatt hours
2024-11,AK,Alaska,RES,residential,299738,24.81,46.43533,187.15708,number of customers,cents per kilowatt-hour,million dollars,million kilowatt hours
2024-11,AK,Alaska,TRA,transportation,0,0,0,0,number of customers,cents per kilowatt-hour,million dollars,million kilowatt hours
2024-11,AL,Alabama,ALL,all sectors,2807898,11.72,742.98307,6337.48909,number of customers,cents per kilowatt-hour,million dollars,million kilowatt hours
2024-11,AL,Alabama,COM,commercial,390193,13.79,235.56698,1708.81406,number of customers,cents per kilowatt-hour,million dollars,million kilowatt hours
2024-11,AL,Alabama,IND,industrial,7218,7.23,184.8608,2556.91661,number of customers,cents per kilowatt-hour,million dollars,million kilowatt hours
2024-11,AL,Alabama,OTH,other,,,,,number of customers,cents per kilowatt-hour,million dollars,million kilowatt hours
2024-11,AL,Alabama,RES,residential,2410487,15.57,322.55529,2071.75842,number of customers,cents per kilowatt-hour,million dollars,million kilowatt hours
2024-11,AL,Alabama,TRA,transportation,0,0,0,0,number of customers,cents per kilowatt-hour,million dollars,million kilowatt hours
2024-11,AR,Arkansas,ALL,all sectors,1729188,9.43,335.85525,3561.98229,number of customers,cents per kilowatt-hour,million dollars,million kilowatt hours
2024-11,AR,Arkansas,COM,commercial,207427,10.13,89.42453,882.50685,number of customers,cents per kilowatt-hour,million dollars,million kilowatt hours
2024-11,AR,Arkansas,IND,industrial,36862,6.78,106.82041,1575.19576,number of customers,cents per kilowatt-hour,million dollars,million kilowatt hours
2024-11,AR,Arkansas,OTH,other,,,,,number of customers,cents per kilowatt-hour,million dollars,million kilowatt hours
2024-11,AR,Arkansas,RES,residential,1484897,12.64,139.60752,1104.25874,number of customers,cents per kilowatt-hour,million dollars,million kilowatt hours
2024-11,AR,Arkansas,TRA,transportation,2,13.32,.00279,.02095,number of customers,cents per kilowatt-hour,million dollars,million kilowatt hours
2024-11,AZ,Arizona,ALL,all sectors,3521932,12.12,715.03056,5898.75612,number of customers,cents per kilowatt-hour,million dollars,million kilowatt hours
2024-11,AZ,Arizona,COM,commercial,349846,11.75,310.78591,2644.26421,number of customers,cents per kilowatt-hour,million dollars,million kilowatt hours
2024-11,AZ,Arizona,IND,industrial,7456,7.62,89.0782,1168.55985,number of customers,cents per kilowatt-hour,million dollars,million kilowatt hours
2024-11,AZ,Arizona,OTH,other,,,,,number of customers,cents per kilowatt-hour,million dollars,million kilowatt hours
2024-11,AZ,Arizona,RES,residential,3164628,15.11,315.08218,2085.09446,number of customers,cents per kilowatt-hour,million dollars,million kilowatt hours
2024-11,AZ,Arizona,TRA,transportation,2,10.06,.08427,.8376,number of customers,cents per kilowatt-hour,million dollars,million kilowatt hours
2024-11,CA,California,ALL,all sectors,15593636,24.45,4436.74359,18143.79992,number of customers,cents per kilowatt-hour,million dollars,million kilowatt hours
2024-11,CA,California,COM,commercial,1716544,22.48,1979.5186,8805.51124,number of customers,cents per kilowatt-hour,million dollars,million kilowatt hours
2024-11,CA,California,IND,industrial,136806,20.02,696.41209,3478.85385,number of customers,cents per kilowatt-hour,million dollars,million kilowatt hours
2024-11,CA,California,OTH,other,,,,,number of customers,cents per kilowatt-hour,million dollars,million kilowatt hours
2024-11,CA,California,RES,residential,13740273,30.18,1751.08615,5801.57882,number of customers,cents per kilowatt-hour,million dollars,million kilowatt hours
2024-11,CA,California,TRA,transportation,13,16.81,9.72675,57.85602,number of customers,cents per kilowatt-hour,million dollars,million kilowatt hours
2024-11,CO,Colorado,ALL,all sectors,2993701,11.82,517.54759,4377.11236,number of customers,cents per kilowatt-hour,million dollars,million kilowatt hours
2024-11,CO,Colorado,COM,commercial,406460,11.67,190.01583,1628.10803,number of customers,cents per kilowatt-hour,million dollars,million kilowatt hours
2024-11,CO,Colorado,IND,industrial,14683,8.07,96.45191,1195.87787,number of customers,cents per kilowatt-hour,million dollars,million kilowatt hours
2024-11,CO,Colorado,OTH,other,,,,,number of customers,cents per kilowatt-hour,million dollars,million kilowatt hours
2024-11,CO,Colorado,RES,residential,2572557,14.9,230.48708,1546.58356,number of customers,cents per kilowatt-hour,million dollars,million kilowatt hours
2024-11,CO,Colorado,TRA,transportation,1,9.06,.59278,6.54291,number of customers,cents per kilowatt-hour,million dollars,million kilowatt hours
2024-11,CT,Connecticut,ALL,all sectors,1721070,25.07,505.38362,2015.69808,number of customers,cents per kilowatt-hour,million dollars,million kilowatt hours
2024-11,CT,Connecticut,COM,commercial,156682,22.73,202.4198,890.55448,number of customers,cents per kilowatt-hour,million dollars,million kilowatt hours
2024-11,CT,Connecticut,IND,industrial,3877,17.97,37.06518,206.26498,number of customers,cents per kilowatt-hour,million dollars,million kilowatt hours
2024-11,CT,Connecticut,OTH,other,,,,,number of customers,cents per kilowatt-hour,million dollars,million kilowatt hours
2024-11,CT,Connecticut,RES,residential,1560508,29.15,262.99237,902.2263,number of customers,cents per kilowatt-hour,million dollars,million kilowatt hours
2024-11,CT,Connecticut,TRA,transportation,3,17.45,2.90627,16.65232,number of customers,cents per kilowatt-hour,million dollars,million kilowatt hours
2024-11,DC,District of Columbia,ALL,all sectors,347906,17.16,118.23191,689.18054,number of customers,cents per kilowatt-hour,million dollars,million kilowatt hours
2024-11,DC,District of Columbia,COM,commercial,27543,17.09,86.1142,503.85621,number of customers,cents per kilowatt-hour,million dollars,million kilowatt hours
2024-11,DC,District of Columbia,IND,industrial,1,12.95,1.89552,14.63176,number of customers,cents per kilowatt-hour,million dollars,million kilowatt hours
2024-11,DC,District of Columbia,OTH,other,,,,,number of customers,cents per kilowatt-hour,million dollars,million kilowatt hours
2024-11,DC,District of Columbia,RES,residential,320359,18.93,27.93935,147.62402,number of customers,cents per kilowatt-hour,million dollars,million kilowatt hours
2024-11,DC,District of Columbia,TRA,transportation,3,9.9,2.28284,23.06855,number of customers,cents per kilowatt-hour,million dollars,million kilowatt hours
2024-11,DE,Delaware,ALL,all sectors,537597,13.92,106.75996,767.00185,number of customers,cents per kilowatt-hour,million dollars,million kilowatt hours
2024-11,DE,Delaware,COM,commercial,60821,12.61,37.76426,299.5757,number of customers,cents per kilowatt-hour,million dollars,million kilowatt hours
2024-11,DE,Delaware,IND,industrial,1161,8.28,13.45172,162.55519,number of customers,cents per kilowatt-hour,million dollars,million kilowatt hours
2024-11,DE,Delaware,OTH,other,,,,,number of customers,cents per kilowatt-hour,million dollars,million kilowatt hours
2024-11,DE,Delaware,RES,residential,475615,18.22,55.54397,304.87097,number of customers,cents per kilowatt-hour,million dollars,million kilowatt hours
2024-11,DE,Delaware,TRA,transportation,0,0,0,0,number of customers,cents per kilowatt-hour,million dollars,million kilowatt hours
2024-11,ENC,East North Central,ALL,all sectors,23608790,12.02,5006.58473,41650.01115,number of customers,cents per kilowatt-hour,million dollars,million kilowatt hours
2024-11,ENC,East North Central,COM,commercial,2578508,11.96,1640.34183,13718.28546,number of customers,cents per kilowatt-hour,million dollars,million kilowatt hours
2024-11,ENC,East North Central,IND,industrial,54438,8.02,1242.32691,15482.43536,number of customers,cents per kilowatt-hour,million dollars,million kilowatt hours
2024-11,ENC,East North Central,OTH,other,,,,,number of customers,cents per kilowatt-hour,million dollars,million kilowatt hours
2024-11,ENC,East North Central,RES,residential,20975834,17.09,2120.87249,12412.33443,number of customers,cents per kilowatt-hour,million dollars,million kilowatt hours
2024-11,ENC,East North Central,TRA,transportation,10,8.24,3.0435,36.9559,number of customers,cents per kilowatt-hour,million dollars,million kilowatt hours
2024-11,ESC,East South Central,ALL,all sectors,10564342,11.05,2484.93927,22494.38215,number of customers,cents per kilowatt-hour,million dollars,million kilowatt hours
2024-11,ESC,East South Central,COM,commercial,1513916,12.65,884.75712,6995.10707,number of customers,cents per kilowatt-hour,million dollars,million kilowatt hours
2024-11,ESC,East South Central,IND,industrial,25322,6.7,540.37393,8066.93237,number of customers,cents per kilowatt-hour,million dollars,million kilowatt hours
2024-11,ESC,East South Central,OTH,other,,,,,number of customers,cents per kilowatt-hour,million dollars,million kilowatt hours
2024-11,ESC,East South Central,RES,residential,9025104,14.26,1059.80822,7432.34271,number of customers,cents per kilowatt-hour,million dollars,million kilowatt hours
2024-11,ESC,East South Central,TRA,transportation,0,0,0,0,number of customers,cents per kilowatt-hour,million dollars,million kilowatt hours
2024-11,FL,Florida,ALL,all sectors,11862845,12.48,2358.60377,18897.45894,number of customers,cents per kilowatt-hour,million dollars,million kilowatt hours
2024-11,FL,Florida,COM,commercial,1313767,11.02,855.46135,7765.53019,number of customers,cents per kilowatt-hour,million dollars,million kilowatt hours
2024-11,FL,Florida,IND,industrial,26144,8.34,114.57014,1373.54954,number of customers,cents per kilowatt-hour,million dollars,million kilowatt hours
2024-11,FL,Florida,OTH,other,,,,,number of customers,cents per kilowatt-hour,million dollars,million kilowatt hours
2024-11,FL,Florida,RES,residential,10522932,14.23,1388.00075,9753.14006,number of customers,cents per kilowatt-hour,million dollars,million kilowatt hours
2024-11,FL,Florida,TRA,transportation,2,10.91,.57153,5.23914,number of customers,cents per kilowatt-hour,million dollars,million kilowatt hours
2024-11,GA,Georgia,ALL,all sectors,5501458,10.96,1186.53315,10824.98391,number of customers,cents per kilowatt-hour,million dollars,million kilowatt hours
2024-11,GA,Georgia,COM,commercial,621199,10.82,454.85073,4202.8246,number of customers,cents per kilowatt-hour,million dollars,million kilowatt hours
2024-11,GA,Georgia,IND,industrial,24056,6.31,167.28992,2650.50636,number of customers,cents per kilowatt-hour,million dollars,million kilowatt hours
2024-11,GA,Georgia,OTH,other,,,,,number of customers,cents per kilowatt-hour,million dollars,million kilowatt hours
2024-11,GA,Georgia,RES,residential,4856202,14.23,563.74114,3960.49017,number of customers,cents per kilowatt-hour,million dollars,million kilowatt hours
2024-11,GA,Georgia,TRA,transportation,1,5.84,.65136,11.16278,number of customers,cents per kilowatt-hour,million dollars,million kilowatt hours
2024-11,HI,Hawaii,ALL,all sectors,507560,35.27,271.06331,768.44958,number of customers,cents per kilowatt-hour,million dollars,million kilowatt hours
2024-11,HI,Hawaii,COM,commercial,59626,35.61,85.64004,240.49492,number of customers,cents per kilowatt-hour,million dollars,million kilowatt hours
2024-11,HI,Hawaii,IND,industrial,823,31.5,92.49658,293.65229,number of customers,cents per kilowatt-hour,million dollars,million kilowatt hours
2024-11,HI,Hawaii,OTH,other,,,,,number of customers,cents per kilowatt-hour,million dollars,million kilowatt hours
2024-11,HI,Hawaii,RES,residential,447111,39.66,92.92669,234.30237,number of customers,cents per kilowatt-hour,million dollars,million kilowatt hours
2024-11,HI,Hawaii,TRA,transportation,0,0,0,0,number of customers,cents per kilowatt-hour,million dollars,million kilowatt hours
2024-11,IA,Iowa,ALL,all sectors,1718486,8.72,380.38886,4359.97025,number of customers,cents per kilowatt-hour,million dollars,million kilowatt hours
2024-11,IA,Iowa,COM,commercial,252278,10.04,101.93022,1015.37394,number of customers,cents per kilowatt-hour,million dollars,million kilowatt hours
2024-11,IA,Iowa,IND,industrial,9191,6.24,146.09652,2340.2377,number of customers,cents per kilowatt-hour,million dollars,million kilowatt hours
2024-11,IA,Iowa,OTH,other,,,,,number of customers,cents per kilowatt-hour,million dollars,million kilowatt hours
2024-11,IA,Iowa,RES,residential,1457017,13.18,132.36213,1004.35861,number of customers,cents per kilowatt-hour,million dollars,million kilowatt hours
2024-11,IA,Iowa,TRA,transportation,0,0,0,0,number of customers,cents per kilowatt-hour,million dollars,million kilowatt hours
2024-11,ID,Idaho,ALL,all sectors,1031151,9.39,184.42743,1963.64993,number of customers,cents per kilowatt-hour,million dollars,million kilowatt hours
2024-11,ID,Idaho,COM,commercial,124633,9.05,50.54672,558.44161,number of customers,cents per kilowatt-hour,million dollars,million kilowatt hours
2024-11,ID,Idaho,IND,industrial,29537,6.96,39.71255,570.45357,number of customers,cents per kilowatt-hour,million dollars,million kilowatt hours
2024-11,ID,Idaho,OTH,other,,,,,number of customers,cents per kilowatt-hour,million dollars,million kilowatt hours
2024-11,ID,Idaho,RES,residential,876981,11.28,94.16816,834.75475,number of customers,cents per kilowatt-hour,million dollars,million kilowatt hours
2024-11,ID,Idaho,TRA,transportation,0,0,0,0,number of customers,cents per kilowatt-hour,million dollars,million kilowatt hours
2024-11,IL,Illinois,ALL,all sectors,6016799,12.1,1203.90345,9953.48221,number of customers,cents per kilowatt-hour,million dollars,million kilowatt hours
2024-11,IL,Illinois,COM,commercial,637496,11.54,394.1917,3414.63317,number of customers,cents per kilowatt-hour,million dollars,million kilowatt hours
2024-11,IL,Illinois,IND,industrial,5644,8.83,324.66513,3677.9708,number of customers,cents per kilowatt-hour,million dollars,million kilowatt hours
2024-11,IL,Illinois,OTH,other,,,,,number of customers,cents per kilowatt-hour,million dollars,million kilowatt hours
2024-11,IL,Illinois,RES,residential,5373656,17.06,482.50541,2828.20263,number of customers,cents per kilowatt-hour,million dollars,million kilowatt hours
2024-11,IL,Illinois,TRA,transportation,3,7.78,2.54121,32.6756,number of customers,cents per kilowatt-hour,million dollars,million kilowatt hours
2024-11,IN,Indiana,ALL,all sectors,3463649,11.6,862.92826,7438.01165,number of customers,cents per kilowatt-hour,million dollars,million kilowatt hours
2024-11,IN,Indiana,COM,commercial,376144,12.92,229.18252,1774.07,number of customers,cents per kilowatt-hour,million dollars,million kilowatt hours
2024-11,IN,Indiana,IND,industrial,19357,8.13,287.08867,3529.21713,number of customers,cents per kilowatt-hour,million dollars,million kilowatt hours
2024-11,IN,Indiana,OTH,other,,,,,number of customers,cents per kilowatt-hour,million dollars,million kilowatt hours
2024-11,IN,Indiana,RES,residential,3068147,16.24,346.42007,2133.15032,number of customers,cents per kilowatt-hour,million dollars,million kilowatt hours
2024-11,IN,Indiana,TRA,transportation,1,15.06,.237,1.57421,number of customers,cents per kilowatt-hour,million dollars,million kilowatt hours
2024-11,KS,Kansas,ALL,all sectors,1591174,11.02,327.62854,2972.0405,number of customers,cents per kilowatt-hour,million dollars,million kilowatt hours
2024-11,KS,Kansas,COM,commercial,245625,11,129.7233,1179.01637,number of customers,cents per kilowatt-hour,million dollars,million kilowatt hours
2024-11,KS,Kansas,IND,industrial,23660,7.78,73.57291,945.40281,number of customers,cents per kilowatt-hour,million dollars,million kilowatt hours
2024-11,KS,Kansas,OTH,other,,,,,number of customers,cents per kilowatt-hour,million dollars,million kilowatt hours
2024-11,KS,Kansas,RES,residential,1321889,14.67,124.33233,847.62132,number of customers,cents per kilowatt-hour,million dollars,million kilowatt hours
2024-11,KS,Kansas,TRA,transportation,0,0,0,0,number of customers,cents per kilowatt-hour,million dollars,million kilowatt hours
2024-11,KY,Kentucky,ALL,all sectors,2418651,10.2,551.92561,5410.94672,number of customers,cents per kilowatt-hour,million dollars,million kilowatt hours
2024-11,KY,Kentucky,COM,commercial,329043,11.84,178.27631,1505.8755,number of customers,cents per kilowatt-hour,million dollars,million kilowatt hours
2024-11,KY,Kentucky,IND,industrial,4783,6.53,147.56527,2260.69108,number of customers,cents per kilowatt-hour,million dollars,million kilowatt hours
2024-11,KY,Kentucky,OTH,other,,,,,number of customers,cents per kilowatt-hour,million dollars,million kilowatt hours
2024-11,KY,Kentucky,RES,residential,2084825,13.75,226.08403,1644.38014,number of customers,cents per kilowatt-hour,million dollars,million kilowatt hours
2024-11,KY,Kentucky,TRA,transportation,0,0,0,0,number of customers,cents per kilowatt-hour,million dollars,million kilowatt hours
2024-11,LA,Louisiana,ALL,all sectors,2472624,8.26,617.06153,7471.69958,number of customers,cents per kilowatt-hour,million dollars,million kilowatt hours
2024-11,LA,Louisiana,COM,commercial,300934,10.49,193.77991,1847.1527,number of customers,cents per kilowatt-hour,million dollars,million kilowatt hours
2024-11,LA,Louisiana,IND,industrial,17967,5.05,182.82698,3618.55087,number of customers,cents per kilowatt-hour,million dollars,million kilowatt hours
2024-11,LA,Louisiana,OTH,other,,,,,number of customers,cents per kilowatt-hour,million dollars,million kilowatt hours
2024-11,LA,Louisiana,RES,residential,2153722,11.99,240.36755,2005.20786,number of customers,cents per kilowatt-hour,million dollars,million kilowatt hours
2024-11,LA,Louisiana,TRA,transportation,1,11.05,.08708,.78815,number of customers,cents per kilowatt-hour,million dollars,million kilowatt hours
2024-11,MA,Massachusetts,ALL,all sectors,3391510,24.06,910.06573,3782.90682,number of customers,cents per kilowatt-hour,million dollars,million kilowatt hours
2024-11,MA,Massachusetts,COM,commercial,421249,20.82,381.08176,1830.31916,number of customers,cents per kilowatt-hour,million dollars,million kilowatt hours
2024-11,MA,Massachusetts,IND,industrial,10322,18.33,86.91265,474.23436,number of customers,cents per kilowatt-hour,million dollars,million kilowatt hours
2024-11,MA,Massachusetts,OTH,other,,,,,number of customers,cents per kilowatt-hour,million dollars,million kilowatt hours
2024-11,MA,Massachusetts,RES,residential,2959937,30.22,439.97012,1456.03797,number of customers,cents per kilowatt-hour,million dollars,million kilowatt hours
2024-11,MA,Massachusetts,TRA,transportation,2,9.42,2.1012,22.31533,number of customers,cents per kilowatt-hour,million dollars,million kilowatt hours
2024-11,MAT,Middle Atlantic,ALL,all sectors,19197318,15.69,4070.53197,25940.06877,number of customers,cents per kilowatt-hour,million dollars,million kilowatt hours
2024-11,MAT,Middle Atlantic,COM,commercial,2448303,15.23,1677.4315,11015.34951,number of customers,cents per kilowatt-hour,million dollars,million kilowatt hours
2024-11,MAT,Middle Atlantic,IND,industrial,39080,8.39,470.39404,5604.33202,number of customers,cents per kilowatt-hour,million dollars,million kilowatt hours
2024-11,MAT,Middle Atlantic,OTH,other,,,,,number of customers,cents per kilowatt-hour,million dollars,million kilowatt hours
2024-11,MAT,Middle Atlantic,RES,residential,16709917,20.89,1884.67389,9022.27314,number of customers,cents per kilowatt-hour,million dollars,million kilowatt hours
2024-11,MAT,Middle Atlantic,TRA,transportation,18,12.76,38.03255,298.1141,number of customers,cents per kilowatt-hour,million dollars,million kilowatt hours
2024-11,MD,Maryland,ALL,all sectors,2728462,15.23,638.62627,4192.81904,number of customers,cents per kilowatt-hour,million dollars,million kilowatt hours
2024-11,MD,Maryland,COM,commercial,261584,13.08,266.28941,2035.09892,number of customers,cents per kilowatt-hour,million dollars,million kilowatt hours
2024-11,MD,Maryland,IND,industrial,9282,10.19,28.02982,274.9789,number of customers,cents per kilowatt-hour,million dollars,million kilowatt hours
2024-11,MD,Maryland,OTH,other,,,,,number of customers,cents per kilowatt-hour,million dollars,million kilowatt hours
2024-11,MD,Maryland,RES,residential,2457591,18.4,340.38664,1849.85785,number of customers,cents per kilowatt-hour,million dollars,million kilowatt hours
2024-11,MD,Maryland,TRA,transportation,5,11.92,3.92039,32.88338,number of customers,cents per kilowatt-hour,million dollars,million kilowatt hours
2024-11,ME,Maine,ALL,all sectors,839259,20.19,170.5434,844.49618,number of customers,cents per kilowatt-hour,million dollars,million kilowatt hours
2024-11,ME,Maine,COM,commercial,105643,18.51,56.01472,302.56444,number of customers,cents per kilowatt-hour,million dollars,million kilowatt hours
2024-11,ME,Maine,IND,industrial,1833,12.72,22.31988,175.52218,number of customers,cents per kilowatt-hour,million dollars,million kilowatt hours
2024-11,ME,Maine,OTH,other,,,,,number of customers,cents per kilowatt-hour,million dollars,million kilowatt hours
2024-11,ME,Maine,RES,residential,731783,25.17,92.2088,366.40955,number of customers,cents per kilowatt-hour,million dollars,million kilowatt hours
2024-11,ME,Maine,TRA,transportation,0,0,0,0,number of customers,cents per kilowatt-hour,million dollars,million kilowatt hours
2024-11,MI,Michigan,ALL,all sectors,5102028,13.52,1009.17206,7464.25723,number of customers,cents per kilowatt-hour,million dollars,million kilowatt hours
2024-11,MI,Michigan,COM,commercial,567088,13.38,368.85695,2756.08762,number of customers,cents per kilowatt-hour,million dollars,million kilowatt hours
2024-11,MI,Michigan,IND,industrial,5653,8.09,185.78236,2295.78935,number of customers,cents per kilowatt-hour,million dollars,million kilowatt hours
2024-11,MI,Michigan,OTH,other,,,,,number of customers,cents per kilowatt-hour,million dollars,million kilowatt hours
2024-11,MI,Michigan,RES,residential,4529285,18.84,454.49231,2412.06511,number of customers,cents per kilowatt-hour,million dollars,million kilowatt hours
2024-11,MI,Michigan,TRA,transportation,2,12.83,.04043,.31514,number of customers,cents per kilowatt-hour,million dollars,million kilowatt hours
2024-11,MN,Minnesota,ALL,all sectors,2916168,11.66,588.61345,5046.63561,number of customers,cents per kilowatt-hour,million dollars,million kilowatt hours
2024-11,MN,Minnesota,COM,commercial,309205,11.42,201.69956,1765.78659,number of customers,cents per kilowatt-hour,million dollars,million kilowatt hours
2024-11,MN,Minnesota,IND,industrial,9114,8.5,137.79493,1620.41761,number of customers,cents per kilowatt-hour,million dollars,million kilowatt hours
2024-11,MN,Minnesota,OTH,other,,,,,number of customers,cents per kilowatt-hour,million dollars,million kilowatt hours
2024-11,MN,Minnesota,RES,residential,2597848,15.01,248.99785,1659.34174,number of customers,cents per kilowatt-hour,million dollars,million kilowatt hours
2024-11,MN,Minnesota,TRA,transportation,1,11.12,.12112,1.08966,number of customers,cents per kilowatt-hour,million dollars,million kilowatt hours
2024-11,MO,Missouri,ALL,all sectors,3351133,10.29,562.48621,5468.78716,number of customers,cents per kilowatt-hour,million dollars,million kilowatt hours
2024-11,MO,Missouri,COM,commercial,404749,9.42,208.76485,2216.79803,number of customers,cents per kilowatt-hour,million dollars,million kilowatt hours
2024-11,MO,Missouri,IND,industrial,9331,7.24,73.34142,1013.29009,number of customers,cents per kilowatt-hour,million dollars,million kilowatt hours
2024-11,MO,Missouri,OTH,other,,,,,number of customers,cents per kilowatt-hour,million dollars,million kilowatt hours
2024-11,MO,Missouri,RES,residential,2937051,12.53,280.21099,2236.75834,number of customers,cents per kilowatt-hour,million dollars,million kilowatt hours
2024-11,MO,Missouri,TRA,transportation,2,8.71,.16894,1.94071,number of customers,cents per kilowatt-hour,million dollars,million kilowatt hours
2024-11,MS,Mississippi,ALL,all sectors,1605089,11.02,389.64119,3536.89299,number of customers,cents per kilowatt-hour,million dollars,million kilowatt hours
2024-11,MS,Mississippi,COM,commercial,246597,12.68,136.46375,1076.4881,number of customers,cents per kilowatt-hour,million dollars,million kilowatt hours
2024-11,MS,Mississippi,IND,industrial,12307,6.79,87.82527,1293.74936,number of customers,cents per kilowatt-hour,million dollars,million kilowatt hours
2024-11,MS,Mississippi,OTH,other,,,,,number of customers,cents per kilowatt-hour,million dollars,million kilowatt hours
2024-11,MS,Mississippi,RES,residential,1346185,14.17,165.35218,1166.65553,number of customers,cents per kilowatt-hour,million dollars,million kilowatt hours
2024-11,MS,Mississippi,TRA,transportation,0,0,0,0,number of customers,cents per kilowatt-hour,million dollars,million kilowatt hours
2024-11,MT,Montana,ALL,all sectors,713387,10.43,125.59927,1203.70813,number of customers,cents per kilowatt-hour,million dollars,million kilowatt hours
2024-11,MT,Montana,COM,commercial,140492,11.58,45.99638,397.1751,number of customers,cents per kilowatt-hour,million dollars,million kilowatt hours
2024-11,MT,Montana,IND,industrial,11332,6.78,25.18359,371.69118,number of customers,cents per kilowatt-hour,million dollars,million kilowatt hours
2024-11,MT,Montana,OTH,other,,,,,number of customers,cents per kilowatt-hour,million dollars,million kilowatt hours
2024-11,MT,Montana,RES,residential,561563,12.51,54.41931,434.84184,number of customers,cents per kilowatt-hour,million dollars,million kilowatt hours
2024-11,MT,Montana,TRA,transportation,0,0,0,0,number of customers,cents per kilowatt-hour,million dollars,million kilowatt hours
2024-11,MTN,Mountain,ALL,all sectors,12660451,10.72,2433.62762,22696.69093,number of customers,cents per kilowatt-hour,million dollars,million kilowatt hours
2024-11,MTN,Mountain,COM,commercial,1554632,10.77,926.05476,8598.64712,number of customers,cents per kilowatt-hour,million dollars,million kilowatt hours
2024-11,MTN,Mountain,IND,industrial,99569,7.15,486.19266,6798.63162,number of customers,cents per kilowatt-hour,million dollars,million kilowatt hours
2024-11,MTN,Mountain,OTH,other,,,,,number of customers,cents per kilowatt-hour,million dollars,million kilowatt hours
2024-11,MTN,Mountain,RES,residential,11006245,14,1020.12593,7287.13658,number of customers,cents per kilowatt-hour,million dollars,million kilowatt hours
2024-11,MTN,Mountain,TRA,transportation,5,10.22,1.25427,12.27562,number of customers,cents per kilowatt-hour,million dollars,million kilowatt hours
2024-11,NC,North Carolina,ALL,all sectors,5871675,11.89,1177.7533,9903.58207,number of customers,cents per kilowatt-hour,million dollars,million kilowatt hours
2024-11,NC,North Carolina,COM,commercial,751379,10.72,423.8769,3952.83605,number of customers,cents per kilowatt-hour,million dollars,million kilowatt hours
2024-11,NC,North Carolina,IND,industrial,8850,7.74,141.64674,1829.66928,number of customers,cents per kilowatt-hour,million dollars,million kilowatt hours
2024-11,NC,North Carolina,OTH,other,,,,,number of customers,cents per kilowatt-hour,million dollars,million kilowatt hours
2024-11,NC,North Carolina,RES,residential,5111445,14.86,612.13116,4120.19062,number of customers,cents per kilowatt-hour,million dollars,million kilowatt hours
2024-11,NC,North Carolina,TRA,transportation,1,11.12,.0985,.88612,number of customers,cents per kilowatt-hour,million dollars,million kilowatt hours
2024-11,ND,North Dakota,ALL,all sectors,487754,7.71,199.96816,2592.47984,number of customers,cents per kilowatt-hour,million dollars,million kilowatt hours
2024-11,ND,North Dakota,COM,commercial,77475,6.8,68.51484,1007.47349,number of customers,cents per kilowatt-hour,million dollars,million kilowatt hours
2024-11,ND,North Dakota,IND,industrial,10832,7.18,83.12878,1157.69604,number of customers,cents per kilowatt-hour,million dollars,million kilowatt hours
2024-11,ND,North Dakota,OTH,other,,,,,number of customers,cents per kilowatt-hour,million dollars,million kilowatt hours
2024-11,ND,North Dakota,RES,residential,399447,11.31,48.32453,427.31032,number of customers,cents per kilowatt-hour,million dollars,million kilowatt hours
2024-11,ND,North Dakota,TRA,transportation,0,0,0,0,number of customers,cents per kilowatt-hour,million dollars,million kilowatt hours
2024-11,NE,Nebraska,ALL,all sectors,1134722,8.69,229.26779,2639.72632,number of customers,cents per kilowatt-hour,million dollars,million kilowatt hours
2024-11,NE,Nebraska,COM,commercial,161990,7.99,84.74183,1060.77485,number of customers,cents per kilowatt-hour,million dollars,million kilowatt hours
2024-11,NE,Nebraska,IND,industrial,60992,7.11,64.99961,913.8104,number of customers,cents per kilowatt-hour,million dollars,million kilowatt hours
2024-11,NE,Nebraska,OTH,other,,,,,number of customers,cents per kilowatt-hour,million dollars,million kilowatt hours
2024-11,NE,Nebraska,RES,residential,911740,11.96,79.52635,665.14108,number of customers,cents per kilowatt-hour,million dollars,million kilowatt hours
2024-11,NE,Nebraska,TRA,transportation,0,0,0,0,number of customers,cents per kilowatt-hour,million dollars,million kilowatt hours
2024-11,NEW,New England,ALL,all sectors,7591069,23.92,2002.42049,8371.35769,number of customers,cents per kilowatt-hour,million dollars,million kilowatt hours
2024-11,NEW,New England,COM,commercial,901569,21.65,808.15446,3732.08985,number of customers,cents per kilowatt-hour,million dollars,million kilowatt hours
2024-11,NEW,New England,IND,industrial,21116,16.8,194.94271,1160.54415,number of customers,cents per kilowatt-hour,million dollars,million kilowatt hours
2024-11,NEW,New England,OTH,other,,,,,number of customers,cents per kilowatt-hour,million dollars,million kilowatt hours
2024-11,NEW,New England,RES,residential,6668378,28.91,993.88585,3437.96966,number of customers,cents per kilowatt-hour,million dollars,million kilowatt hours
2024-11,NEW,New England,TRA,transportation,6,13.34,5.43747,40.75404,number of customers,cents per kilowatt-hour,million dollars,million kilowatt hours
2024-11,NH,New Hampshire,ALL,all sectors,768907,20.91,174.91006,836.55549,number of customers,cents per kilowatt-hour,million dollars,million kilowatt hours
2024-11,NH,New Hampshire,COM,commercial,112367,19.35,64.02742,330.83612,number of customers,cents per kilowatt-hour,million dollars,million kilowatt hours
2024-11,NH,New Hampshire,IND,industrial,3122,16.32,25.67212,157.28722,number of customers,cents per kilowatt-hour,million dollars,million kilowatt hours
2024-11,NH,New Hampshire,OTH,other,,,,,number of customers,cents per kilowatt-hour,million dollars,million kilowatt hours
2024-11,NH,New Hampshire,RES,residential,653418,24.46,85.21052,348.43215,number of customers,cents per kilowatt-hour,million dollars,million kilowatt hours
2024-11,NH,New Hampshire,TRA,transportation,0,0,0,0,number of customers,cents per kilowatt-hour,million dollars,million kilowatt hours
2024-11,NJ,New Jersey,ALL,all sectors,4294405,16.19,800.2813,4944.41668,number of customers,cents per kilowatt-hour,million dollars,million kilowatt hours
2024-11,NJ,New Jersey,COM,commercial,539266,14.6,374.80155,2566.85001,number of customers,cents per kilowatt-hour,million dollars,million kilowatt hours
2024-11,NJ,New Jersey,IND,industrial,11069,11.86,57.22583,482.6128,number of customers,cents per kilowatt-hour,million dollars,million kilowatt hours
2024-11,NJ,New Jersey,OTH,other,,,,,number of customers,cents per kilowatt-hour,million dollars,million kilowatt hours
2024-11,NJ,New Jersey,RES,residential,3744063,19.58,364.59652,1862.13117,number of customers,cents per kilowatt-hour,million dollars,million kilowatt hours
2024-11,NJ,New Jersey,TRA,transportation,7,11.14,3.6574,32.82271,number of customers,cents per kilowatt-hour,million dollars,million kilowatt hours
2024-11,NM,New Mexico,ALL,all sectors,1097346,8.78,215.6361,2456.70729,number of customers,cents per kilowatt-hour,million dollars,million kilowatt hours
2024-11,NM,New Mexico,COM,commercial,147792,10.23,76.57076,748.22786,number of customers,cents per kilowatt-hour,million dollars,million kilowatt hours
2024-11,NM,New Mexico,IND,industrial,9258,5.52,65.20813,1180.30947,number of customers,cents per kilowatt-hour,million dollars,million kilowatt hours
2024-11,NM,New Mexico,OTH,other,,,,,number of customers,cents per kilowatt-hour,million dollars,million kilowatt hours
2024-11,NM,New Mexico,RES,residential,940296,13.98,73.85721,528.16996,number of customers,cents per kilowatt-hour,million dollars,million kilowatt hours
2024-11,NM,New Mexico,TRA,transportation,0,0,0,0,number of customers,cents per kilowatt-hour,million dollars,million kilowatt hours
2024-11,NV,Nevada,ALL,all sectors,1503420,10.26,279.97835,2728.33235,number of customers,cents per kilowatt-hour,million dollars,million kilowatt hours
2024-11,NV,Nevada,COM,commercial,179540,9.65,102.25532,1059.49897,number of customers,cents per kilowatt-hour,million dollars,million kilowatt hours
2024-11,NV,Nevada,IND,industrial,4655,6.49,56.89969,876.3672,number of customers,cents per kilowatt-hour,million dollars,million kilowatt hours
2024-11,NV,Nevada,OTH,other,,,,,number of customers,cents per kilowatt-hour,million dollars,million kilowatt hours
2024-11,NV,Nevada,RES,residential,1319224,15.25,120.77222,791.90408,number of customers,cents per kilowatt-hour,million dollars,million kilowatt hours
2024-11,NV,Nevada,TRA,transportation,1,9.1,.05112,.5621,number of customers,cents per kilowatt-hour,million dollars,million kilowatt hours
2024-11,NY,New York,ALL,all sectors,8615438,18.86,1949.76124,10336.89858,number of customers,cents per kilowatt-hour,million dollars,million kilowatt hours
2024-11,NY,New York,COM,commercial,1167189,17.67,962.97932,5448.42413,number of customers,cents per kilowatt-hour,million dollars,million kilowatt hours
2024-11,NY,New York,IND,industrial,16377,9,112.10734,1245.66048,number of customers,cents per kilowatt-hour,million dollars,million kilowatt hours
2024-11,NY,New York,OTH,other,,,,,number of customers,cents per kilowatt-hour,million dollars,million kilowatt hours
2024-11,NY,New York,RES,residential,7431866,24.74,842.9965,3407.58488,number of customers,cents per kilowatt-hour,million dollars,million kilowatt hours
2024-11,NY,New York,TRA,transportation,6,13.47,31.67808,235.2291,number of customers,cents per kilowatt-hour,million dollars,million kilowatt hours
2024-11,OH,Ohio,ALL,all sectors,5798482,11.18,1293.48829,11565.45551,number of customers,cents per kilowatt-hour,million dollars,million kilowatt hours
2024-11,OH,Ohio,COM,commercial,628039,10.74,429.78096,4000.5533,number of customers,cents per kilowatt-hour,million dollars,million kilowatt hours
2024-11,OH,Ohio,IND,industrial,18110,7.27,301.96784,4153.76156,number of customers,cents per kilowatt-hour,million dollars,million kilowatt hours
2024-11,OH,Ohio,OTH,other,,,,,number of customers,cents per kilowatt-hour,million dollars,million kilowatt hours
2024-11,OH,Ohio,RES,residential,5152331,16.47,561.53505,3408.86973,number of customers,cents per kilowatt-hour,million dollars,million kilowatt hours
2024-11,OH,Ohio,TRA,transportation,2,9,.20443,2.27093,number of customers,cents per kilowatt-hour,million dollars,million kilowatt hours
2024-11,OK,Oklahoma,ALL,all sectors,2207658,8.52,439.86181,5165.0083,number of customers,cents per kilowatt-hour,million dollars,million kilowatt hours
2024-11,OK,Oklahoma,COM,commercial,299294,8.23,163.01309,1979.54933,number of customers,cents per kilowatt-hour,million dollars,million kilowatt hours
2024-11,OK,Oklahoma,IND,industrial,19771,5.5,99.18385,1804.607,number of customers,cents per kilowatt-hour,million dollars,million kilowatt hours
2024-11,OK,Oklahoma,OTH,other,,,,,number of customers,cents per kilowatt-hour,million dollars,million kilowatt hours
2024-11,OK,Oklahoma,RES,residential,1888593,12.87,177.66486,1380.85196,number of customers,cents per kilowatt-hour,million dollars,million kilowatt hours
2024-11,OK,Oklahoma,TRA,transportation,0,0,0,0,number of customers,cents per kilowatt-hour,million dollars,million kilowatt hours
2024-11,OR,Oregon,ALL,all sectors,2145590,11.2,557.6363,4976.86382,number of customers,cents per kilowatt-hour,million dollars,million kilowatt hours
2024-11,OR,Oregon,COM,commercial,246817,10.08,203.06843,2014.34541,number of customers,cents per kilowatt-hour,million dollars,million kilowatt hours
2024-11,OR,Oregon,IND,industrial,26228,7.94,99.34689,1250.53401,number of customers,cents per kilowatt-hour,million dollars,million kilowatt hours
2024-11,OR,Oregon,OTH,other,,,,,number of customers,cents per kilowatt-hour,million dollars,million kilowatt hours
2024-11,OR,Oregon,RES,residential,1872543,14.91,255.00456,1710.29388,number of customers,cents per kilowatt-hour,million dollars,million kilowatt hours
2024-11,OR,Oregon,TRA,transportation,2,12.8,.21642,1.69052,number of customers,cents per kilowatt-hour,million dollars,million kilowatt hours
2024-11,PA,Pennsylvania,ALL,all sectors,6287475,12.39,1320.48944,10658.75352,number of customers,cents per kilowatt-hour,million dollars,million kilowatt hours
2024-11,PA,Pennsylvania,COM,commercial,741848,11.32,339.65063,3000.07537,number of customers,cents per kilowatt-hour,million dollars,million kilowatt hours
2024-11,PA,Pennsylvania,IND,industrial,11634,7.77,301.06087,3876.05875,number of customers,cents per kilowatt-hour,million dollars,million kilowatt hours
2024-11,PA,Pennsylvania,OTH,other,,,,,number of customers,cents per kilowatt-hour,million dollars,million kilowatt hours
2024-11,PA,Pennsylvania,RES,residential,5533988,18.04,677.08088,3752.5571,number of customers,cents per kilowatt-hour,million dollars,million kilowatt hours
2024-11,PA,Pennsylvania,TRA,transportation,5,8.97,2.69706,30.0623,number of customers,cents per kilowatt-hour,million dollars,million kilowatt hours
2024-11,PACC,Pacific Contiguous,ALL,all sectors,21586835,18.91,5748.07086,30401.04921,number of customers,cents per kilowatt-hour,million dollars,million kilowatt hours
2024-11,PACC,Pacific Contiguous,COM,commercial,2371324,18.14,2452.36071,13518.6271,number of customers,cents per kilowatt-hour,million dollars,million kilowatt hours
2024-11,PACC,Pacific Contiguous,IND,industrial,188890,14.45,887.51855,6139.9758,number of customers,cents per kilowatt-hour,million dollars,million kilowatt hours
2024-11,PACC,Pacific Contiguous,OTH,other,,,,,number of customers,cents per kilowatt-hour,million dollars,million kilowatt hours
2024-11,PACC,Pacific Contiguous,RES,residential,19026601,22.46,2397.29383,10674.88536,number of customers,cents per kilowatt-hour,million dollars,million kilowatt hours
2024-11,PACC,Pacific Contiguous,TRA,transportation,20,16.13,10.89777,67.56095,number of customers,cents per kilowatt-hour,million dollars,million kilowatt hours
2024-11,PACN,Pacific Noncontiguous,ALL,all sectors,865665,30.06,387.36949,1288.49606,number of customers,cents per kilowatt-hour,million dollars,million kilowatt hours
2024-11,PACN,Pacific Noncontiguous,COM,commercial,116807,28.71,132.98989,463.28162,number of customers,cents per kilowatt-hour,million dollars,million kilowatt hours
2024-11,PACN,Pacific Noncontiguous,IND,industrial,2009,28.49,115.01759,403.755,number of customers,cents per kilowatt-hour,million dollars,million kilowatt hours
2024-11,PACN,Pacific Noncontiguous,OTH,other,,,,,number of customers,cents per kilowatt-hour,million dollars,million kilowatt hours
2024-11,PACN,Pacific Noncontiguous,RES,residential,746849,33.07,139.36202,421.45944,number of customers,cents per kilowatt-hour,million dollars,million kilowatt hours
2024-11,PACN,Pacific Noncontiguous,TRA,transportation,0,0,0,0,number of customers,cents per kilowatt-hour,million dollars,million kilowatt hours
2024-11,RI,Rhode Island,ALL,all sectors,480793,32.75,160.61948,490.3922,number of customers,cents per kilowatt-hour,million dollars,million kilowatt hours
2024-11,RI,Rhode Island,COM,commercial,40636,32.31,75.45094,233.5238,number of customers,cents per kilowatt-hour,million dollars,million kilowatt hours
2024-11,RI,Rhode Island,IND,industrial,1723,22.73,10.7717,47.38001,number of customers,cents per kilowatt-hour,million dollars,million kilowatt hours
2024-11,RI,Rhode Island,OTH,other,,,,,number of customers,cents per kilowatt-hour,million dollars,million kilowatt hours
2024-11,RI,Rhode Island,RES,residential,438433,35.61,73.96686,207.702,number of customers,cents per kilowatt-hour,million dollars,million kilowatt hours
2024-11,RI,Rhode Island,TRA,transportation,1,24.07,.42999,1.78638,number of customers,cents per kilowatt-hour,million dollars,million kilowatt hours
2024-11,SAT,South Atlantic,ALL,all sectors,35015759,11.83,7616.67215,64379.17973,number of customers,cents per kilowatt-hour,million dollars,million kilowatt hours
2024-11,SAT,South Atlantic,COM,commercial,4048824,10.65,2929.58442,27509.25706,number of customers,cents per kilowatt-hour,million dollars,million kilowatt hours
2024-11,SAT,South Atlantic,IND,industrial,87883,7.46,806.77896,10822.0135,number of customers,cents per kilowatt-hour,million dollars,million kilowatt hours
2024-11,SAT,South Atlantic,OTH,other,,,,,number of customers,cents per kilowatt-hour,million dollars,million kilowatt hours
2024-11,SAT,South Atlantic,RES,residential,30879039,14.91,3870.8386,25954.15204,number of customers,cents per kilowatt-hour,million dollars,million kilowatt hours
2024-11,SAT,South Atlantic,TRA,transportation,13,10.1,9.47018,93.75713,number of customers,cents per kilowatt-hour,million dollars,million kilowatt hours
2024-11,SC,South Carolina,ALL,all sectors,3015029,11.04,671.55087,6085.59773,number of customers,cents per kilowatt-hour,million dollars,million kilowatt hours
2024-11,SC,South Carolina,COM,commercial,414056,11.28,209.34225,1855.4343,number of customers,cents per kilowatt-hour,million dollars,million kilowatt hours
2024-11,SC,South Carolina,IND,industrial,3566,6.75,151.06433,2237.6059,number of customers,cents per kilowatt-hour,million dollars,million kilowatt hours
2024-11,SC,South Carolina,OTH,other,,,,,number of customers,cents per kilowatt-hour,million dollars,million kilowatt hours
2024-11,SC,South Carolina,RES,residential,2597407,15.62,311.14428,1992.55753,number of customers,cents per kilowatt-hour,million dollars,million kilowatt hours
2024-11,SC,South Carolina,TRA,transportation,0,0,0,0,number of customers,cents per kilowatt-hour,million dollars,million kilowatt hours
2024-11,SD,South Dakota,ALL,all sectors,519621,11,117.70799,1069.86311,number of customers,cents per kilowatt-hour,million dollars,million kilowatt hours
2024-11,SD,South Dakota,COM,commercial,78421,10.71,43.50819,406.35876,number of customers,cents per kilowatt-hour,million dollars,million kilowatt hours
2024-11,SD,South Dakota,IND,industrial,4226,8.34,23.39134,280.48329,number of customers,cents per kilowatt-hour,million dollars,million kilowatt hours
2024-11,SD,South Dakota,OTH,other,,,,,number of customers,cents per kilowatt-hour,million dollars,million kilowatt hours
2024-11,SD,South Dakota,RES,residential,436974,13.27,50.80846,383.02106,number of customers,cents per kilowatt-hour,million dollars,million kilowatt hours
2024-11,SD,South Dakota,TRA,transportation,0,0,0,0,number of customers,cents per kilowatt-hour,million dollars,million kilowatt hours
2024-11,TN,Tennessee,ALL,all sectors,3732704,11.1,800.3894,7209.05335,number of customers,cents per kilowatt-hour,million dollars,million kilowatt hours
2024-11,TN,Tennessee,COM,commercial,548083,12.37,334.45009,2703.92941,number of customers,cents per kilowatt-hour,million dollars,million kilowatt hours
2024-11,TN,Tennessee,IND,industrial,1014,6.14,120.12259,1955.57532,number of customers,cents per kilowatt-hour,million dollars,million kilowatt hours
2024-11,TN,Tennessee,OTH,other,,,,,number of customers,cents per kilowatt-hour,million dollars,million kilowatt hours
2024-11,TN,Tennessee,RES,residential,3183607,13.56,345.81672,2549.54862,number of customers,cents per kilowatt-hour,million dollars,million kilowatt hours
2024-11,TN,Tennessee,TRA,transportation,0,0,0,0,number of customers,cents per kilowatt-hour,million dollars,million kilowatt hours
2024-11,TX,Texas,ALL,all sectors,14523899,9.5,3630.81757,38226.61402,number of customers,cents per kilowatt-hour,million dollars,million kilowatt hours
2024-11,TX,Texas,COM,commercial,1548098,8.4,1107.35927,13179.35918,number of customers,cents per kilowatt-hour,million dollars,million kilowatt hours
2024-11,TX,Texas,IND,industrial,389415,6.08,888.43794,14620.68252,number of customers,cents per kilowatt-hour,million dollars,million kilowatt hours
2024-11,TX,Texas,OTH,other,,,,,number of customers,cents per kilowatt-hour,million dollars,million kilowatt hours
2024-11,TX,Texas,RES,residential,12586383,15.68,1634.97778,10425.46816,number of customers,cents per kilowatt-hour,million dollars,million kilowatt hours
2024-11,TX,Texas,TRA,transportation,3,3.86,.04258,1.10417,number of customers,cents per kilowatt-hour,million dollars,million kilowatt hours
2024-11,US,U.S. Total,ALL,all sectors,163742656,12.57,37179.87374,295796.04266,number of customers,cents per kilowatt-hour,million dollars,million kilowatt hours
2024-11,US,U.S. Total,COM,commercial,19419379,12.35,13844.13427,112090.79487,number of customers,cents per kilowatt-hour,million dollars,million kilowatt hours
2024-11,US,U.S. Total,IND,industrial,1109668,7.85,6623.14005,84368.99389,number of customers,cents per kilowatt-hour,million dollars,million kilowatt hours
2024-11,US,U.S. Total,OTH,other,,,,,number of customers,cents per kilowatt-hour,million dollars,million kilowatt hours
2024-11,US,U.S. Total,RES,residential,143213528,16.85,16644.04118,98781.89253,number of customers,cents per kilowatt-hour,million dollars,million kilowatt hours
2024-11,US,U.S. Total,TRA,transportation,81,12.37,68.55824,554.36138,number of customers,cents per kilowatt-hour,million dollars,million kilowatt hours
2024-11,UT,Utah,ALL,all sectors,1440733,9.81,262.23066,2674.38771,number of customers,cents per kilowatt-hour,million dollars,million kilowatt hours
2024-11,UT,Utah,COM,commercial,146741,9.56,108.59749,1135.60398,number of customers,cents per kilowatt-hour,million dollars,million kilowatt hours
2024-11,UT,Utah,IND,industrial,10764,7.4,52.49222,709.5827,number of customers,cents per kilowatt-hour,million dollars,million kilowatt hours
2024-11,UT,Utah,OTH,other,,,,,number of customers,cents per kilowatt-hour,million dollars,million kilowatt hours
2024-11,UT,Utah,RES,residential,1283227,12.2,100.61485,824.86803,number of customers,cents per kilowatt-hour,million dollars,million kilowatt hours
2024-11,UT,Utah,TRA,transportation,1,12.14,.5261,4.33301,number of customers,cents per kilowatt-hour,million dollars,million kilowatt hours
2024-11,VA,Virginia,ALL,all sectors,4121114,10.2,1067.48539,10465.37489,number of customers,cents per kilowatt-hour,million dollars,million kilowatt hours
2024-11,VA,Virginia,COM,commercial,446175,8.28,522.66524,6312.76134,number of customers,cents per kilowatt-hour,million dollars,million kilowatt hours
2024-11,VA,Virginia,IND,industrial,3868,8.59,92.04805,1071.17073,number of customers,cents per kilowatt-hour,million dollars,million kilowatt hours
2024-11,VA,Virginia,OTH,other,,,,,number of customers,cents per kilowatt-hour,million dollars,million kilowatt hours
2024-11,VA,Virginia,RES,residential,3671070,14.73,450.82653,3060.92565,number of customers,cents per kilowatt-hour,million dollars,million kilowatt hours
2024-11,VA,Virginia,TRA,transportation,1,9.48,1.94556,20.51717,number of customers,cents per kilowatt-hour,million dollars,million kilowatt hours
2024-11,VT,Vermont,ALL,all sectors,389530,20.16,80.8982,401.30893,number of customers,cents per kilowatt-hour,million dollars,million kilowatt hours
2024-11,VT,Vermont,COM,commercial,64992,20.21,29.15982,144.29184,number of customers,cents per kilowatt-hour,million dollars,million kilowatt hours
2024-11,VT,Vermont,IND,industrial,239,12.22,12.20119,99.8554,number of customers,cents per kilowatt-hour,million dollars,million kilowatt hours
2024-11,VT,Vermont,OTH,other,,,,,number of customers,cents per kilowatt-hour,million dollars,million kilowatt hours
2024-11,VT,Vermont,RES,residential,324299,25.16,39.53719,157.16169,number of customers,cents per kilowatt-hour,million dollars,million kilowatt hours
2024-11,VT,Vermont,TRA,transportation,0,0,0,0,number of customers,cents per kilowatt-hour,million dollars,million kilowatt hours
2024-11,WA,Washington,ALL,all sectors,3847609,10.35,753.69097,7280.38547,number of customers,cents per kilowatt-hour,million dollars,million kilowatt hours
2024-11,WA,Washington,COM,commercial,407963,10,269.77368,2698.77045,number of customers,cents per kilowatt-hour,million dollars,million kilowatt hours
2024-11,WA,Washington,IND,industrial,25856,6.51,91.75957,1410.58794,number of customers,cents per kilowatt-hour,million dollars,million kilowatt hours
2024-11,WA,Washington,OTH,other,,,,,number of customers,cents per kilowatt-hour,million dollars,million kilowatt hours
2024-11,WA,Washington,RES,residential,3413785,12.37,391.20312,3163.01267,number of customers,cents per kilowatt-hour,million dollars,million kilowatt hours
2024-11,WA,Washington,TRA,transportation,5,11.91,.9546,8.01441,number of customers,cents per kilowatt-hour,million dollars,million kilowatt hours
2024-11,WI,Wisconsin,ALL,all sectors,3227832,12.18,637.09268,5228.80456,number of customers,cents per kilowatt-hour,million dollars,million kilowatt hours
2024-11,WI,Wisconsin,COM,commercial,369741,12.31,218.3297,1772.94137,number of customers,cents per kilowatt-hour,million dollars,million kilowatt hours
2024-11,WI,Wisconsin,IND,industrial,5674,7.82,142.82292,1825.69652,number of customers,cents per kilowatt-hour,million dollars,million kilowatt hours
2024-11,WI,Wisconsin,OTH,other,,,,,number of customers,cents per kilowatt-hour,million dollars,million kilowatt hours
2024-11,WI,Wisconsin,RES,residential,2852415,16.93,275.91964,1630.04664,number of customers,cents per kilowatt-hour,million dollars,million kilowatt hours
2024-11,WI,Wisconsin,TRA,transportation,2,17.01,.02042,.12003,number of customers,cents per kilowatt-hour,million dollars,million kilowatt hours
2024-11,WNC,West North Central,ALL,all sectors,11719058,9.96,2406.06101,24149.50278,number of customers,cents per kilowatt-hour,million dollars,million kilowatt hours
2024-11,WNC,West North Central,COM,commercial,1529743,9.7,838.88279,8651.58202,number of customers,cents per kilowatt-hour,million dollars,million kilowatt hours
2024-11,WNC,West North Central,IND,industrial,127346,7.28,602.32552,8271.33794,number of customers,cents per kilowatt-hour,million dollars,million kilowatt hours
2024-11,WNC,West North Central,OTH,other,,,,,number of customers,cents per kilowatt-hour,million dollars,million kilowatt hours
2024-11,WNC,West North Central,RES,residential,10061966,13.35,964.56264,7223.55246,number of customers,cents per kilowatt-hour,million dollars,million kilowatt hours
2024-11,WNC,West North Central,TRA,transportation,3,9.57,.29006,3.03037,number of customers,cents per kilowatt-hour,million dollars,million kilowatt hours
2024-11,WSC,West South Central,ALL,all sectors,20933369,9.23,5023.59615,54425.30419,number of customers,cents per kilowatt-hour,million dollars,million kilowatt hours
2024-11,WSC,West South Central,COM,commercial,2355753,8.68,1553.5768,17888.56807,number of customers,cents per kilowatt-hour,million dollars,million kilowatt hours
2024-11,WSC,West South Central,IND,industrial,464015,5.91,1277.26918,21619.03614,number of customers,cents per kilowatt-hour,million dollars,million kilowatt hours
2024-11,WSC,West South Central,OTH,other,,,,,number of customers,cents per kilowatt-hour,million dollars,million kilowatt hours
2024-11,WSC,West South Central,RES,residential,18113595,14.7,2192.61771,14915.78671,number of customers,cents per kilowatt-hour,million dollars,million kilowatt hours
2024-11,WSC,West South Central,TRA,transportation,6,6.92,.13245,1.91327,number of customers,cents per kilowatt-hour,million dollars,million kilowatt hours
2024-11,WV,West Virginia,ALL,all sectors,1029673,11.4,291.12755,2553.18078,number of customers,cents per kilowatt-hour,million dollars,million kilowatt hours
2024-11,WV,West Virginia,COM,commercial,152300,12.6,73.22006,581.33976,number of customers,cents per kilowatt-hour,million dollars,million kilowatt hours
2024-11,WV,West Virginia,IND,industrial,10955,8.02,96.78273,1207.34584,number of customers,cents per kilowatt-hour,million dollars,million kilowatt hours
2024-11,WV,West Virginia,OTH,other,,,,,number of customers,cents per kilowatt-hour,million dollars,million kilowatt hours
2024-11,WV,West Virginia,RES,residential,866418,15.84,121.12476,764.49518,number of customers,cents per kilowatt-hour,million dollars,million kilowatt hours
2024-11,WV,West Virginia,TRA,transportation,0,0,0,0,number of customers,cents per kilowatt-hour,million dollars,million kilowatt hours
2024-11,WY,Wyoming,ALL,all sectors,358781,9.55,133.17766,1394.03706,number of customers,cents per kilowatt-hour,million dollars,million kilowatt hours
2024-11,WY,Wyoming,COM,commercial,59128,9.66,41.28636,427.32736,number of customers,cents per kilowatt-hour,million dollars,million kilowatt hours
2024-11,WY,Wyoming,IND,industrial,11884,8.43,61.16638,725.78979,number of customers,cents per kilowatt-hour,million dollars,million kilowatt hours
2024-11,WY,Wyoming,OTH,other,,,,,number of customers,cents per kilowatt-hour,million dollars,million kilowatt hours
2024-11,WY,Wyoming,RES,residential,287769,12.75,30.72493,240.91991,number of customers,cents per kilowatt-hour,million dollars,million kilowatt hours
2024-11,WY,Wyoming,TRA,transportation,0,0,0,0,number of customers,cents per kilowatt-hour,million dollars,million kilowatt hours
2024-10,AK,Alaska,ALL,all sectors,358192,22.51,110.22654,489.65769,number of customers,cents per kilowatt-hour,million dollars,million kilowatt hours
2024-10,AK,Alaska,COM,commercial,57231,21.89,46.62954,213.00659,number of customers,cents per kilowatt-hour,million dollars,million kilowatt hours
2024-10,AK,Alaska,IND,industrial,1195,19.34,22.53591,116.513,number of customers,cents per kilowatt-hour,million dollars,million kilowatt hours
2024-10,AK,Alaska,OTH,other,,,,,number of customers,cents per kilowatt-hour,million dollars,million kilowatt hours
2024-10,AK,Alaska,RES,residential,299766,25.64,41.06109,160.13809,number of customers,cents per kilowatt-hour,million dollars,million kilowatt hours
2024-10,AK,Alaska,TRA,transportation,0,0,0,0,number of customers,cents per kilowatt-hour,million dollars,million kilowatt hours
2024-10,AL,Alabama,ALL,all sectors,2809619,11.83,801.63979,6778.1391,number of customers,cents per kilowatt-hour,million dollars,million kilowatt hours
2024-10,AL,Alabama,COM,commercial,392476,13.75,253.69745,1845.35582,number of customers,cents per kilowatt-hour,million dollars,million kilowatt hours
2024-10,AL,Alabama,IND,industrial,7225,7.38,199.71629,2705.47534,number of customers,cents per kilowatt-hour,million dollars,million kilowatt hours
2024-10,AL,Alabama,OTH,other,,,,,number of customers,cents per kilowatt-hour,million dollars,million kilowatt hours
2024-10,AL,Alabama,RES,residential,2409918,15.63,348.22606,2227.30794,number of customers,cents per kilowatt-hour,million dollars,million kilowatt hours
2024-10,AL,Alabama,TRA,transportation,0,0,0,0,number of customers,cents per kilowatt-hour,million dollars,million kilowatt hours
2024-10,AR,Arkansas,ALL,all sectors,1731080,9.65,376.30937,3899.90975,number of customers,cents per kilowatt-hour,million dollars,million kilowatt hours
2024-10,AR,Arkansas,COM,commercial,208236,10.43,102.65708,984.26195,number of customers,cents per kilowatt-hour,million dollars,million kilowatt hours
2024-10,AR,Arkansas,IND,industrial,38219,6.74,109.05205,1618.21853,number of customers,cents per kilowatt-hour,million dollars,million kilowatt hours
2024-10,AR,Arkansas,OTH,other,,,,,number of customers,cents per kilowatt-hour,million dollars,million kilowatt hours
2024-10,AR,Arkansas,RES,residential,1484623,12.69,164.59727,1297.40561,number of customers,cents per kilowatt-hour,million dollars,million kilowatt hours
2024-10,AR,Arkansas,TRA,transportation,2,12.58,.00297,.02365,number of customers,cents per kilowatt-hour,million dollars,million kilowatt hours
2024-10,AZ,Arizona,ALL,all sectors,3512429,12.72,974.53488,7662.07442,number of customers,cents per kilowatt-hour,million dollars,million kilowatt hours
2024-10,AZ,Arizona,COM,commercial,349535,12.22,380.17736,3112.05292,number of customers,cents per kilowatt-hour,million dollars,million kilowatt hours
2024-10,AZ,Arizona,IND,industrial,7464,7.61,89.79421,1180.66146,number of customers,cents per kilowatt-hour,million dollars,million kilowatt hours
2024-10,AZ,Arizona,OTH,other,,,,,number of customers,cents per kilowatt-hour,million dollars,million kilowatt hours
2024-10,AZ,Arizona,RES,residential,3155428,14.98,504.46224,3368.46641,number of customers,cents per kilowatt-hour,million dollars,million kilowatt hours
2024-10,AZ,Arizona,TRA,transportation,2,11.31,.10107,.89363,number of customers,cents per kilowatt-hour,million dollars,million kilowatt hours
2024-10,CA,California,ALL,all sectors,16663402,27.85,6120.78227,21974.12401,number of customers,cents per kilowatt-hour,million dollars,million kilowatt hours
2024-10,CA,California,COM,commercial,1826652,26.46,2807.60153,10608.9643,number of customers,cents per kilowatt-hour,million dollars,million kilowatt hours
2024-10,CA,California,IND,industrial,153619,23.1,904.51494,3915.38931,number of customers,cents per kilowatt-hour,million dollars,million kilowatt hours
2024-10,CA,California,OTH,other,,,,,number of customers,cents per kilowatt-hour,million dollars,million kilowatt hours
2024-10,CA,California,RES,residential,14683118,32.45,2397.30832,7388.2996,number of customers,cents per kilowatt-hour,million dollars,million kilowatt hours
2024-10,CA,California,TRA,transportation,13,18.48,11.35748,61.47079,number of customers,cents per kilowatt-hour,million dollars,million kilowatt hours
2024-10,CO,Colorado,ALL,all sectors,2992093,11.89,531.03983,4468.04493,number of customers,cents per kilowatt-hour,million dollars,million kilowatt hours
2024-10,CO,Colorado,COM,commercial,407472,11.51,199.22504,1731.18691,number of customers,cents per kilowatt-hour,million dollars,million kilowatt hours
2024-10,CO,Colorado,IND,industrial,14752,8.39,104.36451,1244.30949,number of customers,cents per kilowatt-hour,million dollars,million kilowatt hours
2024-10,CO,Colorado,OTH,other,,,,,number of customers,cents per kilowatt-hour,million dollars,million kilowatt hours
2024-10,CO,Colorado,RES,residential,2569868,15.26,226.87479,1486.44823,number of customers,cents per kilowatt-hour,million dollars,million kilowatt hours
2024-10,CO,Colorado,TRA,transportation,1,9.43,.5755,6.1003,number of customers,cents per kilowatt-hour,million dollars,million kilowatt hours
2024-10,CT,Connecticut,ALL,all sectors,1718642,25.2,503.42404,1997.47857,number of customers,cents per kilowatt-hour,million dollars,million kilowatt hours
2024-10,CT,Connecticut,COM,commercial,156748,22.91,211.39206,922.83245,number of customers,cents per kilowatt-hour,million dollars,million kilowatt hours
2024-10,CT,Connecticut,IND,industrial,3837,17.44,40.22892,230.69069,number of customers,cents per kilowatt-hour,million dollars,million kilowatt hours
2024-10,CT,Connecticut,OTH,other,,,,,number of customers,cents per kilowatt-hour,million dollars,million kilowatt hours
2024-10,CT,Connecticut,RES,residential,1558054,30,248.53788,828.57201,number of customers,cents per kilowatt-hour,million dollars,million kilowatt hours
2024-10,CT,Connecticut,TRA,transportation,3,21.23,3.26518,15.38341,number of customers,cents per kilowatt-hour,million dollars,million kilowatt hours
2024-10,DC,District of Columbia,ALL,all sectors,348339,17.11,122.98426,718.91288,number of customers,cents per kilowatt-hour,million dollars,million kilowatt hours
2024-10,DC,District of Columbia,COM,commercial,27576,16.98,90.66722,534.12033,number of customers,cents per kilowatt-hour,million dollars,million kilowatt hours
2024-10,DC,District of Columbia,IND,industrial,1,16.61,1.98771,11.96495,number of customers,cents per kilowatt-hour,million dollars,million kilowatt hours
2024-10,DC,District of Columbia,OTH,other,,,,,number of customers,cents per kilowatt-hour,million dollars,million kilowatt hours
2024-10,DC,District of Columbia,RES,residential,320759,18.59,28.07444,151.01898,number of customers,cents per kilowatt-hour,million dollars,million kilowatt hours
2024-10,DC,District of Columbia,TRA,transportation,3,10.34,2.25489,21.80863,number of customers,cents per kilowatt-hour,million dollars,million kilowatt hours
2024-10,DE,Delaware,ALL,all sectors,537566,13.98,108.80711,778.44341,number of customers,cents per kilowatt-hour,million dollars,million kilowatt hours
2024-10,DE,Delaware,COM,commercial,60835,12.81,41.30761,322.35953,number of customers,cents per kilowatt-hour,million dollars,million kilowatt hours
2024-10,DE,Delaware,IND,industrial,1161,8.54,13.37396,156.6107,number of customers,cents per kilowatt-hour,million dollars,million kilowatt hours
2024-10,DE,Delaware,OTH,other,,,,,number of customers,cents per kilowatt-hour,million dollars,million kilowatt hours
2024-10,DE,Delaware,RES,residential,475570,18.07,54.12554,299.47318,number of customers,cents per kilowatt-hour,million dollars,million kilowatt hours
2024-10,DE,Delaware,TRA,transportation,0,0,0,0,number of customers,cents per kilowatt-hour,million dollars,million kilowatt hours
2024-10,ENC,East North Central,ALL,all sectors,23580216,12.07,5089.24027,42155.3898,number of customers,cents per kilowatt-hour,million dollars,million kilowatt hours
2024-10,ENC,East North Central,COM,commercial,2576614,12.17,1780.90553,14639.63667,number of customers,cents per kilowatt-hour,million dollars,million kilowatt hours
2024-10,ENC,East North Central,IND,industrial,54507,8.11,1245.09402,15357.52528,number of customers,cents per kilowatt-hour,million dollars,million kilowatt hours
2024-10,ENC,East North Central,OTH,other,,,,,number of customers,cents per kilowatt-hour,million dollars,million kilowatt hours
2024-10,ENC,East North Central,RES,residential,20949085,17,2059.73936,12116.27349,number of customers,cents per kilowatt-hour,million dollars,million kilowatt hours
2024-10,ENC,East North Central,TRA,transportation,10,8.35,3.50136,41.95436,number of customers,cents per kilowatt-hour,million dollars,million kilowatt hours
2024-10,ESC,East South Central,ALL,all sectors,10562289,10.89,2640.37073,24254.1671,number of customers,cents per kilowatt-hour,million dollars,million kilowatt hours
2024-10,ESC,East South Central,COM,commercial,1516031,12.3,943.37388,7670.48566,number of customers,cents per kilowatt-hour,million dollars,million kilowatt hours
2024-10,ESC,East South Central,IND,industrial,24230,6.75,566.30831,8390.49452,number of customers,cents per kilowatt-hour,million dollars,million kilowatt hours
2024-10,ESC,East South Central,OTH,other,,,,,number of customers,cents per kilowatt-hour,million dollars,million kilowatt hours
2024-10,ESC,East South Central,RES,residential,9022028,13.8,1130.68854,8193.18692,number of customers,cents per kilowatt-hour,million dollars,million kilowatt hours
2024-10,ESC,East South Central,TRA,transportation,0,0,0,0,number of customers,cents per kilowatt-hour,million dollars,million kilowatt hours
2024-10,FL,Florida,ALL,all sectors,11850583,12.54,2655.94433,21184.25103,number of customers,cents per kilowatt-hour,million dollars,million kilowatt hours
2024-10,FL,Florida,COM,commercial,1314341,10.96,905.2306,8259.52051,number of customers,cents per kilowatt-hour,million dollars,million kilowatt hours
2024-10,FL,Florida,IND,industrial,26314,8.5,118.84263,1398.85716,number of customers,cents per kilowatt-hour,million dollars,million kilowatt hours
2024-10,FL,Florida,OTH,other,,,,,number of customers,cents per kilowatt-hour,million dollars,million kilowatt hours
2024-10,FL,Florida,RES,residential,10509926,14.16,1631.26143,11520.09567,number of customers,cents per kilowatt-hour,million dollars,million kilowatt hours
2024-10,FL,Florida,TRA,transportation,2,10.55,.60967,5.77769,number of customers,cents per kilowatt-hour,million dollars,million kilowatt hours
2024-10,GA,Georgia,ALL,all sectors,5494463,10.82,1263.4888,11677.29724,number of customers,cents per kilowatt-hour,million dollars,million kilowatt hours
2024-10,GA,Georgia,COM,commercial,622037,10.62,485.15577,4568.06885,number of customers,cents per kilowatt-hour,million dollars,million kilowatt hours
2024-10,GA,Georgia,IND,industrial,24166,6.39,178.33956,2792.17007,number of customers,cents per kilowatt-hour,million dollars,million kilowatt hours
2024-10,GA,Georgia,OTH,other,,,,,number of customers,cents per kilowatt-hour,million dollars,million kilowatt hours
2024-10,GA,Georgia,RES,residential,4848259,13.92,599.21473,4304.23458,number of customers,cents per kilowatt-hour,million dollars,million kilowatt hours
2024-10,GA,Georgia,TRA,transportation,1,6.07,.77874,12.82373,number of customers,cents per kilowatt-hour,million dollars,million kilowatt hours
2024-10,HI,Hawaii,ALL,all sectors,507368,36.11,290.44005,804.29887,number of customers,cents per kilowatt-hour,million dollars,million kilowatt hours
2024-10,HI,Hawaii,COM,commercial,59586,36.29,92.67224,255.3896,number of customers,cents per kilowatt-hour,million dollars,million kilowatt hours
2024-10,HI,Hawaii,IND,industrial,825,31.99,100.31909,313.61653,number of customers,cents per kilowatt-hour,million dollars,million kilowatt hours
2024-10,HI,Hawaii,OTH,other,,,,,number of customers,cents per kilowatt-hour,million dollars,million kilowatt hours
2024-10,HI,Hawaii,RES,residential,446957,41.42,97.44872,235.29274,number of customers,cents per kilowatt-hour,million dollars,million kilowatt hours
2024-10,HI,Hawaii,TRA,transportation,0,0,0,0,number of customers,cents per kilowatt-hour,million dollars,million kilowatt hours
2024-10,IA,Iowa,ALL,all sectors,1715618,8.72,380.45968,4364.20583,number of customers,cents per kilowatt-hour,million dollars,million kilowatt hours
2024-10,IA,Iowa,COM,commercial,252218,9.98,106.12253,1062.89407,number of customers,cents per kilowatt-hour,million dollars,million kilowatt hours
2024-10,IA,Iowa,IND,industrial,9236,6.36,149.78803,2355.3726,number of customers,cents per kilowatt-hour,million dollars,million kilowatt hours
2024-10,IA,Iowa,OTH,other,,,,,number of customers,cents per kilowatt-hour,million dollars,million kilowatt hours
2024-10,IA,Iowa,RES,residential,1454164,13.17,124.54913,945.93916,number of customers,cents per kilowatt-hour,million dollars,million kilowatt hours
2024-10,IA,Iowa,TRA,transportation,0,0,0,0,number of customers,cents per kilowatt-hour,million dollars,million kilowatt hours
2024-10,ID,Idaho,ALL,all sectors,1029213,9.1,172.76205,1897.46744,number of customers,cents per kilowatt-hour,million dollars,million kilowatt hours
2024-10,ID,Idaho,COM,commercial,124520,9.41,52.45135,557.28619,number of customers,cents per kilowatt-hour,million dollars,million kilowatt hours
2024-10,ID,Idaho,IND,industrial,29745,6.13,43.66182,712.11485,number of customers,cents per kilowatt-hour,million dollars,million kilowatt hours
2024-10,ID,Idaho,OTH,other,,,,,number of customers,cents per kilowatt-hour,million dollars,million kilowatt hours
2024-10,ID,Idaho,RES,residential,874948,12.2,76.64888,628.06641,number of customers,cents per kilowatt-hour,million dollars,million kilowatt hours
2024-10,ID,Idaho,TRA,transportation,0,0,0,0,number of customers,cents per kilowatt-hour,million dollars,million kilowatt hours
2024-10,IL,Illinois,ALL,all sectors,5999499,12.37,1243.785,10058.19285,number of customers,cents per kilowatt-hour,million dollars,million kilowatt hours
2024-10,IL,Illinois,COM,commercial,636338,12.29,453.83838,3692.37154,number of customers,cents per kilowatt-hour,million dollars,million kilowatt hours
2024-10,IL,Illinois,IND,industrial,5623,9.09,314.9291,3464.43348,number of customers,cents per kilowatt-hour,million dollars,million kilowatt hours
2024-10,IL,Illinois,OTH,other,,,,,number of customers,cents per kilowatt-hour,million dollars,million kilowatt hours
2024-10,IL,Illinois,RES,residential,5357535,16.48,471.96912,2863.71569,number of customers,cents per kilowatt-hour,million dollars,million kilowatt hours
2024-10,IL,Illinois,TRA,transportation,3,8.09,3.0484,37.67213,number of customers,cents per kilowatt-hour,million dollars,million kilowatt hours
2024-10,IN,Indiana,ALL,all sectors,3462733,11.36,844.93623,7435.70809,number of customers,cents per kilowatt-hour,million dollars,million kilowatt hours
2024-10,IN,Indiana,COM,commercial,375576,12.61,237.70973,1885.63863,number of customers,cents per kilowatt-hour,million dollars,million kilowatt hours
2024-10,IN,Indiana,IND,industrial,19388,8.08,280.46048,3472.34876,number of customers,cents per kilowatt-hour,million dollars,million kilowatt hours
2024-10,IN,Indiana,OTH,other,,,,,number of customers,cents per kilowatt-hour,million dollars,million kilowatt hours
2024-10,IN,Indiana,RES,residential,3067768,15.73,326.58207,2076.1367,number of customers,cents per kilowatt-hour,million dollars,million kilowatt hours
2024-10,IN,Indiana,TRA,transportation,1,11.61,.18395,1.58401,number of customers,cents per kilowatt-hour,million dollars,million kilowatt hours
2024-10,KS,Kansas,ALL,all sectors,1591047,10.96,345.07269,3147.14811,number of customers,cents per kilowatt-hour,million dollars,million kilowatt hours
2024-10,KS,Kansas,COM,commercial,246246,10.91,138.24247,1267.45903,number of customers,cents per kilowatt-hour,million dollars,million kilowatt hours
2024-10,KS,Kansas,IND,industrial,23754,7.69,72.52726,943.20156,number of customers,cents per kilowatt-hour,million dollars,million kilowatt hours
2024-10,KS,Kansas,OTH,other,,,,,number of customers,cents per kilowatt-hour,million dollars,million kilowatt hours
2024-10,KS,Kansas,RES,residential,1321047,14.34,134.30296,936.48753,number of customers,cents per kilowatt-hour,million dollars,million kilowatt hours
2024-10,KS,Kansas,TRA,transportation,0,0,0,0,number of customers,cents per kilowatt-hour,million dollars,million kilowatt hours
2024-10,KY,Kentucky,ALL,all sectors,2416718,9.97,560.63018,5625.89295,number of customers,cents per kilowatt-hour,million dollars,million kilowatt hours
2024-10,KY,Kentucky,COM,commercial,328519,11.47,188.83242,1646.25775,number of customers,cents per kilowatt-hour,million dollars,million kilowatt hours
2024-10,KY,Kentucky,IND,industrial,4796,6.55,153.07179,2336.2432,number of customers,cents per kilowatt-hour,million dollars,million kilowatt hours
2024-10,KY,Kentucky,OTH,other,,,,,number of customers,cents per kilowatt-hour,million dollars,million kilowatt hours
2024-10,KY,Kentucky,RES,residential,2083403,13.31,218.72597,1643.39199,number of customers,cents per kilowatt-hour,million dollars,million kilowatt hours
2024-10,KY,Kentucky,TRA,transportation,0,0,0,0,number of customers,cents per kilowatt-hour,million dollars,million kilowatt hours
2024-10,LA,Louisiana,ALL,all sectors,2475524,8.71,686.06295,7881.23086,number of customers,cents per kilowatt-hour,million dollars,million kilowatt hours
2024-10,LA,Louisiana,COM,commercial,302278,10.4,210.22354,2020.84252,number of customers,cents per kilowatt-hour,million dollars,million kilowatt hours
2024-10,LA,Louisiana,IND,industrial,18103,5.45,188.1361,3452.93096,number of customers,cents per kilowatt-hour,million dollars,million kilowatt hours
2024-10,LA,Louisiana,OTH,other,,,,,number of customers,cents per kilowatt-hour,million dollars,million kilowatt hours
2024-10,LA,Louisiana,RES,residential,2155142,11.95,287.60228,2406.569,number of customers,cents per kilowatt-hour,million dollars,million kilowatt hours
2024-10,LA,Louisiana,TRA,transportation,1,11.37,.10104,.88837,number of customers,cents per kilowatt-hour,million dollars,million kilowatt hours
2024-10,MA,Massachusetts,ALL,all sectors,3382676,23.59,904.27932,3832.56769,number of customers,cents per kilowatt-hour,million dollars,million kilowatt hours
2024-10,MA,Massachusetts,COM,commercial,420293,20.54,387.54312,1886.35201,number of customers,cents per kilowatt-hour,million dollars,million kilowatt hours
2024-10,MA,Massachusetts,IND,industrial,10350,19.06,89.53234,469.85177,number of customers,cents per kilowatt-hour,million dollars,million kilowatt hours
2024-10,MA,Massachusetts,OTH,other,,,,,number of customers,cents per kilowatt-hour,million dollars,million kilowatt hours
2024-10,MA,Massachusetts,RES,residential,2952031,29.25,425.11849,1453.16518,number of customers,cents per kilowatt-hour,million dollars,million kilowatt hours
2024-10,MA,Massachusetts,TRA,transportation,2,8.99,2.08537,23.19873,number of customers,cents per kilowatt-hour,million dollars,million kilowatt hours
2024-10,MAT,Middle Atlantic,ALL,all sectors,19213399,15.88,4215.01699,26541.40225,number of customers,cents per kilowatt-hour,million dollars,million kilowatt hours
2024-10,MAT,Middle Atlantic,COM,commercial,2447109,15.67,1831.73894,11686.61502,number of customers,cents per kilowatt-hour,million dollars,million kilowatt hours
2024-10,MAT,Middle Atlantic,IND,industrial,39153,8.52,502.13203,5896.95958,number of customers,cents per kilowatt-hour,million dollars,million kilowatt hours
2024-10,MAT,Middle Atlantic,OTH,other,,,,,number of customers,cents per kilowatt-hour,million dollars,million kilowatt hours
2024-10,MAT,Middle Atlantic,RES,residential,16727119,21.29,1843.77514,8658.3078,number of customers,cents per kilowatt-hour,million dollars,million kilowatt hours
2024-10,MAT,Middle Atlantic,TRA,transportation,18,12.48,37.37088,299.51984,number of customers,cents per kilowatt-hour,million dollars,million kilowatt hours
2024-10,MD,Maryland,ALL,all sectors,2728527,15.32,627.01445,4092.80197,number of customers,cents per kilowatt-hour,million dollars,million kilowatt hours
2024-10,MD,Maryland,COM,commercial,261621,13.15,280.65733,2134.28391,number of customers,cents per kilowatt-hour,million dollars,million kilowatt hours
2024-10,MD,Maryland,IND,industrial,9289,9.89,29.31987,296.52751,number of customers,cents per kilowatt-hour,million dollars,million kilowatt hours
2024-10,MD,Maryland,OTH,other,,,,,number of customers,cents per kilowatt-hour,million dollars,million kilowatt hours
2024-10,MD,Maryland,RES,residential,2457612,19.21,313.49186,1631.73306,number of customers,cents per kilowatt-hour,million dollars,million kilowatt hours
2024-10,MD,Maryland,TRA,transportation,5,11.72,3.54539,30.2575,number of customers,cents per kilowatt-hour,million dollars,million kilowatt hours
2024-10,ME,Maine,ALL,all sectors,851195,19.99,173.67032,868.60378,number of customers,cents per kilowatt-hour,million dollars,million kilowatt hours
2024-10,ME,Maine,COM,commercial,113207,18.37,62.80231,341.81279,number of customers,cents per kilowatt-hour,million dollars,million kilowatt hours
2024-10,ME,Maine,IND,industrial,1902,12.32,22.81286,185.1625,number of customers,cents per kilowatt-hour,million dollars,million kilowatt hours
2024-10,ME,Maine,OTH,other,,,,,number of customers,cents per kilowatt-hour,million dollars,million kilowatt hours
2024-10,ME,Maine,RES,residential,736086,25.78,88.05515,341.6285,number of customers,cents per kilowatt-hour,million dollars,million kilowatt hours
2024-10,ME,Maine,TRA,transportation,0,0,0,0,number of customers,cents per kilowatt-hour,million dollars,million kilowatt hours
2024-10,MI,Michigan,ALL,all sectors,5097812,13.73,1035.3066,7541.62371,number of customers,cents per kilowatt-hour,million dollars,million kilowatt hours
2024-10,MI,Michigan,COM,commercial,566606,13.61,410.79366,3018.48866,number of customers,cents per kilowatt-hour,million dollars,million kilowatt hours
2024-10,MI,Michigan,IND,industrial,5685,8.35,191.05052,2288.52096,number of customers,cents per kilowatt-hour,million dollars,million kilowatt hours
2024-10,MI,Michigan,OTH,other,,,,,number of customers,cents per kilowatt-hour,million dollars,million kilowatt hours
2024-10,MI,Michigan,RES,residential,4525519,19.4,433.41436,2234.27685,number of customers,cents per kilowatt-hour,million dollars,million kilowatt hours
2024-10,MI,Michigan,TRA,transportation,2,14.25,.04807,.33724,number of customers,cents per kilowatt-hour,million dollars,million kilowatt hours
2024-10,MN,Minnesota,ALL,all sectors,2912641,12.2,620.46796,5085.03096,number of customers,cents per kilowatt-hour,million dollars,million kilowatt hours
2024-10,MN,Minnesota,COM,commercial,309598,11.98,219.56927,1832.54825,number of customers,cents per kilowatt-hour,million dollars,million kilowatt hours
2024-10,MN,Minnesota,IND,industrial,9170,9.07,155.4673,1714.61936,number of customers,cents per kilowatt-hour,million dollars,million kilowatt hours
2024-10,MN,Minnesota,OTH,other,,,,,number of customers,cents per kilowatt-hour,million dollars,million kilowatt hours
2024-10,MN,Minnesota,RES,residential,2593872,15.96,245.29565,1536.83805,number of customers,cents per kilowatt-hour,million dollars,million kilowatt hours
2024-10,MN,Minnesota,TRA,transportation,1,13.24,.13574,1.0253,number of customers,cents per kilowatt-hour,million dollars,million kilowatt hours
2024-10,MO,Missouri,ALL,all sectors,3355253,10.18,572.83615,5626.38339,number of customers,cents per kilowatt-hour,million dollars,million kilowatt hours
2024-10,MO,Missouri,COM,commercial,404763,9.45,224.73722,2377.53436,number of customers,cents per kilowatt-hour,million dollars,million kilowatt hours
2024-10,MO,Missouri,IND,industrial,9344,7.36,79.77353,1084.48954,number of customers,cents per kilowatt-hour,million dollars,million kilowatt hours
2024-10,MO,Missouri,OTH,other,,,,,number of customers,cents per kilowatt-hour,million dollars,million kilowatt hours
2024-10,MO,Missouri,RES,residential,2941144,12.4,268.0372,2161.98682,number of customers,cents per kilowatt-hour,million dollars,million kilowatt hours
2024-10,MO,Missouri,TRA,transportation,2,12.15,.2882,2.37267,number of customers,cents per kilowatt-hour,million dollars,million kilowatt hours
2024-10,MS,Mississippi,ALL,all sectors,1604365,10.77,426.65817,3959.90063,number of customers,cents per kilowatt-hour,million dollars,million kilowatt hours
2024-10,MS,Mississippi,COM,commercial,247833,12.12,146.38555,1208.23265,number of customers,cents per kilowatt-hour,million dollars,million kilowatt hours
2024-10,MS,Mississippi,IND,industrial,11199,6.67,91.65216,1373.75462,number of customers,cents per kilowatt-hour,million dollars,million kilowatt hours
2024-10,MS,Mississippi,OTH,other,,,,,number of customers,cents per kilowatt-hour,million dollars,million kilowatt hours
2024-10,MS,Mississippi,RES,residential,1345333,13.69,188.62047,1377.91336,number of customers,cents per kilowatt-hour,million dollars,million kilowatt hours
2024-10,MS,Mississippi,TRA,transportation,0,0,0,0,number of customers,cents per kilowatt-hour,million dollars,million kilowatt hours
2024-10,MT,Montana,ALL,all sectors,713337,10.93,124.64054,1140.53671,number of customers,cents per kilowatt-hour,million dollars,million kilowatt hours
2024-10,MT,Montana,COM,commercial,140354,12.18,49.41669,405.70853,number of customers,cents per kilowatt-hour,million dollars,million kilowatt hours
2024-10,MT,Montana,IND,industrial,12530,7.23,26.93921,372.35482,number of customers,cents per kilowatt-hour,million dollars,million kilowatt hours
2024-10,MT,Montana,OTH,other,,,,,number of customers,cents per kilowatt-hour,million dollars,million kilowatt hours
2024-10,MT,Montana,RES,residential,560453,13.32,48.28464,362.47337,number of customers,cents per kilowatt-hour,million dollars,million kilowatt hours
2024-10,MT,Montana,TRA,transportation,0,0,0,0,number of customers,cents per kilowatt-hour,million dollars,million kilowatt hours
2024-10,MTN,Mountain,ALL,all sectors,12643215,11.09,2791.12306,25177.00373,number of customers,cents per kilowatt-hour,million dollars,million kilowatt hours
2024-10,MTN,Mountain,COM,commercial,1555887,10.94,1031.59746,9426.52338,number of customers,cents per kilowatt-hour,million dollars,million kilowatt hours
2024-10,MTN,Mountain,IND,industrial,101113,7.35,530.47715,7218.55062,number of customers,cents per kilowatt-hour,million dollars,million kilowatt hours
2024-10,MTN,Mountain,OTH,other,,,,,number of customers,cents per kilowatt-hour,million dollars,million kilowatt hours
2024-10,MTN,Mountain,RES,residential,10986210,14.41,1227.7793,8519.86884,number of customers,cents per kilowatt-hour,million dollars,million kilowatt hours
2024-10,MTN,Mountain,TRA,transportation,5,10.52,1.26915,12.06089,number of customers,cents per kilowatt-hour,million dollars,million kilowatt hours
2024-10,NC,North Carolina,ALL,all sectors,5865948,11.93,1215.24139,10186.59049,number of customers,cents per kilowatt-hour,million dollars,million kilowatt hours
2024-10,NC,North Carolina,COM,commercial,752390,10.93,430.97886,3941.30303,number of customers,cents per kilowatt-hour,million dollars,million kilowatt hours
2024-10,NC,North Carolina,IND,industrial,8875,7.8,175.13576,2245.04173,number of customers,cents per kilowatt-hour,million dollars,million kilowatt hours
2024-10,NC,North Carolina,OTH,other,,,,,number of customers,cents per kilowatt-hour,million dollars,million kilowatt hours
2024-10,NC,North Carolina,RES,residential,5104682,15.23,609.01921,3999.22578,number of customers,cents per kilowatt-hour,million dollars,million kilowatt hours
2024-10,NC,North Carolina,TRA,transportation,1,10.55,.10755,1.01996,number of customers,cents per kilowatt-hour,million dollars,million kilowatt hours
2024-10,ND,North Dakota,ALL,all sectors,487327,7.69,184.94073,2406.45617,number of customers,cents per kilowatt-hour,million dollars,million kilowatt hours
2024-10,ND,North Dakota,COM,commercial,77510,6.71,63.63918,947.90226,number of customers,cents per kilowatt-hour,million dollars,million kilowatt hours
2024-10,ND,North Dakota,IND,industrial,10823,7.26,82.52792,1137.4499,number of customers,cents per kilowatt-hour,million dollars,million kilowatt hours
2024-10,ND,North Dakota,OTH,other,,,,,number of customers,cents per kilowatt-hour,million dollars,million kilowatt hours
2024-10,ND,North Dakota,RES,residential,398994,12.08,38.77363,321.10402,number of customers,cents per kilowatt-hour,million dollars,million kilowatt hours
2024-10,ND,North Dakota,TRA,transportation,0,0,0,0,number of customers,cents per kilowatt-hour,million dollars,million kilowatt hours
2024-10,NE,Nebraska,ALL,all sectors,1134187,8.72,242.55911,2780.16937,number of customers,cents per kilowatt-hour,million dollars,million kilowatt hours
2024-10,NE,Nebraska,COM,commercial,162266,8.03,86.73116,1079.4917,number of customers,cents per kilowatt-hour,million dollars,million kilowatt hours
2024-10,NE,Nebraska,IND,industrial,61252,7.15,69.99714,978.4769,number of customers,cents per kilowatt-hour,million dollars,million kilowatt hours
2024-10,NE,Nebraska,OTH,other,,,,,number of customers,cents per kilowatt-hour,million dollars,million kilowatt hours
2024-10,NE,Nebraska,RES,residential,910669,11.88,85.83081,722.20078,number of customers,cents per kilowatt-hour,million dollars,million kilowatt hours
2024-10,NE,Nebraska,TRA,transportation,0,0,0,0,number of customers,cents per kilowatt-hour,million dollars,million kilowatt hours
2024-10,NEW,New England,ALL,all sectors,7646680,23.07,1962.46682,8505.68378,number of customers,cents per kilowatt-hour,million dollars,million kilowatt hours
2024-10,NEW,New England,COM,commercial,934800,20.74,814.59194,3926.95843,number of customers,cents per kilowatt-hour,million dollars,million kilowatt hours
2024-10,NEW,New England,IND,industrial,21176,16.56,198.14717,1196.62879,number of customers,cents per kilowatt-hour,million dollars,million kilowatt hours
2024-10,NEW,New England,OTH,other,,,,,number of customers,cents per kilowatt-hour,million dollars,million kilowatt hours
2024-10,NEW,New England,RES,residential,6690698,28.25,943.9629,3341.63121,number of customers,cents per kilowatt-hour,million dollars,million kilowatt hours
2024-10,NEW,New England,TRA,transportation,6,14.25,5.76481,40.46536,number of customers,cents per kilowatt-hour,million dollars,million kilowatt hours
2024-10,NH,New Hampshire,ALL,all sectors,769777,20.98,170.73886,813.75756,number of customers,cents per kilowatt-hour,million dollars,million kilowatt hours
2024-10,NH,New Hampshire,COM,commercial,112558,19.95,64.49797,323.36089,number of customers,cents per kilowatt-hour,million dollars,million kilowatt hours
2024-10,NH,New Hampshire,IND,industrial,3113,15.55,25.74802,165.53875,number of customers,cents per kilowatt-hour,million dollars,million kilowatt hours
2024-10,NH,New Hampshire,OTH,other,,,,,number of customers,cents per kilowatt-hour,million dollars,million kilowatt hours
2024-10,NH,New Hampshire,RES,residential,654106,24.78,80.49288,324.85791,number of customers,cents per kilowatt-hour,million dollars,million kilowatt hours
2024-10,NH,New Hampshire,TRA,transportation,0,0,0,0,number of customers,cents per kilowatt-hour,million dollars,million kilowatt hours
2024-10,NJ,New Jersey,ALL,all sectors,4299232,15.75,845.91298,5371.3605,number of customers,cents per kilowatt-hour,million dollars,million kilowatt hours
2024-10,NJ,New Jersey,COM,commercial,538372,14.31,422.78319,2954.68229,number of customers,cents per kilowatt-hour,million dollars,million kilowatt hours
2024-10,NJ,New Jersey,IND,industrial,11011,11.28,63.70535,564.73192,number of customers,cents per kilowatt-hour,million dollars,million kilowatt hours
2024-10,NJ,New Jersey,OTH,other,,,,,number of customers,cents per kilowatt-hour,million dollars,million kilowatt hours
2024-10,NJ,New Jersey,RES,residential,3749842,19.56,355.94562,1820.14223,number of customers,cents per kilowatt-hour,million dollars,million kilowatt hours
2024-10,NJ,New Jersey,TRA,transportation,7,10.94,3.47884,31.80406,number of customers,cents per kilowatt-hour,million dollars,million kilowatt hours
2024-10,NM,New Mexico,ALL,all sectors,1097656,8.66,219.80768,2537.25859,number of customers,cents per kilowatt-hour,million dollars,million kilowatt hours
2024-10,NM,New Mexico,COM,commercial,148157,10.2,77.66756,761.38468,number of customers,cents per kilowatt-hour,million dollars,million kilowatt hours
2024-10,NM,New Mexico,IND,industrial,9274,5.31,65.33457,1230.30826,number of customers,cents per kilowatt-hour,million dollars,million kilowatt hours
2024-10,NM,New Mexico,OTH,other,,,,,number of customers,cents per kilowatt-hour,million dollars,million kilowatt hours
2024-10,NM,New Mexico,RES,residential,940225,14.08,76.80555,545.56564,number of customers,cents per kilowatt-hour,million dollars,million kilowatt hours
2024-10,NM,New Mexico,TRA,transportation,0,0,0,0,number of customers,cents per kilowatt-hour,million dollars,million kilowatt hours
2024-10,NV,Nevada,ALL,all sectors,1501383,10.64,355.07796,3336.0083,number of customers,cents per kilowatt-hour,million dollars,million kilowatt hours
2024-10,NV,Nevada,COM,commercial,179799,9.71,117.08039,1205.67822,number of customers,cents per kilowatt-hour,million dollars,million kilowatt hours
2024-10,NV,Nevada,IND,industrial,4685,7.55,78.09085,1034.7236,number of customers,cents per kilowatt-hour,million dollars,million kilowatt hours
2024-10,NV,Nevada,OTH,other,,,,,number of customers,cents per kilowatt-hour,million dollars,million kilowatt hours
2024-10,NV,Nevada,RES,residential,1316898,14.6,159.8427,1094.91055,number of customers,cents per kilowatt-hour,million dollars,million kilowatt hours
2024-10,NV,Nevada,TRA,transportation,1,9.2,.06402,.69594,number of customers,cents per kilowatt-hour,million dollars,million kilowatt hours
2024-10,NY,New York,ALL,all sectors,8625271,19.72,2075.24951,10525.70076,number of customers,cents per kilowatt-hour,million dollars,million kilowatt hours
2024-10,NY,New York,COM,commercial,1166506,19.05,1063.50533,5583.60597,number of customers,cents per kilowatt-hour,million dollars,million kilowatt hours
2024-10,NY,New York,IND,industrial,16511,9.47,121.97105,1288.10225,number of customers,cents per kilowatt-hour,million dollars,million kilowatt hours
2024-10,NY,New York,OTH,other,,,,,number of customers,cents per kilowatt-hour,million dollars,million kilowatt hours
2024-10,NY,New York,RES,residential,7442248,25.05,860.70366,3435.33581,number of customers,cents per kilowatt-hour,million dollars,million kilowatt hours
2024-10,NY,New York,TRA,transportation,6,13.29,29.06947,218.65673,number of customers,cents per kilowatt-hour,million dollars,million kilowatt hours
2024-10,OH,Ohio,ALL,all sectors,5795694,11.23,1324.37504,11790.65218,number of customers,cents per kilowatt-hour,million dollars,million kilowatt hours
2024-10,OH,Ohio,COM,commercial,628310,10.78,447.40283,4149.8756,number of customers,cents per kilowatt-hour,million dollars,million kilowatt hours
2024-10,OH,Ohio,IND,industrial,18130,7.31,307.24663,4201.43447,number of customers,cents per kilowatt-hour,million dollars,million kilowatt hours
2024-10,OH,Ohio,OTH,other,,,,,number of customers,cents per kilowatt-hour,million dollars,million kilowatt hours
2024-10,OH,Ohio,RES,residential,5149252,16.57,569.52155,3437.07545,number of customers,cents per kilowatt-hour,million dollars,million kilowatt hours
2024-10,OH,Ohio,TRA,transportation,2,9,.20403,2.26666,number of customers,cents per kilowatt-hour,million dollars,million kilowatt hours
2024-10,OK,Oklahoma,ALL,all sectors,2206055,9.79,566.89729,5793.29233,number of customers,cents per kilowatt-hour,million dollars,million kilowatt hours
2024-10,OK,Oklahoma,COM,commercial,299740,9.7,210.53048,2170.86179,number of customers,cents per kilowatt-hour,million dollars,million kilowatt hours
2024-10,OK,Oklahoma,IND,industrial,19825,6.27,120.57197,1921.88604,number of customers,cents per kilowatt-hour,million dollars,million kilowatt hours
2024-10,OK,Oklahoma,OTH,other,,,,,number of customers,cents per kilowatt-hour,million dollars,million kilowatt hours
2024-10,OK,Oklahoma,RES,residential,1886490,13.87,235.79484,1700.5445,number of customers,cents per kilowatt-hour,million dollars,million kilowatt hours
2024-10,OK,Oklahoma,TRA,transportation,0,0,0,0,number of customers,cents per kilowatt-hour,million dollars,million kilowatt hours
2024-10,OR,Oregon,ALL,all sectors,2152513,11.09,518.34739,4673.96375,number of customers,cents per kilowatt-hour,million dollars,million kilowatt hours
2024-10,OR,Oregon,COM,commercial,248238,10.16,206.0166,2028.10549,number of customers,cents per kilowatt-hour,million dollars,million kilowatt hours
2024-10,OR,Oregon,IND,industrial,26403,8.15,105.86632,1299.02493,number of customers,cents per kilowatt-hour,million dollars,million kilowatt hours
2024-10,OR,Oregon,OTH,other,,,,,number of customers,cents per kilowatt-hour,million dollars,million kilowatt hours
2024-10,OR,Oregon,RES,residential,1877870,15.33,206.2503,1345.13746,number of customers,cents per kilowatt-hour,million dollars,million kilowatt hours
2024-10,OR,Oregon,TRA,transportation,2,12.63,.21418,1.69586,number of customers,cents per kilowatt-hour,million dollars,million kilowatt hours
2024-10,PA,Pennsylvania,ALL,all sectors,6288896,12.16,1293.8545,10644.34099,number of customers,cents per kilowatt-hour,million dollars,million kilowatt hours
2024-10,PA,Pennsylvania,COM,commercial,742231,10.97,345.45043,3148.32676,number of customers,cents per kilowatt-hour,million dollars,million kilowatt hours
2024-10,PA,Pennsylvania,IND,industrial,11631,7.83,316.45564,4044.12542,number of customers,cents per kilowatt-hour,million dollars,million kilowatt hours
2024-10,PA,Pennsylvania,OTH,other,,,,,number of customers,cents per kilowatt-hour,million dollars,million kilowatt hours
2024-10,PA,Pennsylvania,RES,residential,5535029,18.43,627.12586,3402.82976,number of customers,cents per kilowatt-hour,million dollars,million kilowatt hours
2024-10,PA,Pennsylvania,TRA,transportation,5,9.83,4.82257,49.05905,number of customers,cents per kilowatt-hour,million dollars,million kilowatt hours
2024-10,PACC,Pacific Contiguous,ALL,all sectors,22645729,21.89,7360.04788,33621.30594,number of customers,cents per kilowatt-hour,million dollars,million kilowatt hours
2024-10,PACC,Pacific Contiguous,COM,commercial,2482422,21.36,3295.8871,15433.03141,number of customers,cents per kilowatt-hour,million dollars,million kilowatt hours
2024-10,PACC,Pacific Contiguous,IND,industrial,206188,16.61,1114.53792,6710.44575,number of customers,cents per kilowatt-hour,million dollars,million kilowatt hours
2024-10,PACC,Pacific Contiguous,OTH,other,,,,,number of customers,cents per kilowatt-hour,million dollars,million kilowatt hours
2024-10,PACC,Pacific Contiguous,RES,residential,19957099,25.75,2937.1527,11407.18729,number of customers,cents per kilowatt-hour,million dollars,million kilowatt hours
2024-10,PACC,Pacific Contiguous,TRA,transportation,20,17.65,12.47016,70.64148,number of customers,cents per kilowatt-hour,million dollars,million kilowatt hours
2024-10,PACN,Pacific Noncontiguous,ALL,all sectors,865560,30.96,400.66659,1293.95656,number of customers,cents per kilowatt-hour,million dollars,million kilowatt hours
2024-10,PACN,Pacific Noncontiguous,COM,commercial,116817,29.74,139.30178,468.3962,number of customers,cents per kilowatt-hour,million dollars,million kilowatt hours
2024-10,PACN,Pacific Noncontiguous,IND,industrial,2020,28.56,122.855,430.12953,number of customers,cents per kilowatt-hour,million dollars,million kilowatt hours
2024-10,PACN,Pacific Noncontiguous,OTH,other,,,,,number of customers,cents per kilowatt-hour,million dollars,million kilowatt hours
2024-10,PACN,Pacific Noncontiguous,RES,residential,746723,35.03,138.50981,395.43083,number of customers,cents per kilowatt-hour,million dollars,million kilowatt hours
2024-10,PACN,Pacific Noncontiguous,TRA,transportation,0,0,0,0,number of customers,cents per kilowatt-hour,million dollars,million kilowatt hours
2024-10,RI,Rhode Island,ALL,all sectors,534364,22.83,131.51223,576.07717,number of customers,cents per kilowatt-hour,million dollars,million kilowatt hours
2024-10,RI,Rhode Island,COM,commercial,67007,19.5,57.76532,296.25064,number of customers,cents per kilowatt-hour,million dollars,million kilowatt hours
2024-10,RI,Rhode Island,IND,industrial,1735,18.79,8.02723,42.71893,number of customers,cents per kilowatt-hour,million dollars,million kilowatt hours
2024-10,RI,Rhode Island,OTH,other,,,,,number of customers,cents per kilowatt-hour,million dollars,million kilowatt hours
2024-10,RI,Rhode Island,RES,residential,465621,27.76,65.30541,235.22439,number of customers,cents per kilowatt-hour,million dollars,million kilowatt hours
2024-10,RI,Rhode Island,TRA,transportation,1,22,.41427,1.88322,number of customers,cents per kilowatt-hour,million dollars,million kilowatt hours
2024-10,SAT,South Atlantic,ALL,all sectors,34993718,11.89,8084.40178,67997.2003,number of customers,cents per kilowatt-hour,million dollars,million kilowatt hours
2024-10,SAT,South Atlantic,COM,commercial,4053670,10.73,3102.59751,28904.27937,number of customers,cents per kilowatt-hour,million dollars,million kilowatt hours
2024-10,SAT,South Atlantic,IND,industrial,88228,7.69,881.90599,11466.41635,number of customers,cents per kilowatt-hour,million dollars,million kilowatt hours
2024-10,SAT,South Atlantic,OTH,other,,,,,number of customers,cents per kilowatt-hour,million dollars,million kilowatt hours
2024-10,SAT,South Atlantic,RES,residential,30851807,14.86,4090.47,27530.82855,number of customers,cents per kilowatt-hour,million dollars,million kilowatt hours
2024-10,SAT,South Atlantic,TRA,transportation,13,9.85,9.42828,95.67603,number of customers,cents per kilowatt-hour,million dollars,million kilowatt hours
2024-10,SC,South Carolina,ALL,all sectors,3019414,11.15,722.04575,6474.93346,number of customers,cents per kilowatt-hour,million dollars,million kilowatt hours
2024-10,SC,South Carolina,COM,commercial,415819,10.96,236.51872,2158.05319,number of customers,cents per kilowatt-hour,million dollars,million kilowatt hours
2024-10,SC,South Carolina,IND,industrial,3585,7.08,152.36579,2153.23208,number of customers,cents per kilowatt-hour,million dollars,million kilowatt hours
2024-10,SC,South Carolina,OTH,other,,,,,number of customers,cents per kilowatt-hour,million dollars,million kilowatt hours
2024-10,SC,South Carolina,RES,residential,2600010,15.4,333.16124,2163.6482,number of customers,cents per kilowatt-hour,million dollars,million kilowatt hours
2024-10,SC,South Carolina,TRA,transportation,0,0,0,0,number of customers,cents per kilowatt-hour,million dollars,million kilowatt hours
2024-10,SD,South Dakota,ALL,all sectors,518535,11.05,114.84035,1039.33656,number of customers,cents per kilowatt-hour,million dollars,million kilowatt hours
2024-10,SD,South Dakota,COM,commercial,78832,10.69,44.6991,418.29491,number of customers,cents per kilowatt-hour,million dollars,million kilowatt hours
2024-10,SD,South Dakota,IND,industrial,4244,8.27,22.53689,272.65231,number of customers,cents per kilowatt-hour,million dollars,million kilowatt hours
2024-10,SD,South Dakota,OTH,other,,,,,number of customers,cents per kilowatt-hour,million dollars,million kilowatt hours
2024-10,SD,South Dakota,RES,residential,435459,13.66,47.60436,348.38934,number of customers,cents per kilowatt-hour,million dollars,million kilowatt hours
2024-10,SD,South Dakota,TRA,transportation,0,0,0,0,number of customers,cents per kilowatt-hour,million dollars,million kilowatt hours
2024-10,TN,Tennessee,ALL,all sectors,3731587,10.79,851.44259,7890.23441,number of customers,cents per kilowatt-hour,million dollars,million kilowatt hours
2024-10,TN,Tennessee,COM,commercial,547203,11.93,354.45847,2970.63945,number of customers,cents per kilowatt-hour,million dollars,million kilowatt hours
2024-10,TN,Tennessee,IND,industrial,1010,6.17,121.86809,1975.02135,number of customers,cents per kilowatt-hour,million dollars,million kilowatt hours
2024-10,TN,Tennessee,OTH,other,,,,,number of customers,cents per kilowatt-hour,million dollars,million kilowatt hours
2024-10,TN,Tennessee,RES,residential,3183374,12.74,375.11604,2944.57361,number of customers,cents per kilowatt-hour,million dollars,million kilowatt hours
2024-10,TN,Tennessee,TRA,transportation,0,0,0,0,number of customers,cents per kilowatt-hour,million dollars,million kilowatt hours
2024-10,TX,Texas,ALL,all sectors,14598871,9.72,4308.99443,44332.70894,number of customers,cents per kilowatt-hour,million dollars,million kilowatt hours
2024-10,TX,Texas,COM,commercial,1560092,8.48,1236.2186,14580.68761,number of customers,cents per kilowatt-hour,million dollars,million kilowatt hours
2024-10,TX,Texas,IND,industrial,389450,5.86,949.95175,16207.44331,number of customers,cents per kilowatt-hour,million dollars,million kilowatt hours
2024-10,TX,Texas,OTH,other,,,,,number of customers,cents per kilowatt-hour,million dollars,million kilowatt hours
2024-10,TX,Texas,RES,residential,12649326,15.67,2122.76746,13543.09978,number of customers,cents per kilowatt-hour,million dollars,million kilowatt hours
2024-10,TX,Texas,TRA,transportation,3,3.83,.05662,1.47824,number of customers,cents per kilowatt-hour,million dollars,million kilowatt hours
2024-10,US,U.S. Total,ALL,all sectors,164876944,12.96,40942.77482,315901.9817,number of customers,cents per kilowatt-hour,million dollars,million kilowatt hours
2024-10,US,U.S. Total,COM,commercial,19585129,12.89,15583.36475,120898.70457,number of customers,cents per kilowatt-hour,million dollars,million kilowatt hours
2024-10,US,U.S. Total,IND,industrial,1130035,8.11,7161.78751,88353.89142,number of customers,cents per kilowatt-hour,million dollars,million kilowatt hours
2024-10,US,U.S. Total,OTH,other,,,,,number of customers,cents per kilowatt-hour,million dollars,million kilowatt hours
2024-10,US,U.S. Total,RES,residential,144161699,17.09,18127.23334,106083.27951,number of customers,cents per kilowatt-hour,million dollars,million kilowatt hours
2024-10,US,U.S. Total,TRA,transportation,81,12.43,70.38922,566.10619,number of customers,cents per kilowatt-hour,million dollars,million kilowatt hours
2024-10,UT,Utah,ALL,all sectors,1438468,10.14,286.5601,2827.3576,number of customers,cents per kilowatt-hour,million dollars,million kilowatt hours
2024-10,UT,Utah,COM,commercial,146756,9.26,114.82153,1239.36117,number of customers,cents per kilowatt-hour,million dollars,million kilowatt hours
2024-10,UT,Utah,IND,industrial,10755,8.49,62.48722,735.6555,number of customers,cents per kilowatt-hour,million dollars,million kilowatt hours
2024-10,UT,Utah,OTH,other,,,,,number of customers,cents per kilowatt-hour,million dollars,million kilowatt hours
2024-10,UT,Utah,RES,residential,1280956,12.82,108.72279,847.9699,number of customers,cents per kilowatt-hour,million dollars,million kilowatt hours
2024-10,UT,Utah,TRA,transportation,1,12.09,.52856,4.37103,number of customers,cents per kilowatt-hour,million dollars,million kilowatt hours
2024-10,VA,Virginia,ALL,all sectors,4119203,10.51,1090.90052,10380.69041,number of customers,cents per kilowatt-hour,million dollars,million kilowatt hours
2024-10,VA,Virginia,COM,commercial,446740,8.8,560.82437,6374.00769,number of customers,cents per kilowatt-hour,million dollars,million kilowatt hours
2024-10,VA,Virginia,IND,industrial,3846,9.58,112.43269,1173.09393,number of customers,cents per kilowatt-hour,million dollars,million kilowatt hours
2024-10,VA,Virginia,OTH,other,,,,,number of customers,cents per kilowatt-hour,million dollars,million kilowatt hours
2024-10,VA,Virginia,RES,residential,3668616,14.79,415.51142,2809.60025,number of customers,cents per kilowatt-hour,million dollars,million kilowatt hours
2024-10,VA,Virginia,TRA,transportation,1,8.89,2.13204,23.98853,number of customers,cents per kilowatt-hour,million dollars,million kilowatt hours
2024-10,VT,Vermont,ALL,all sectors,390026,18.9,78.84206,417.19902,number of customers,cents per kilowatt-hour,million dollars,million kilowatt hours
2024-10,VT,Vermont,COM,commercial,64987,19.57,30.59116,156.34965,number of customers,cents per kilowatt-hour,million dollars,million kilowatt hours
2024-10,VT,Vermont,IND,industrial,239,11.49,11.79781,102.66615,number of customers,cents per kilowatt-hour,million dollars,million kilowatt hours
2024-10,VT,Vermont,OTH,other,,,,,number of customers,cents per kilowatt-hour,million dollars,million kilowatt hours
2024-10,VT,Vermont,RES,residential,324800,23.04,36.45309,158.18322,number of customers,cents per kilowatt-hour,million dollars,million kilowatt hours
2024-10,VT,Vermont,TRA,transportation,0,0,0,0,number of customers,cents per kilowatt-hour,million dollars,million kilowatt hours
2024-10,WA,Washington,ALL,all sectors,3829814,10.34,720.91822,6973.21818,number of customers,cents per kilowatt-hour,million dollars,million kilowatt hours
2024-10,WA,Washington,COM,commercial,407532,10.1,282.26897,2795.96162,number of customers,cents per kilowatt-hour,million dollars,million kilowatt hours
2024-10,WA,Washington,IND,industrial,26166,6.96,104.15666,1496.03151,number of customers,cents per kilowatt-hour,million dollars,million kilowatt hours
2024-10,WA,Washington,OTH,other,,,,,number of customers,cents per kilowatt-hour,million dollars,million kilowatt hours
2024-10,WA,Washington,RES,residential,3396111,12.48,333.59409,2673.75023,number of customers,cents per kilowatt-hour,million dollars,million kilowatt hours
2024-10,WA,Washington,TRA,transportation,5,12.02,.89851,7.47483,number of customers,cents per kilowatt-hour,million dollars,million kilowatt hours
2024-10,WI,Wisconsin,ALL,all sectors,3224478,12.03,640.83739,5329.21296,number of customers,cents per kilowatt-hour,million dollars,million kilowatt hours
2024-10,WI,Wisconsin,COM,commercial,369784,12.21,231.16092,1893.26223,number of customers,cents per kilowatt-hour,million dollars,million kilowatt hours
2024-10,WI,Wisconsin,IND,industrial,5681,7.84,151.4073,1930.78761,number of customers,cents per kilowatt-hour,million dollars,million kilowatt hours
2024-10,WI,Wisconsin,OTH,other,,,,,number of customers,cents per kilowatt-hour,million dollars,million kilowatt hours
2024-10,WI,Wisconsin,RES,residential,2849011,17.16,258.25226,1505.06879,number of customers,cents per kilowatt-hour,million dollars,million kilowatt hours
2024-10,WI,Wisconsin,TRA,transportation,2,17.93,.01691,.09433,number of customers,cents per kilowatt-hour,million dollars,million kilowatt hours
2024-10,WNC,West North Central,ALL,all sectors,11714608,10.07,2461.17667,24448.73039,number of customers,cents per kilowatt-hour,million dollars,million kilowatt hours
2024-10,WNC,West North Central,COM,commercial,1531433,9.83,883.74092,8986.12457,number of customers,cents per kilowatt-hour,million dollars,million kilowatt hours
2024-10,WNC,West North Central,IND,industrial,127823,7.45,632.61806,8486.26216,number of customers,cents per kilowatt-hour,million dollars,million kilowatt hours
2024-10,WNC,West North Central,OTH,other,,,,,number of customers,cents per kilowatt-hour,million dollars,million kilowatt hours
2024-10,WNC,West North Central,RES,residential,10055349,13.54,944.39375,6972.9457,number of customers,cents per kilowatt-hour,million dollars,million kilowatt hours
2024-10,WNC,West North Central,TRA,transportation,3,12.48,.42394,3.39797,number of customers,cents per kilowatt-hour,million dollars,million kilowatt hours
2024-10,WSC,West South Central,ALL,all sectors,21011530,9.59,5938.26404,61907.14187,number of customers,cents per kilowatt-hour,million dollars,million kilowatt hours
2024-10,WSC,West South Central,COM,commercial,2370346,8.91,1759.62969,19756.65387,number of customers,cents per kilowatt-hour,million dollars,million kilowatt hours
2024-10,WSC,West South Central,IND,industrial,465597,5.9,1367.71187,23200.47885,number of customers,cents per kilowatt-hour,million dollars,million kilowatt hours
2024-10,WSC,West South Central,OTH,other,,,,,number of customers,cents per kilowatt-hour,million dollars,million kilowatt hours
2024-10,WSC,West South Central,RES,residential,18175581,14.83,2810.76185,18947.61889,number of customers,cents per kilowatt-hour,million dollars,million kilowatt hours
2024-10,WSC,West South Central,TRA,transportation,6,6.72,.16063,2.39026,number of customers,cents per kilowatt-hour,million dollars,million kilowatt hours
2024-10,WV,West Virginia,ALL,all sectors,1029675,11.1,277.97518,2503.27942,number of customers,cents per kilowatt-hour,million dollars,million kilowatt hours
2024-10,WV,West Virginia,COM,commercial,152311,11.63,71.25704,612.56234,number of customers,cents per kilowatt-hour,million dollars,million kilowatt hours
2024-10,WV,West Virginia,IND,industrial,10991,8.08,100.10801,1238.91822,number of customers,cents per kilowatt-hour,million dollars,million kilowatt hours
2024-10,WV,West Virginia,OTH,other,,,,,number of customers,cents per kilowatt-hour,million dollars,million kilowatt hours
2024-10,WV,West Virginia,RES,residential,866373,16.36,106.61013,651.79885,number of customers,cents per kilowatt-hour,million dollars,million kilowatt hours
2024-10,WV,West Virginia,TRA,transportation,0,0,0,0,number of customers,cents per kilowatt-hour,million dollars,million kilowatt hours
2024-10,WY,Wyoming,ALL,all sectors,358636,9.68,126.70002,1308.25574,number of customers,cents per kilowatt-hour,million dollars,million kilowatt hours
2024-10,WY,Wyoming,COM,commercial,59294,9.85,40.75754,413.86477,number of customers,cents per kilowatt-hour,million dollars,million kilowatt hours
2024-10,WY,Wyoming,IND,industrial,11908,8.44,59.80476,708.42264,number of customers,cents per kilowatt-hour,million dollars,million kilowatt hours
2024-10,WY,Wyoming,OTH,other,,,,,number of customers,cents per kilowatt-hour,million dollars,million kilowatt hours
2024-10,WY,Wyoming,RES,residential,287434,14.05,26.13772,185.96833,number of customers,cents per kilowatt-hour,million dollars,million kilowatt hours
2024-10,WY,Wyoming,TRA,transportation,0,0,0,0,number of customers,cents per kilowatt-hour,million dollars,million kilowatt hours
2024-09,AK,Alaska,ALL,all sectors,357612,22.14,102.01309,460.67017,number of customers,cents per kilowatt-hour,million dollars,million kilowatt hours
2024-09,AK,Alaska,COM,commercial,57165,21.84,44.99244,205.96554,number of customers,cents per kilowatt-hour,million dollars,million kilowatt hours
2024-09,AK,Alaska,IND,industrial,1214,18.01,20.22761,112.30372,number of customers,cents per kilowatt-hour,million dollars,million kilowatt hours
2024-09,AK,Alaska,OTH,other,,,,,number of customers,cents per kilowatt-hour,million dollars,million kilowatt hours
2024-09,AK,Alaska,RES,residential,299233,25.84,36.79304,142.40091,number of customers,cents per kilowatt-hour,million dollars,million kilowatt hours
2024-09,AK,Alaska,TRA,transportation,0,0,0,0,number of customers,cents per kilowatt-hour,million dollars,million kilowatt hours
2024-09,AL,Alabama,ALL,all sectors,2804585,12.09,909.02427,7517.11757,number of customers,cents per kilowatt-hour,million dollars,million kilowatt hours
2024-09,AL,Alabama,COM,commercial,390212,13.56,279.65522,2062.27511,number of customers,cents per kilowatt-hour,million dollars,million kilowatt hours
2024-09,AL,Alabama,IND,industrial,7250,7.18,185.33548,2580.91479,number of customers,cents per kilowatt-hour,million dollars,million kilowatt hours
2024-09,AL,Alabama,OTH,other,,,,,number of customers,cents per kilowatt-hour,million dollars,million kilowatt hours
2024-09,AL,Alabama,RES,residential,2407123,15.45,444.03357,2873.92767,number of customers,cents per kilowatt-hour,million dollars,million kilowatt hours
2024-09,AL,Alabama,TRA,transportation,0,0,0,0,number of customers,cents per kilowatt-hour,million dollars,million kilowatt hours
2024-09,AR,Arkansas,ALL,all sectors,1730550,9.9,449.16778,4537.38412,number of customers,cents per kilowatt-hour,million dollars,million kilowatt hours
2024-09,AR,Arkansas,COM,commercial,207100,10.13,113.62698,1121.55247,number of customers,cents per kilowatt-hour,million dollars,million kilowatt hours
2024-09,AR,Arkansas,IND,industrial,41027,6.83,116.84195,1710.79458,number of customers,cents per kilowatt-hour,million dollars,million kilowatt hours
2024-09,AR,Arkansas,OTH,other,,,,,number of customers,cents per kilowatt-hour,million dollars,million kilowatt hours
2024-09,AR,Arkansas,RES,residential,1482421,12.83,218.69517,1705.01058,number of customers,cents per kilowatt-hour,million dollars,million kilowatt hours
2024-09,AR,Arkansas,TRA,transportation,2,13.87,.00368,.02649,number of customers,cents per kilowatt-hour,million dollars,million kilowatt hours
2024-09,AZ,Arizona,ALL,all sectors,3500924,12.97,1173.41383,9046.81055,number of customers,cents per kilowatt-hour,million dollars,million kilowatt hours
2024-09,AZ,Arizona,COM,commercial,348763,12.31,425.78217,3458.56814,number of customers,cents per kilowatt-hour,million dollars,million kilowatt hours
2024-09,AZ,Arizona,IND,industrial,7521,7.93,97.0245,1223.58967,number of customers,cents per kilowatt-hour,million dollars,million kilowatt hours
2024-09,AZ,Arizona,OTH,other,,,,,number of customers,cents per kilowatt-hour,million dollars,million kilowatt hours
2024-09,AZ,Arizona,RES,residential,3144638,14.91,650.5048,4363.75205,number of customers,cents per kilowatt-hour,million dollars,million kilowatt hours
2024-09,AZ,Arizona,TRA,transportation,2,11.36,.10236,.90068,number of customers,cents per kilowatt-hour,million dollars,million kilowatt hours
2024-09,CA,California,ALL,all sectors,15887184,29.19,6717.64485,23016.12769,number of customers,cents per kilowatt-hour,million dollars,million kilowatt hours
2024-09,CA,California,COM,commercial,1747836,29.14,2964.68714,10173.01021,number of customers,cents per kilowatt-hour,million dollars,million kilowatt hours
2024-09,CA,California,IND,industrial,142616,24.04,1002.83356,4171.47218,number of customers,cents per kilowatt-hour,million dollars,million kilowatt hours
2024-09,CA,California,OTH,other,,,,,number of customers,cents per kilowatt-hour,million dollars,million kilowatt hours
2024-09,CA,California,RES,residential,13996719,31.83,2738.85233,8605.66295,number of customers,cents per kilowatt-hour,million dollars,million kilowatt hours
2024-09,CA,California,TRA,transportation,13,17.08,11.27183,65.98236,number of customers,cents per kilowatt-hour,million dollars,million kilowatt hours
2024-09,CO,Colorado,ALL,all sectors,2987153,12.7,623.22983,4905.76341,number of customers,cents per kilowatt-hour,million dollars,million kilowatt hours
2024-09,CO,Colorado,COM,commercial,406873,12.49,232.84793,1864.68658,number of customers,cents per kilowatt-hour,million dollars,million kilowatt hours
2024-09,CO,Colorado,IND,industrial,14844,9.07,115.59953,1273.88668,number of customers,cents per kilowatt-hour,million dollars,million kilowatt hours
2024-09,CO,Colorado,OTH,other,,,,,number of customers,cents per kilowatt-hour,million dollars,million kilowatt hours
2024-09,CO,Colorado,RES,residential,2565435,15.57,274.11945,1760.75761,number of customers,cents per kilowatt-hour,million dollars,million kilowatt hours
2024-09,CO,Colorado,TRA,transportation,1,10.31,.66292,6.43254,number of customers,cents per kilowatt-hour,million dollars,million kilowatt hours
2024-09,CT,Connecticut,ALL,all sectors,1717138,27.01,569.72494,2109.36708,number of customers,cents per kilowatt-hour,million dollars,million kilowatt hours
2024-09,CT,Connecticut,COM,commercial,156904,23.38,233.95027,1000.65218,number of customers,cents per kilowatt-hour,million dollars,million kilowatt hours
2024-09,CT,Connecticut,IND,industrial,3846,19.56,40.52932,207.22536,number of customers,cents per kilowatt-hour,million dollars,million kilowatt hours
2024-09,CT,Connecticut,OTH,other,,,,,number of customers,cents per kilowatt-hour,million dollars,million kilowatt hours
2024-09,CT,Connecticut,RES,residential,1556385,33.05,292.49772,885.14973,number of customers,cents per kilowatt-hour,million dollars,million kilowatt hours
2024-09,CT,Connecticut,TRA,transportation,3,16.82,2.74764,16.33982,number of customers,cents per kilowatt-hour,million dollars,million kilowatt hours
2024-09,DC,District of Columbia,ALL,all sectors,347976,16.49,140.64529,853.03366,number of customers,cents per kilowatt-hour,million dollars,million kilowatt hours
2024-09,DC,District of Columbia,COM,commercial,27545,16.57,100.67582,607.5062,number of customers,cents per kilowatt-hour,million dollars,million kilowatt hours
2024-09,DC,District of Columbia,IND,industrial,1,3.84,.57887,15.08171,number of customers,cents per kilowatt-hour,million dollars,million kilowatt hours
2024-09,DC,District of Columbia,OTH,other,,,,,number of customers,cents per kilowatt-hour,million dollars,million kilowatt hours
2024-09,DC,District of Columbia,RES,residential,320427,18.03,36.71632,203.65295,number of customers,cents per kilowatt-hour,million dollars,million kilowatt hours
2024-09,DC,District of Columbia,TRA,transportation,3,9.98,2.67429,26.79281,number of customers,cents per kilowatt-hour,million dollars,million kilowatt hours
2024-09,DE,Delaware,ALL,all sectors,537103,13.53,129.97124,960.61356,number of customers,cents per kilowatt-hour,million dollars,million kilowatt hours
2024-09,DE,Delaware,COM,commercial,60901,12.15,44.65644,367.6477,number of customers,cents per kilowatt-hour,million dollars,million kilowatt hours
2024-09,DE,Delaware,IND,industrial,1160,8.25,13.78194,167.08456,number of customers,cents per kilowatt-hour,million dollars,million kilowatt hours
2024-09,DE,Delaware,OTH,other,,,,,number of customers,cents per kilowatt-hour,million dollars,million kilowatt hours
2024-09,DE,Delaware,RES,residential,475042,16.8,71.53285,425.88131,number of customers,cents per kilowatt-hour,million dollars,million kilowatt hours
2024-09,DE,Delaware,TRA,transportation,0,0,0,0,number of customers,cents per kilowatt-hour,million dollars,million kilowatt hours
2024-09,ENC,East North Central,ALL,all sectors,23595621,12.29,5665.62621,46111.84054,number of customers,cents per kilowatt-hour,million dollars,million kilowatt hours
2024-09,ENC,East North Central,COM,commercial,2577678,12.26,1900.21979,15498.97618,number of customers,cents per kilowatt-hour,million dollars,million kilowatt hours
2024-09,ENC,East North Central,IND,industrial,54855,8.21,1286.27359,15664.22809,number of customers,cents per kilowatt-hour,million dollars,million kilowatt hours
2024-09,ENC,East North Central,OTH,other,,,,,number of customers,cents per kilowatt-hour,million dollars,million kilowatt hours
2024-09,ENC,East North Central,RES,residential,20963078,16.61,2475.68203,14907.30015,number of customers,cents per kilowatt-hour,million dollars,million kilowatt hours
2024-09,ENC,East North Central,TRA,transportation,10,8.35,3.45079,41.33613,number of customers,cents per kilowatt-hour,million dollars,million kilowatt hours
2024-09,ESC,East South Central,ALL,all sectors,10550890,11.02,3030.67631,27510.73865,number of customers,cents per kilowatt-hour,million dollars,million kilowatt hours
2024-09,ESC,East South Central,COM,commercial,1511426,12.31,1046.9197,8506.37697,number of customers,cents per kilowatt-hour,million dollars,million kilowatt hours
2024-09,ESC,East South Central,IND,industrial,25037,6.69,556.22616,8315.0547,number of customers,cents per kilowatt-hour,million dollars,million kilowatt hours
2024-09,ESC,East South Central,OTH,other,,,,,number of customers,cents per kilowatt-hour,million dollars,million kilowatt hours
2024-09,ESC,East South Central,RES,residential,9014427,13.35,1427.53046,10689.30698,number of customers,cents per kilowatt-hour,million dollars,million kilowatt hours
2024-09,ESC,East South Central,TRA,transportation,0,0,0,0,number of customers,cents per kilowatt-hour,million dollars,million kilowatt hours
2024-09,FL,Florida,ALL,all sectors,11832966,12.36,3040.34303,24602.82704,number of customers,cents per kilowatt-hour,million dollars,million kilowatt hours
2024-09,FL,Florida,COM,commercial,1312723,10.58,989.17381,9350.05802,number of customers,cents per kilowatt-hour,million dollars,million kilowatt hours
2024-09,FL,Florida,IND,industrial,26637,8.32,125.45872,1507.973,number of customers,cents per kilowatt-hour,million dollars,million kilowatt hours
2024-09,FL,Florida,OTH,other,,,,,number of customers,cents per kilowatt-hour,million dollars,million kilowatt hours
2024-09,FL,Florida,RES,residential,10493604,14.01,1925.09067,13738.97127,number of customers,cents per kilowatt-hour,million dollars,million kilowatt hours
2024-09,FL,Florida,TRA,transportation,2,10.64,.61983,5.82475,number of customers,cents per kilowatt-hour,million dollars,million kilowatt hours
2024-09,GA,Georgia,ALL,all sectors,5482542,11.05,1391.33533,12588.71053,number of customers,cents per kilowatt-hour,million dollars,million kilowatt hours
2024-09,GA,Georgia,COM,commercial,620765,10.46,495.27651,4736.27954,number of customers,cents per kilowatt-hour,million dollars,million kilowatt hours
2024-09,GA,Georgia,IND,industrial,24432,7.13,189.94319,2665.43122,number of customers,cents per kilowatt-hour,million dollars,million kilowatt hours
2024-09,GA,Georgia,OTH,other,,,,,number of customers,cents per kilowatt-hour,million dollars,million kilowatt hours
2024-09,GA,Georgia,RES,residential,4837344,13.63,705.04962,5174.21091,number of customers,cents per kilowatt-hour,million dollars,million kilowatt hours
2024-09,GA,Georgia,TRA,transportation,1,8.34,1.06601,12.78885,number of customers,cents per kilowatt-hour,million dollars,million kilowatt hours
2024-09,HI,Hawaii,ALL,all sectors,507128,36.3,293.09761,807.45185,number of customers,cents per kilowatt-hour,million dollars,million kilowatt hours
2024-09,HI,Hawaii,COM,commercial,59582,36.46,93.10891,255.38046,number of customers,cents per kilowatt-hour,million dollars,million kilowatt hours
2024-09,HI,Hawaii,IND,industrial,824,32.43,98.58102,303.99412,number of customers,cents per kilowatt-hour,million dollars,million kilowatt hours
2024-09,HI,Hawaii,OTH,other,,,,,number of customers,cents per kilowatt-hour,million dollars,million kilowatt hours
2024-09,HI,Hawaii,RES,residential,446722,40.88,101.40768,248.07727,number of customers,cents per kilowatt-hour,million dollars,million kilowatt hours
2024-09,HI,Hawaii,TRA,transportation,0,0,0,0,number of customers,cents per kilowatt-hour,million dollars,million kilowatt hours
2024-09,IA,Iowa,ALL,all sectors,1712183,10.07,454.81133,4514.40326,number of customers,cents per kilowatt-hour,million dollars,million kilowatt hours
2024-09,IA,Iowa,COM,commercial,251943,10.67,116.03057,1087.0802,number of customers,cents per kilowatt-hour,million dollars,million kilowatt hours
2024-09,IA,Iowa,IND,industrial,9674,7.83,179.57252,2294.14798,number of customers,cents per kilowatt-hour,million dollars,million kilowatt hours
2024-09,IA,Iowa,OTH,other,,,,,number of customers,cents per kilowatt-hour,million dollars,million kilowatt hours
2024-09,IA,Iowa,RES,residential,1450566,14.05,159.20824,1133.17507,number of customers,cents per kilowatt-hour,million dollars,million kilowatt hours
2024-09,IA,Iowa,TRA,transportation,0,0,0,0,number of customers,cents per kilowatt-hour,million dollars,million kilowatt hours
2024-09,ID,Idaho,ALL,all sectors,1027019,10.01,210.53688,2104.06565,number of customers,cents per kilowatt-hour,million dollars,million kilowatt hours
2024-09,ID,Idaho,COM,commercial,124339,9.52,54.70192,574.73725,number of customers,cents per kilowatt-hour,million dollars,million kilowatt hours
2024-09,ID,Idaho,IND,industrial,29887,8.53,73.89032,866.34932,number of customers,cents per kilowatt-hour,million dollars,million kilowatt hours
2024-09,ID,Idaho,OTH,other,,,,,number of customers,cents per kilowatt-hour,million dollars,million kilowatt hours
2024-09,ID,Idaho,RES,residential,872793,12.36,81.94464,662.97908,number of customers,cents per kilowatt-hour,million dollars,million kilowatt hours
2024-09,ID,Idaho,TRA,transportation,0,0,0,0,number of customers,cents per kilowatt-hour,million dollars,million kilowatt hours
2024-09,IL,Illinois,ALL,all sectors,6021273,12.47,1397.22733,11201.85112,number of customers,cents per kilowatt-hour,million dollars,million kilowatt hours
2024-09,IL,Illinois,COM,commercial,637241,12.27,476.30745,3882.36773,number of customers,cents per kilowatt-hour,million dollars,million kilowatt hours
2024-09,IL,Illinois,IND,industrial,5637,9.36,338.49777,3615.6586,number of customers,cents per kilowatt-hour,million dollars,million kilowatt hours
2024-09,IL,Illinois,OTH,other,,,,,number of customers,cents per kilowatt-hour,million dollars,million kilowatt hours
2024-09,IL,Illinois,RES,residential,5378392,15.8,579.41084,3666.69613,number of customers,cents per kilowatt-hour,million dollars,million kilowatt hours
2024-09,IL,Illinois,TRA,transportation,3,8.11,3.01127,37.12865,number of customers,cents per kilowatt-hour,million dollars,million kilowatt hours
2024-09,IN,Indiana,ALL,all sectors,3459959,11.25,947.10152,8419.82942,number of customers,cents per kilowatt-hour,million dollars,million kilowatt hours
2024-09,IN,Indiana,COM,commercial,375744,12.54,261.46953,2084.94717,number of customers,cents per kilowatt-hour,million dollars,million kilowatt hours
2024-09,IN,Indiana,IND,industrial,19387,7.88,287.2306,3646.19311,number of customers,cents per kilowatt-hour,million dollars,million kilowatt hours
2024-09,IN,Indiana,OTH,other,,,,,number of customers,cents per kilowatt-hour,million dollars,million kilowatt hours
2024-09,IN,Indiana,RES,residential,3064827,14.82,398.21697,2687.13798,number of customers,cents per kilowatt-hour,million dollars,million kilowatt hours
2024-09,IN,Indiana,TRA,transportation,1,11.89,.18442,1.55116,number of customers,cents per kilowatt-hour,million dollars,million kilowatt hours
2024-09,KS,Kansas,ALL,all sectors,1591448,11.68,414.0666,3546.10861,number of customers,cents per kilowatt-hour,million dollars,million kilowatt hours
2024-09,KS,Kansas,COM,commercial,245917,11.82,165.14953,1397.50402,number of customers,cents per kilowatt-hour,million dollars,million kilowatt hours
2024-09,KS,Kansas,IND,industrial,24026,7.81,75.6748,969.42557,number of customers,cents per kilowatt-hour,million dollars,million kilowatt hours
2024-09,KS,Kansas,OTH,other,,,,,number of customers,cents per kilowatt-hour,million dollars,million kilowatt hours
2024-09,KS,Kansas,RES,residential,1321505,14.69,173.24227,1179.17902,number of customers,cents per kilowatt-hour,million dollars,million kilowatt hours
2024-09,KS,Kansas,TRA,transportation,0,0,0,0,number of customers,cents per kilowatt-hour,million dollars,million kilowatt hours
2024-09,KY,Kentucky,ALL,all sectors,2414508,9.76,603.04858,6179.18471,number of customers,cents per kilowatt-hour,million dollars,million kilowatt hours
2024-09,KY,Kentucky,COM,commercial,328305,11.19,194.05114,1733.99411,number of customers,cents per kilowatt-hour,million dollars,million kilowatt hours
2024-09,KY,Kentucky,IND,industrial,4791,6.36,150.27704,2361.15864,number of customers,cents per kilowatt-hour,million dollars,million kilowatt hours
2024-09,KY,Kentucky,OTH,other,,,,,number of customers,cents per kilowatt-hour,million dollars,million kilowatt hours
2024-09,KY,Kentucky,RES,residential,2081412,12.41,258.7204,2084.03197,number of customers,cents per kilowatt-hour,million dollars,million kilowatt hours
2024-09,KY,Kentucky,TRA,transportation,0,0,0,0,number of customers,cents per kilowatt-hour,million dollars,million kilowatt hours
2024-09,LA,Louisiana,ALL,all sectors,2473348,9.09,821.52313,9041.20854,number of customers,cents per kilowatt-hour,million dollars,million kilowatt hours
2024-09,LA,Louisiana,COM,commercial,301673,10.5,238.23462,2268.51576,number of customers,cents per kilowatt-hour,million dollars,million kilowatt hours
2024-09,LA,Louisiana,IND,industrial,18129,5.67,206.60939,3644.70385,number of customers,cents per kilowatt-hour,million dollars,million kilowatt hours
2024-09,LA,Louisiana,OTH,other,,,,,number of customers,cents per kilowatt-hour,million dollars,million kilowatt hours
2024-09,LA,Louisiana,RES,residential,2153545,12.04,376.57063,3127.05186,number of customers,cents per kilowatt-hour,million dollars,million kilowatt hours
2024-09,LA,Louisiana,TRA,transportation,1,11.58,.10849,.93708,number of customers,cents per kilowatt-hour,million dollars,million kilowatt hours
2024-09,MA,Massachusetts,ALL,all sectors,3253624,23.76,934.24261,3932.09391,number of customers,cents per kilowatt-hour,million dollars,million kilowatt hours
2024-09,MA,Massachusetts,COM,commercial,417657,20.64,384.65949,1863.55665,number of customers,cents per kilowatt-hour,million dollars,million kilowatt hours
2024-09,MA,Massachusetts,IND,industrial,10316,18.32,85.23616,465.1928,number of customers,cents per kilowatt-hour,million dollars,million kilowatt hours
2024-09,MA,Massachusetts,OTH,other,,,,,number of customers,cents per kilowatt-hour,million dollars,million kilowatt hours
2024-09,MA,Massachusetts,RES,residential,2825649,29.26,462.28583,1579.69615,number of customers,cents per kilowatt-hour,million dollars,million kilowatt hours
2024-09,MA,Massachusetts,TRA,transportation,2,8.72,2.06112,23.64831,number of customers,cents per kilowatt-hour,million dollars,million kilowatt hours
2024-09,MAT,Middle Atlantic,ALL,all sectors,19193413,16.58,4861.82088,29325.09021,number of customers,cents per kilowatt-hour,million dollars,million kilowatt hours
2024-09,MAT,Middle Atlantic,COM,commercial,2447301,16.76,2125.75171,12680.43869,number of customers,cents per kilowatt-hour,million dollars,million kilowatt hours
2024-09,MAT,Middle Atlantic,IND,industrial,39329,8.58,521.79243,6082.2885,number of customers,cents per kilowatt-hour,million dollars,million kilowatt hours
2024-09,MAT,Middle Atlantic,OTH,other,,,,,number of customers,cents per kilowatt-hour,million dollars,million kilowatt hours
2024-09,MAT,Middle Atlantic,RES,residential,16706765,21.15,2173.27352,10274.60455,number of customers,cents per kilowatt-hour,million dollars,million kilowatt hours
2024-09,MAT,Middle Atlantic,TRA,transportation,18,14.25,41.00322,287.75848,number of customers,cents per kilowatt-hour,million dollars,million kilowatt hours
2024-09,MD,Maryland,ALL,all sectors,2727612,15.24,675.90467,4434.74253,number of customers,cents per kilowatt-hour,million dollars,million kilowatt hours
2024-09,MD,Maryland,COM,commercial,261471,13.2,290.66856,2202.05139,number of customers,cents per kilowatt-hour,million dollars,million kilowatt hours
2024-09,MD,Maryland,IND,industrial,9288,10.4,29.63624,284.98544,number of customers,cents per kilowatt-hour,million dollars,million kilowatt hours
2024-09,MD,Maryland,OTH,other,,,,,number of customers,cents per kilowatt-hour,million dollars,million kilowatt hours
2024-09,MD,Maryland,RES,residential,2456848,18.36,352.10432,1917.3781,number of customers,cents per kilowatt-hour,million dollars,million kilowatt hours
2024-09,MD,Maryland,TRA,transportation,5,11.53,3.49554,30.3276,number of customers,cents per kilowatt-hour,million dollars,million kilowatt hours
2024-09,ME,Maine,ALL,all sectors,848548,19.85,189.69058,955.86149,number of customers,cents per kilowatt-hour,million dollars,million kilowatt hours
2024-09,ME,Maine,COM,commercial,109881,17.67,64.76512,366.42903,number of customers,cents per kilowatt-hour,million dollars,million kilowatt hours
2024-09,ME,Maine,IND,industrial,1844,11.54,23.42601,202.98006,number of customers,cents per kilowatt-hour,million dollars,million kilowatt hours
2024-09,ME,Maine,OTH,other,,,,,number of customers,cents per kilowatt-hour,million dollars,million kilowatt hours
2024-09,ME,Maine,RES,residential,736823,26.26,101.49945,386.45241,number of customers,cents per kilowatt-hour,million dollars,million kilowatt hours
2024-09,ME,Maine,TRA,transportation,0,0,0,0,number of customers,cents per kilowatt-hour,million dollars,million kilowatt hours
2024-09,MI,Michigan,ALL,all sectors,5092521,14.33,1174.15456,8194.69469,number of customers,cents per kilowatt-hour,million dollars,million kilowatt hours
2024-09,MI,Michigan,COM,commercial,565887,13.97,445.08048,3185.45423,number of customers,cents per kilowatt-hour,million dollars,million kilowatt hours
2024-09,MI,Michigan,IND,industrial,5849,8.27,194.66588,2353.58929,number of customers,cents per kilowatt-hour,million dollars,million kilowatt hours
2024-09,MI,Michigan,OTH,other,,,,,number of customers,cents per kilowatt-hour,million dollars,million kilowatt hours
2024-09,MI,Michigan,RES,residential,4520783,20.12,534.33601,2655.15318,number of customers,cents per kilowatt-hour,million dollars,million kilowatt hours
2024-09,MI,Michigan,TRA,transportation,2,14.5,.07219,.498,number of customers,cents per kilowatt-hour,million dollars,million kilowatt hours
2024-09,MN,Minnesota,ALL,all sectors,2904539,12.9,694.80337,5386.79625,number of customers,cents per kilowatt-hour,million dollars,million kilowatt hours
2024-09,MN,Minnesota,COM,commercial,308855,12.8,246.72275,1927.15196,number of customers,cents per kilowatt-hour,million dollars,million kilowatt hours
2024-09,MN,Minnesota,IND,industrial,9641,9.38,160.61705,1711.89394,number of customers,cents per kilowatt-hour,million dollars,million kilowatt hours
2024-09,MN,Minnesota,OTH,other,,,,,number of customers,cents per kilowatt-hour,million dollars,million kilowatt hours
2024-09,MN,Minnesota,RES,residential,2586042,16.45,287.29058,1746.6281,number of customers,cents per kilowatt-hour,million dollars,million kilowatt hours
2024-09,MN,Minnesota,TRA,transportation,1,15.41,.17299,1.12225,number of customers,cents per kilowatt-hour,million dollars,million kilowatt hours
2024-09,MO,Missouri,ALL,all sectors,3359362,12.48,801.00136,6417.3675,number of customers,cents per kilowatt-hour,million dollars,million kilowatt hours
2024-09,MO,Missouri,COM,commercial,404628,11.68,290.75398,2489.24766,number of customers,cents per kilowatt-hour,million dollars,million kilowatt hours
2024-09,MO,Missouri,IND,industrial,9321,8.75,95.57235,1092.49491,number of customers,cents per kilowatt-hour,million dollars,million kilowatt hours
2024-09,MO,Missouri,OTH,other,,,,,number of customers,cents per kilowatt-hour,million dollars,million kilowatt hours
2024-09,MO,Missouri,RES,residential,2945411,14.62,414.39616,2833.55105,number of customers,cents per kilowatt-hour,million dollars,million kilowatt hours
2024-09,MO,Missouri,TRA,transportation,2,13.45,.27887,2.07388,number of customers,cents per kilowatt-hour,million dollars,million kilowatt hours
2024-09,MS,Mississippi,ALL,all sectors,1604416,10.9,493.66578,4527.87894,number of customers,cents per kilowatt-hour,million dollars,million kilowatt hours
2024-09,MS,Mississippi,COM,commercial,247222,12.08,164.40772,1361.1334,number of customers,cents per kilowatt-hour,million dollars,million kilowatt hours
2024-09,MS,Mississippi,IND,industrial,11986,6.8,93.25658,1371.81083,number of customers,cents per kilowatt-hour,million dollars,million kilowatt hours
2024-09,MS,Mississippi,OTH,other,,,,,number of customers,cents per kilowatt-hour,million dollars,million kilowatt hours
2024-09,MS,Mississippi,RES,residential,1345208,13.15,236.00148,1794.93471,number of customers,cents per kilowatt-hour,million dollars,million kilowatt hours
2024-09,MS,Mississippi,TRA,transportation,0,0,0,0,number of customers,cents per kilowatt-hour,million dollars,million kilowatt hours
2024-09,MT,Montana,ALL,all sectors,690437,10.89,127.92626,1174.85952,number of customers,cents per kilowatt-hour,million dollars,million kilowatt hours
2024-09,MT,Montana,COM,commercial,118159,12.16,50.0411,411.65721,number of customers,cents per kilowatt-hour,million dollars,million kilowatt hours
2024-09,MT,Montana,IND,industrial,13453,7.05,27.27592,387.04647,number of customers,cents per kilowatt-hour,million dollars,million kilowatt hours
2024-09,MT,Montana,OTH,other,,,,,number of customers,cents per kilowatt-hour,million dollars,million kilowatt hours
2024-09,MT,Montana,RES,residential,558825,13.45,50.60924,376.15584,number of customers,cents per kilowatt-hour,million dollars,million kilowatt hours
2024-09,MT,Montana,TRA,transportation,0,0,0,0,number of customers,cents per kilowatt-hour,million dollars,million kilowatt hours
2024-09,MTN,Mountain,ALL,all sectors,12591812,11.78,3289.44312,27933.54008,number of customers,cents per kilowatt-hour,million dollars,million kilowatt hours
2024-09,MTN,Mountain,COM,commercial,1531507,11.56,1160.60258,10039.48368,number of customers,cents per kilowatt-hour,million dollars,million kilowatt hours
2024-09,MTN,Mountain,IND,industrial,102892,8.18,607.79052,7433.48596,number of customers,cents per kilowatt-hour,million dollars,million kilowatt hours
2024-09,MTN,Mountain,OTH,other,,,,,number of customers,cents per kilowatt-hour,million dollars,million kilowatt hours
2024-09,MTN,Mountain,RES,residential,10957408,14.55,1519.69096,10448.17246,number of customers,cents per kilowatt-hour,million dollars,million kilowatt hours
2024-09,MTN,Mountain,TRA,transportation,5,10.96,1.35907,12.39797,number of customers,cents per kilowatt-hour,million dollars,million kilowatt hours
2024-09,NC,North Carolina,ALL,all sectors,5856633,12.1,1335.24466,11033.36508,number of customers,cents per kilowatt-hour,million dollars,million kilowatt hours
2024-09,NC,North Carolina,COM,commercial,752465,10.89,450.69665,4137.66922,number of customers,cents per kilowatt-hour,million dollars,million kilowatt hours
2024-09,NC,North Carolina,IND,industrial,8908,8.09,167.74648,2073.72989,number of customers,cents per kilowatt-hour,million dollars,million kilowatt hours
2024-09,NC,North Carolina,OTH,other,,,,,number of customers,cents per kilowatt-hour,million dollars,million kilowatt hours
2024-09,NC,North Carolina,RES,residential,5095259,14.87,716.69143,4820.90441,number of customers,cents per kilowatt-hour,million dollars,million kilowatt hours
2024-09,NC,North Carolina,TRA,transportation,1,10.37,.1101,1.06156,number of customers,cents per kilowatt-hour,million dollars,million kilowatt hours
2024-09,ND,North Dakota,ALL,all sectors,486656,7.85,187.84904,2393.70198,number of customers,cents per kilowatt-hour,million dollars,million kilowatt hours
2024-09,ND,North Dakota,COM,commercial,77436,6.83,63.37795,928.59862,number of customers,cents per kilowatt-hour,million dollars,million kilowatt hours
2024-09,ND,North Dakota,IND,industrial,10962,7.24,82.23954,1136.53233,number of customers,cents per kilowatt-hour,million dollars,million kilowatt hours
2024-09,ND,North Dakota,OTH,other,,,,,number of customers,cents per kilowatt-hour,million dollars,million kilowatt hours
2024-09,ND,North Dakota,RES,residential,398258,12.85,42.23156,328.57104,number of customers,cents per kilowatt-hour,million dollars,million kilowatt hours
2024-09,ND,North Dakota,TRA,transportation,0,0,0,0,number of customers,cents per kilowatt-hour,million dollars,million kilowatt hours
2024-09,NE,Nebraska,ALL,all sectors,1136826,9.52,293.93968,3086.1437,number of customers,cents per kilowatt-hour,million dollars,million kilowatt hours
2024-09,NE,Nebraska,COM,commercial,162119,8.78,100.83098,1148.31022,number of customers,cents per kilowatt-hour,million dollars,million kilowatt hours
2024-09,NE,Nebraska,IND,industrial,67638,7.87,89.06724,1132.20901,number of customers,cents per kilowatt-hour,million dollars,million kilowatt hours
2024-09,NE,Nebraska,OTH,other,,,,,number of customers,cents per kilowatt-hour,million dollars,million kilowatt hours
2024-09,NE,Nebraska,RES,residential,907069,12.91,104.04147,805.62446,number of customers,cents per kilowatt-hour,million dollars,million kilowatt hours
2024-09,NE,Nebraska,TRA,transportation,0,0,0,0,number of customers,cents per kilowatt-hour,million dollars,million kilowatt hours
2024-09,NEW,New England,ALL,all sectors,7515624,23.68,2102.82316,8878.79516,number of customers,cents per kilowatt-hour,million dollars,million kilowatt hours
2024-09,NEW,New England,COM,commercial,928795,21.07,850.68208,4036.59376,number of customers,cents per kilowatt-hour,million dollars,million kilowatt hours
2024-09,NEW,New England,IND,industrial,21063,16.54,198.55928,1200.23208,number of customers,cents per kilowatt-hour,million dollars,million kilowatt hours
2024-09,NEW,New England,OTH,other,,,,,number of customers,cents per kilowatt-hour,million dollars,million kilowatt hours
2024-09,NEW,New England,RES,residential,6565760,29.12,1048.39681,3600.35108,number of customers,cents per kilowatt-hour,million dollars,million kilowatt hours
2024-09,NEW,New England,TRA,transportation,6,12.46,5.18499,41.61824,number of customers,cents per kilowatt-hour,million dollars,million kilowatt hours
2024-09,NH,New Hampshire,ALL,all sectors,770325,21.1,178.17178,844.59842,number of customers,cents per kilowatt-hour,million dollars,million kilowatt hours
2024-09,NH,New Hampshire,COM,commercial,112863,19.94,66.53469,333.59419,number of customers,cents per kilowatt-hour,million dollars,million kilowatt hours
2024-09,NH,New Hampshire,IND,industrial,3120,15.65,26.53674,169.60715,number of customers,cents per kilowatt-hour,million dollars,million kilowatt hours
2024-09,NH,New Hampshire,OTH,other,,,,,number of customers,cents per kilowatt-hour,million dollars,million kilowatt hours
2024-09,NH,New Hampshire,RES,residential,654342,24.93,85.10035,341.39708,number of customers,cents per kilowatt-hour,million dollars,million kilowatt hours
2024-09,NH,New Hampshire,TRA,transportation,0,0,0,0,number of customers,cents per kilowatt-hour,million dollars,million kilowatt hours
2024-09,NJ,New Jersey,ALL,all sectors,4293458,16.45,949.94445,5774.70122,number of customers,cents per kilowatt-hour,million dollars,million kilowatt hours
2024-09,NJ,New Jersey,COM,commercial,536935,15.39,492.7681,3201.12842,number of customers,cents per kilowatt-hour,million dollars,million kilowatt hours
2024-09,NJ,New Jersey,IND,industrial,11233,12.22,64.07932,524.45896,number of customers,cents per kilowatt-hour,million dollars,million kilowatt hours
2024-09,NJ,New Jersey,OTH,other,,,,,number of customers,cents per kilowatt-hour,million dollars,million kilowatt hours
2024-09,NJ,New Jersey,RES,residential,3745283,19.32,389.1918,2014.69884,number of customers,cents per kilowatt-hour,million dollars,million kilowatt hours
2024-09,NJ,New Jersey,TRA,transportation,7,11.35,3.90523,34.41499,number of customers,cents per kilowatt-hour,million dollars,million kilowatt hours
2024-09,NM,New Mexico,ALL,all sectors,1095693,9.56,255.49761,2672.94891,number of customers,cents per kilowatt-hour,million dollars,million kilowatt hours
2024-09,NM,New Mexico,COM,commercial,148284,10.91,95.4945,875.36921,number of customers,cents per kilowatt-hour,million dollars,million kilowatt hours
2024-09,NM,New Mexico,IND,industrial,9310,5.61,65.60467,1169.78739,number of customers,cents per kilowatt-hour,million dollars,million kilowatt hours
2024-09,NM,New Mexico,OTH,other,,,,,number of customers,cents per kilowatt-hour,million dollars,million kilowatt hours
2024-09,NM,New Mexico,RES,residential,938099,15.04,94.39845,627.79231,number of customers,cents per kilowatt-hour,million dollars,million kilowatt hours
2024-09,NM,New Mexico,TRA,transportation,0,0,0,0,number of customers,cents per kilowatt-hour,million dollars,million kilowatt hours
2024-09,NV,Nevada,ALL,all sectors,1501963,11.48,439.47711,3828.00311,number of customers,cents per kilowatt-hour,million dollars,million kilowatt hours
2024-09,NV,Nevada,COM,commercial,179365,10.13,129.53051,1279.27521,number of customers,cents per kilowatt-hour,million dollars,million kilowatt hours
2024-09,NV,Nevada,IND,industrial,4937,9.65,104.72817,1085.49403,number of customers,cents per kilowatt-hour,million dollars,million kilowatt hours
2024-09,NV,Nevada,OTH,other,,,,,number of customers,cents per kilowatt-hour,million dollars,million kilowatt hours
2024-09,NV,Nevada,RES,residential,1317660,14.03,205.14955,1462.53563,number of customers,cents per kilowatt-hour,million dollars,million kilowatt hours
2024-09,NV,Nevada,TRA,transportation,1,9.87,.06889,.69823,number of customers,cents per kilowatt-hour,million dollars,million kilowatt hours
2024-09,NY,New York,ALL,all sectors,8614800,20.73,2526.06592,12185.32703,number of customers,cents per kilowatt-hour,million dollars,million kilowatt hours
2024-09,NY,New York,COM,commercial,1167742,20.46,1274.24738,6228.34242,number of customers,cents per kilowatt-hour,million dollars,million kilowatt hours
2024-09,NY,New York,IND,industrial,16458,9.36,127.86751,1366.24001,number of customers,cents per kilowatt-hour,million dollars,million kilowatt hours
2024-09,NY,New York,OTH,other,,,,,number of customers,cents per kilowatt-hour,million dollars,million kilowatt hours
2024-09,NY,New York,RES,residential,7430594,25.05,1087.29216,4341.08998,number of customers,cents per kilowatt-hour,million dollars,million kilowatt hours
2024-09,NY,New York,TRA,transportation,6,14.68,36.65887,249.65462,number of customers,cents per kilowatt-hour,million dollars,million kilowatt hours
2024-09,OH,Ohio,ALL,all sectors,5793704,11.09,1395.37689,12586.1377,number of customers,cents per kilowatt-hour,million dollars,million kilowatt hours
2024-09,OH,Ohio,COM,commercial,628436,10.49,457.17094,4359.59526,number of customers,cents per kilowatt-hour,million dollars,million kilowatt hours
2024-09,OH,Ohio,IND,industrial,18137,7.01,286.67869,4088.34308,number of customers,cents per kilowatt-hour,million dollars,million kilowatt hours
2024-09,OH,Ohio,OTH,other,,,,,number of customers,cents per kilowatt-hour,million dollars,million kilowatt hours
2024-09,OH,Ohio,RES,residential,5147129,15.75,651.36122,4136.14255,number of customers,cents per kilowatt-hour,million dollars,million kilowatt hours
2024-09,OH,Ohio,TRA,transportation,2,8.07,.16604,2.05681,number of customers,cents per kilowatt-hour,million dollars,million kilowatt hours
2024-09,OK,Oklahoma,ALL,all sectors,2203302,10.32,647.31776,6271.53562,number of customers,cents per kilowatt-hour,million dollars,million kilowatt hours
2024-09,OK,Oklahoma,COM,commercial,299236,10.09,228.44163,2263.32781,number of customers,cents per kilowatt-hour,million dollars,million kilowatt hours
2024-09,OK,Oklahoma,IND,industrial,19939,6.48,118.99415,1836.1276,number of customers,cents per kilowatt-hour,million dollars,million kilowatt hours
2024-09,OK,Oklahoma,OTH,other,,,,,number of customers,cents per kilowatt-hour,million dollars,million kilowatt hours
2024-09,OK,Oklahoma,RES,residential,1884127,13.81,299.88198,2172.08021,number of customers,cents per kilowatt-hour,million dollars,million kilowatt hours
2024-09,OK,Oklahoma,TRA,transportation,0,0,0,0,number of customers,cents per kilowatt-hour,million dollars,million kilowatt hours
2024-09,OR,Oregon,ALL,all sectors,2146832,10.99,515.33359,4690.08846,number of customers,cents per kilowatt-hour,million dollars,million kilowatt hours
2024-09,OR,Oregon,COM,commercial,247586,10.11,206.25903,2039.97027,number of customers,cents per kilowatt-hour,million dollars,million kilowatt hours
2024-09,OR,Oregon,IND,industrial,26928,8.05,106.73878,1326.74213,number of customers,cents per kilowatt-hour,million dollars,million kilowatt hours
2024-09,OR,Oregon,OTH,other,,,,,number of customers,cents per kilowatt-hour,million dollars,million kilowatt hours
2024-09,OR,Oregon,RES,residential,1872316,15.29,202.12221,1321.65079,number of customers,cents per kilowatt-hour,million dollars,million kilowatt hours
2024-09,OR,Oregon,TRA,transportation,2,12.38,.21356,1.72527,number of customers,cents per kilowatt-hour,million dollars,million kilowatt hours
2024-09,PA,Pennsylvania,ALL,all sectors,6285155,12.19,1385.81051,11365.06196,number of customers,cents per kilowatt-hour,million dollars,million kilowatt hours
2024-09,PA,Pennsylvania,COM,commercial,742624,11.03,358.73623,3250.96784,number of customers,cents per kilowatt-hour,million dollars,million kilowatt hours
2024-09,PA,Pennsylvania,IND,industrial,11638,7.87,329.8456,4191.58953,number of customers,cents per kilowatt-hour,million dollars,million kilowatt hours
2024-09,PA,Pennsylvania,OTH,other,,,,,number of customers,cents per kilowatt-hour,million dollars,million kilowatt hours
2024-09,PA,Pennsylvania,RES,residential,5530888,17.78,696.78956,3918.81573,number of customers,cents per kilowatt-hour,million dollars,million kilowatt hours
2024-09,PA,Pennsylvania,TRA,transportation,5,11.9,.43912,3.68886,number of customers,cents per kilowatt-hour,million dollars,million kilowatt hours
2024-09,PACC,Pacific Contiguous,ALL,all sectors,21831100,22.93,7910.84231,34495.62656,number of customers,cents per kilowatt-hour,million dollars,million kilowatt hours
2024-09,PACC,Pacific Contiguous,COM,commercial,2400027,22.99,3438.50601,14956.13593,number of customers,cents per kilowatt-hour,million dollars,million kilowatt hours
2024-09,PACC,Pacific Contiguous,IND,industrial,196206,17.15,1214.89078,7082.78261,number of customers,cents per kilowatt-hour,million dollars,million kilowatt hours
2024-09,PACC,Pacific Contiguous,OTH,other,,,,,number of customers,cents per kilowatt-hour,million dollars,million kilowatt hours
2024-09,PACC,Pacific Contiguous,RES,residential,19234847,26.21,3245.05681,12381.31656,number of customers,cents per kilowatt-hour,million dollars,million kilowatt hours
2024-09,PACC,Pacific Contiguous,TRA,transportation,20,16.43,12.3887,75.39146,number of customers,cents per kilowatt-hour,million dollars,million kilowatt hours
2024-09,PACN,Pacific Noncontiguous,ALL,all sectors,864740,31.16,395.11071,1268.12202,number of customers,cents per kilowatt-hour,million dollars,million kilowatt hours
2024-09,PACN,Pacific Noncontiguous,COM,commercial,116747,29.93,138.10135,461.346,number of customers,cents per kilowatt-hour,million dollars,million kilowatt hours
2024-09,PACN,Pacific Noncontiguous,IND,industrial,2038,28.54,118.80863,416.29784,number of customers,cents per kilowatt-hour,million dollars,million kilowatt hours
2024-09,PACN,Pacific Noncontiguous,OTH,other,,,,,number of customers,cents per kilowatt-hour,million dollars,million kilowatt hours
2024-09,PACN,Pacific Noncontiguous,RES,residential,745955,35.39,138.20073,390.47817,number of customers,cents per kilowatt-hour,million dollars,million kilowatt hours
2024-09,PACN,Pacific Noncontiguous,TRA,transportation,0,0,0,0,number of customers,cents per kilowatt-hour,million dollars,million kilowatt hours
2024-09,RI,Rhode Island,ALL,all sectors,536232,24.78,152.2666,614.39953,number of customers,cents per kilowatt-hour,million dollars,million kilowatt hours
2024-09,RI,Rhode Island,COM,commercial,66698,22.42,70.07154,312.52807,number of customers,cents per kilowatt-hour,million dollars,million kilowatt hours
2024-09,RI,Rhode Island,IND,industrial,1698,20.45,10.84514,53.04106,number of customers,cents per kilowatt-hour,million dollars,million kilowatt hours
2024-09,RI,Rhode Island,OTH,other,,,,,number of customers,cents per kilowatt-hour,million dollars,million kilowatt hours
2024-09,RI,Rhode Island,RES,residential,467835,28.71,70.97368,247.20029,number of customers,cents per kilowatt-hour,million dollars,million kilowatt hours
2024-09,RI,Rhode Island,TRA,transportation,1,23.08,.37623,1.63011,number of customers,cents per kilowatt-hour,million dollars,million kilowatt hours
2024-09,SAT,South Atlantic,ALL,all sectors,34940139,11.93,8942.92544,74972.886,number of customers,cents per kilowatt-hour,million dollars,million kilowatt hours
2024-09,SAT,South Atlantic,COM,commercial,4049519,10.53,3261.21187,30963.123,number of customers,cents per kilowatt-hour,million dollars,million kilowatt hours
2024-09,SAT,South Atlantic,IND,industrial,88843,7.86,865.72646,11020.04894,number of customers,cents per kilowatt-hour,million dollars,million kilowatt hours
2024-09,SAT,South Atlantic,OTH,other,,,,,number of customers,cents per kilowatt-hour,million dollars,million kilowatt hours
2024-09,SAT,South Atlantic,RES,residential,30801764,14.61,4806.30423,32890.75619,number of customers,cents per kilowatt-hour,million dollars,million kilowatt hours
2024-09,SAT,South Atlantic,TRA,transportation,13,9.78,9.68289,98.95787,number of customers,cents per kilowatt-hour,million dollars,million kilowatt hours
2024-09,SC,South Carolina,ALL,all sectors,3010487,11.3,793.45336,7022.53758,number of customers,cents per kilowatt-hour,million dollars,million kilowatt hours
2024-09,SC,South Carolina,COM,commercial,414803,10.84,243.67359,2248.17242,number of customers,cents per kilowatt-hour,million dollars,million kilowatt hours
2024-09,SC,South Carolina,IND,industrial,3602,7.17,147.10102,2051.69282,number of customers,cents per kilowatt-hour,million dollars,million kilowatt hours
2024-09,SC,South Carolina,OTH,other,,,,,number of customers,cents per kilowatt-hour,million dollars,million kilowatt hours
2024-09,SC,South Carolina,RES,residential,2592082,14.79,402.67876,2722.67234,number of customers,cents per kilowatt-hour,million dollars,million kilowatt hours
2024-09,SC,South Carolina,TRA,transportation,0,0,0,0,number of customers,cents per kilowatt-hour,million dollars,million kilowatt hours
2024-09,SD,South Dakota,ALL,all sectors,517952,11.14,125.70791,1128.48168,number of customers,cents per kilowatt-hour,million dollars,million kilowatt hours
2024-09,SD,South Dakota,COM,commercial,78827,10.68,46.68913,437.05023,number of customers,cents per kilowatt-hour,million dollars,million kilowatt hours
2024-09,SD,South Dakota,IND,industrial,4420,8.3,25.00807,301.20436,number of customers,cents per kilowatt-hour,million dollars,million kilowatt hours
2024-09,SD,South Dakota,OTH,other,,,,,number of customers,cents per kilowatt-hour,million dollars,million kilowatt hours
2024-09,SD,South Dakota,RES,residential,434705,13.84,54.01071,390.22709,number of customers,cents per kilowatt-hour,million dollars,million kilowatt hours
2024-09,SD,South Dakota,TRA,transportation,0,0,0,0,number of customers,cents per kilowatt-hour,million dollars,million kilowatt hours
2024-09,TN,Tennessee,ALL,all sectors,3727381,11.04,1024.93769,9286.55742,number of customers,cents per kilowatt-hour,million dollars,million kilowatt hours
2024-09,TN,Tennessee,COM,commercial,545687,12.21,408.80562,3348.97435,number of customers,cents per kilowatt-hour,million dollars,million kilowatt hours
2024-09,TN,Tennessee,IND,industrial,1010,6.36,127.35706,2001.17043,number of customers,cents per kilowatt-hour,million dollars,million kilowatt hours
2024-09,TN,Tennessee,OTH,other,,,,,number of customers,cents per kilowatt-hour,million dollars,million kilowatt hours
2024-09,TN,Tennessee,RES,residential,3180684,12.42,488.775,3936.41264,number of customers,cents per kilowatt-hour,million dollars,million kilowatt hours
2024-09,TN,Tennessee,TRA,transportation,0,0,0,0,number of customers,cents per kilowatt-hour,million dollars,million kilowatt hours
2024-09,TX,Texas,ALL,all sectors,14580005,10.1,4669.00878,46250.93509,number of customers,cents per kilowatt-hour,million dollars,million kilowatt hours
2024-09,TX,Texas,COM,commercial,1555983,8.65,1300.4385,15037.47571,number of customers,cents per kilowatt-hour,million dollars,million kilowatt hours
2024-09,TX,Texas,IND,industrial,386324,6.1,908.00143,14875.75981,number of customers,cents per kilowatt-hour,million dollars,million kilowatt hours
2024-09,TX,Texas,OTH,other,,,,,number of customers,cents per kilowatt-hour,million dollars,million kilowatt hours
2024-09,TX,Texas,RES,residential,12637695,15.06,2460.5289,16336.6695,number of customers,cents per kilowatt-hour,million dollars,million kilowatt hours
2024-09,TX,Texas,TRA,transportation,3,3.88,.03995,1.03008,number of customers,cents per kilowatt-hour,million dollars,million kilowatt hours
2024-09,US,U.S. Total,ALL,all sectors,163779510,13.34,45758.46489,343070.70554,number of customers,cents per kilowatt-hour,million dollars,million kilowatt hours
2024-09,US,U.S. Total,COM,commercial,19456717,13.23,16832.29171,127248.28887,number of customers,cents per kilowatt-hour,million dollars,million kilowatt hours
2024-09,US,U.S. Total,IND,industrial,1131364,8.45,7428.26632,87919.71263,number of customers,cents per kilowatt-hour,million dollars,million kilowatt hours
2024-09,US,U.S. Total,OTH,other,,,,,number of customers,cents per kilowatt-hour,million dollars,million kilowatt hours
2024-09,US,U.S. Total,RES,residential,143191348,16.82,21424.23323,127340.05411,number of customers,cents per kilowatt-hour,million dollars,million kilowatt hours
2024-09,US,U.S. Total,TRA,transportation,81,13.09,73.67364,562.64992,number of customers,cents per kilowatt-hour,million dollars,million kilowatt hours
2024-09,UT,Utah,ALL,all sectors,1430653,11.59,330.63748,2851.58039,number of customers,cents per kilowatt-hour,million dollars,million kilowatt hours
2024-09,UT,Utah,COM,commercial,146588,11.35,131.11147,1155.31657,number of customers,cents per kilowatt-hour,million dollars,million kilowatt hours
2024-09,UT,Utah,IND,industrial,10838,9.08,62.46859,687.69872,number of customers,cents per kilowatt-hour,million dollars,million kilowatt hours
2024-09,UT,Utah,OTH,other,,,,,number of customers,cents per kilowatt-hour,million dollars,million kilowatt hours
2024-09,UT,Utah,RES,residential,1273226,13.6,136.53253,1004.19859,number of customers,cents per kilowatt-hour,million dollars,million kilowatt hours
2024-09,UT,Utah,TRA,transportation,1,12.02,.5249,4.36652,number of customers,cents per kilowatt-hour,million dollars,million kilowatt hours
2024-09,VA,Virginia,ALL,all sectors,4115964,10.51,1156.29325,10999.0547,number of customers,cents per kilowatt-hour,million dollars,million kilowatt hours
2024-09,VA,Virginia,COM,commercial,446708,8.52,569.41866,6685.9186,number of customers,cents per kilowatt-hour,million dollars,million kilowatt hours
2024-09,VA,Virginia,IND,industrial,3831,8.96,97.89829,1093.04071,number of customers,cents per kilowatt-hour,million dollars,million kilowatt hours
2024-09,VA,Virginia,OTH,other,,,,,number of customers,cents per kilowatt-hour,million dollars,million kilowatt hours
2024-09,VA,Virginia,RES,residential,3665424,15.24,487.25916,3197.93309,number of customers,cents per kilowatt-hour,million dollars,million kilowatt hours
2024-09,VA,Virginia,TRA,transportation,1,7.75,1.71713,22.1623,number of customers,cents per kilowatt-hour,million dollars,million kilowatt hours
2024-09,VT,Vermont,ALL,all sectors,389757,18.63,78.72665,422.47473,number of customers,cents per kilowatt-hour,million dollars,million kilowatt hours
2024-09,VT,Vermont,COM,commercial,64792,19.21,30.70097,159.83365,number of customers,cents per kilowatt-hour,million dollars,million kilowatt hours
2024-09,VT,Vermont,IND,industrial,239,11.73,11.9859,102.18566,number of customers,cents per kilowatt-hour,million dollars,million kilowatt hours
2024-09,VT,Vermont,OTH,other,,,,,number of customers,cents per kilowatt-hour,million dollars,million kilowatt hours
2024-09,VT,Vermont,RES,residential,324726,22.46,36.03977,160.45542,number of customers,cents per kilowatt-hour,million dollars,million kilowatt hours
2024-09,VT,Vermont,TRA,transportation,0,0,0,0,number of customers,cents per kilowatt-hour,million dollars,million kilowatt hours
2024-09,WA,Washington,ALL,all sectors,3797084,9.98,677.86387,6789.4104,number of customers,cents per kilowatt-hour,million dollars,million kilowatt hours
2024-09,WA,Washington,COM,commercial,404605,9.75,267.55985,2743.15545,number of customers,cents per kilowatt-hour,million dollars,million kilowatt hours
2024-09,WA,Washington,IND,industrial,26662,6.65,105.31844,1584.5683,number of customers,cents per kilowatt-hour,million dollars,million kilowatt hours
2024-09,WA,Washington,OTH,other,,,,,number of customers,cents per kilowatt-hour,million dollars,million kilowatt hours
2024-09,WA,Washington,RES,residential,3365812,12.39,304.08227,2454.00282,number of customers,cents per kilowatt-hour,million dollars,million kilowatt hours
2024-09,WA,Washington,TRA,transportation,5,11.76,.90331,7.68383,number of customers,cents per kilowatt-hour,million dollars,million kilowatt hours
2024-09,WI,Wisconsin,ALL,all sectors,3228164,13.17,751.76591,5709.32761,number of customers,cents per kilowatt-hour,million dollars,million kilowatt hours
2024-09,WI,Wisconsin,COM,commercial,370370,13.1,260.1914,1986.61179,number of customers,cents per kilowatt-hour,million dollars,million kilowatt hours
2024-09,WI,Wisconsin,IND,industrial,5845,9.14,179.20065,1960.444,number of customers,cents per kilowatt-hour,million dollars,million kilowatt hours
2024-09,WI,Wisconsin,OTH,other,,,,,number of customers,cents per kilowatt-hour,million dollars,million kilowatt hours
2024-09,WI,Wisconsin,RES,residential,2851947,17.73,312.35699,1762.17032,number of customers,cents per kilowatt-hour,million dollars,million kilowatt hours
2024-09,WI,Wisconsin,TRA,transportation,2,16.62,.01687,.1015,number of customers,cents per kilowatt-hour,million dollars,million kilowatt hours
2024-09,WNC,West North Central,ALL,all sectors,11708966,11.23,2972.1793,26473.00296,number of customers,cents per kilowatt-hour,million dollars,million kilowatt hours
2024-09,WNC,West North Central,COM,commercial,1529725,10.94,1029.55489,9414.94291,number of customers,cents per kilowatt-hour,million dollars,million kilowatt hours
2024-09,WNC,West North Central,IND,industrial,135682,8.19,707.75157,8637.9081,number of customers,cents per kilowatt-hour,million dollars,million kilowatt hours
2024-09,WNC,West North Central,OTH,other,,,,,number of customers,cents per kilowatt-hour,million dollars,million kilowatt hours
2024-09,WNC,West North Central,RES,residential,10043556,14.67,1234.42099,8416.95583,number of customers,cents per kilowatt-hour,million dollars,million kilowatt hours
2024-09,WNC,West North Central,TRA,transportation,3,14.14,.45186,3.19613,number of customers,cents per kilowatt-hour,million dollars,million kilowatt hours
2024-09,WSC,West South Central,ALL,all sectors,20987205,9.97,6587.01745,66101.06338,number of customers,cents per kilowatt-hour,million dollars,million kilowatt hours
2024-09,WSC,West South Central,COM,commercial,2363992,9.09,1880.74173,20690.87175,number of customers,cents per kilowatt-hour,million dollars,million kilowatt hours
2024-09,WSC,West South Central,IND,industrial,465419,6.12,1350.44691,22067.38584,number of customers,cents per kilowatt-hour,million dollars,million kilowatt hours
2024-09,WSC,West South Central,OTH,other,,,,,number of customers,cents per kilowatt-hour,million dollars,million kilowatt hours
2024-09,WSC,West South Central,RES,residential,18157788,14.38,3355.67669,23340.81214,number of customers,cents per kilowatt-hour,million dollars,million kilowatt hours
2024-09,WSC,West South Central,TRA,transportation,6,7.63,.15212,1.99364,number of customers,cents per kilowatt-hour,million dollars,million kilowatt hours
2024-09,WV,West Virginia,ALL,all sectors,1028856,11.29,279.73462,2478.00132,number of customers,cents per kilowatt-hour,million dollars,million kilowatt hours
2024-09,WV,West Virginia,COM,commercial,152138,12.26,76.97184,627.81992,number of customers,cents per kilowatt-hour,million dollars,million kilowatt hours
2024-09,WV,West Virginia,IND,industrial,10984,8.06,93.5817,1161.02959,number of customers,cents per kilowatt-hour,million dollars,million kilowatt hours
2024-09,WV,West Virginia,OTH,other,,,,,number of customers,cents per kilowatt-hour,million dollars,million kilowatt hours
2024-09,WV,West Virginia,RES,residential,865734,15.84,109.18109,689.15182,number of customers,cents per kilowatt-hour,million dollars,million kilowatt hours
2024-09,WV,West Virginia,TRA,transportation,0,0,0,0,number of customers,cents per kilowatt-hour,million dollars,million kilowatt hours
2024-09,WY,Wyoming,ALL,all sectors,357970,9.54,128.72411,1349.50855,number of customers,cents per kilowatt-hour,million dollars,million kilowatt hours
2024-09,WY,Wyoming,COM,commercial,59136,9.79,41.09298,419.87352,number of customers,cents per kilowatt-hour,million dollars,million kilowatt hours
2024-09,WY,Wyoming,IND,industrial,12102,8.27,61.19882,739.63368,number of customers,cents per kilowatt-hour,million dollars,million kilowatt hours
2024-09,WY,Wyoming,OTH,other,,,,,number of customers,cents per kilowatt-hour,million dollars,million kilowatt hours
2024-09,WY,Wyoming,RES,residential,286732,13.91,26.43231,190.00135,number of customers,cents per kilowatt-hour,million dollars,million kilowatt hours
2024-09,WY,Wyoming,TRA,transportation,0,0,0,0,number of customers,cents per kilowatt-hour,million dollars,million kilowatt hours
2024-08,AK,Alaska,ALL,all sectors,357622,23.12,108.97662,471.31606,number of customers,cents per kilowatt-hour,million dollars,million kilowatt hours
2024-08,AK,Alaska,COM,commercial,57157,22.34,47.38771,212.11795,number of customers,cents per kilowatt-hour,million dollars,million kilowatt hours
2024-08,AK,Alaska,IND,industrial,1216,20.27,22.84906,112.69911,number of customers,cents per kilowatt-hour,million dollars,million kilowatt hours
2024-08,AK,Alaska,OTH,other,,,,,number of customers,cents per kilowatt-hour,million dollars,million kilowatt hours
2024-08,AK,Alaska,RES,residential,299249,26.44,38.73985,146.499,number of customers,cents per kilowatt-hour,million dollars,million kilowatt hours
2024-08,AK,Alaska,TRA,transportation,0,0,0,0,number of customers,cents per kilowatt-hour,million dollars,million kilowatt hours
2024-08,AL,Alabama,ALL,all sectors,2804653,12.07,1064.88573,8824.45645,number of customers,cents per kilowatt-hour,million dollars,million kilowatt hours
2024-08,AL,Alabama,COM,commercial,391541,13.45,313.21855,2328.2726,number of customers,cents per kilowatt-hour,million dollars,million kilowatt hours
2024-08,AL,Alabama,IND,industrial,7286,7.3,209.41618,2868.25468,number of customers,cents per kilowatt-hour,million dollars,million kilowatt hours
2024-08,AL,Alabama,OTH,other,,,,,number of customers,cents per kilowatt-hour,million dollars,million kilowatt hours
2024-08,AL,Alabama,RES,residential,2405826,14.95,542.251,3627.92917,number of customers,cents per kilowatt-hour,million dollars,million kilowatt hours
2024-08,AL,Alabama,TRA,transportation,0,0,0,0,number of customers,cents per kilowatt-hour,million dollars,million kilowatt hours
2024-08,AR,Arkansas,ALL,all sectors,1730944,9.95,502.13746,5047.81596,number of customers,cents per kilowatt-hour,million dollars,million kilowatt hours
2024-08,AR,Arkansas,COM,commercial,207203,10.1,122.47957,1212.0819,number of customers,cents per kilowatt-hour,million dollars,million kilowatt hours
2024-08,AR,Arkansas,IND,industrial,42626,7.03,128.45286,1828.42373,number of customers,cents per kilowatt-hour,million dollars,million kilowatt hours
2024-08,AR,Arkansas,OTH,other,,,,,number of customers,cents per kilowatt-hour,million dollars,million kilowatt hours
2024-08,AR,Arkansas,RES,residential,1481113,12.51,251.20129,2007.28271,number of customers,cents per kilowatt-hour,million dollars,million kilowatt hours
2024-08,AR,Arkansas,TRA,transportation,2,13.56,.00375,.02763,number of customers,cents per kilowatt-hour,million dollars,million kilowatt hours
2024-08,AZ,Arizona,ALL,all sectors,3497793,13.33,1393.86346,10453.58438,number of customers,cents per kilowatt-hour,million dollars,million kilowatt hours
2024-08,AZ,Arizona,COM,commercial,349894,12.65,494.67301,3911.24445,number of customers,cents per kilowatt-hour,million dollars,million kilowatt hours
2024-08,AZ,Arizona,IND,industrial,7589,9.21,114.99012,1247.87639,number of customers,cents per kilowatt-hour,million dollars,million kilowatt hours
2024-08,AZ,Arizona,OTH,other,,,,,number of customers,cents per kilowatt-hour,million dollars,million kilowatt hours
2024-08,AZ,Arizona,RES,residential,3140308,14.81,784.0905,5293.50357,number of customers,cents per kilowatt-hour,million dollars,million kilowatt hours
2024-08,AZ,Arizona,TRA,transportation,2,11.44,.10984,.95997,number of customers,cents per kilowatt-hour,million dollars,million kilowatt hours
2024-08,CA,California,ALL,all sectors,16338916,29.07,7426.65572,25547.24336,number of customers,cents per kilowatt-hour,million dollars,million kilowatt hours
2024-08,CA,California,COM,commercial,1797947,29,3202.88113,11045.62667,number of customers,cents per kilowatt-hour,million dollars,million kilowatt hours
2024-08,CA,California,IND,industrial,150254,24.55,1086.00839,4423.66898,number of customers,cents per kilowatt-hour,million dollars,million kilowatt hours
2024-08,CA,California,OTH,other,,,,,number of customers,cents per kilowatt-hour,million dollars,million kilowatt hours
2024-08,CA,California,RES,residential,14390702,31.22,3126.92411,10015.96814,number of customers,cents per kilowatt-hour,million dollars,million kilowatt hours
2024-08,CA,California,TRA,transportation,13,17.49,10.8421,61.97958,number of customers,cents per kilowatt-hour,million dollars,million kilowatt hours
2024-08,CO,Colorado,ALL,all sectors,2985087,12.8,736.272,5750.04537,number of customers,cents per kilowatt-hour,million dollars,million kilowatt hours
2024-08,CO,Colorado,COM,commercial,406859,12.47,261.09137,2094.42995,number of customers,cents per kilowatt-hour,million dollars,million kilowatt hours
2024-08,CO,Colorado,IND,industrial,14907,9.02,124.53511,1380.56378,number of customers,cents per kilowatt-hour,million dollars,million kilowatt hours
2024-08,CO,Colorado,OTH,other,,,,,number of customers,cents per kilowatt-hour,million dollars,million kilowatt hours
2024-08,CO,Colorado,RES,residential,2563320,15.43,349.9994,2268.49223,number of customers,cents per kilowatt-hour,million dollars,million kilowatt hours
2024-08,CO,Colorado,TRA,transportation,1,9.85,.64612,6.55941,number of customers,cents per kilowatt-hour,million dollars,million kilowatt hours
2024-08,CT,Connecticut,ALL,all sectors,1714809,25.62,683.57637,2667.78184,number of customers,cents per kilowatt-hour,million dollars,million kilowatt hours
2024-08,CT,Connecticut,COM,commercial,156990,22.27,241.78916,1085.79967,number of customers,cents per kilowatt-hour,million dollars,million kilowatt hours
2024-08,CT,Connecticut,IND,industrial,3842,17.49,43.1789,246.86657,number of customers,cents per kilowatt-hour,million dollars,million kilowatt hours
2024-08,CT,Connecticut,OTH,other,,,,,number of customers,cents per kilowatt-hour,million dollars,million kilowatt hours
2024-08,CT,Connecticut,RES,residential,1553974,29.96,394.84743,1318.04942,number of customers,cents per kilowatt-hour,million dollars,million kilowatt hours
2024-08,CT,Connecticut,TRA,transportation,3,22.04,3.76088,17.06618,number of customers,cents per kilowatt-hour,million dollars,million kilowatt hours
2024-08,DC,District of Columbia,ALL,all sectors,346701,16.47,170.23769,1033.7292,number of customers,cents per kilowatt-hour,million dollars,million kilowatt hours
2024-08,DC,District of Columbia,COM,commercial,27566,16.55,118.81091,717.94771,number of customers,cents per kilowatt-hour,million dollars,million kilowatt hours
2024-08,DC,District of Columbia,IND,industrial,1,10.04,1.58699,15.7989,number of customers,cents per kilowatt-hour,million dollars,million kilowatt hours
2024-08,DC,District of Columbia,OTH,other,,,,,number of customers,cents per kilowatt-hour,million dollars,million kilowatt hours
2024-08,DC,District of Columbia,RES,residential,319131,17.4,47.05259,270.43867,number of customers,cents per kilowatt-hour,million dollars,million kilowatt hours
2024-08,DC,District of Columbia,TRA,transportation,3,9.43,2.78719,29.54393,number of customers,cents per kilowatt-hour,million dollars,million kilowatt hours
2024-08,DE,Delaware,ALL,all sectors,536370,13.36,152.01043,1137.6512,number of customers,cents per kilowatt-hour,million dollars,million kilowatt hours
2024-08,DE,Delaware,COM,commercial,60787,12.07,50.30419,416.74544,number of customers,cents per kilowatt-hour,million dollars,million kilowatt hours
2024-08,DE,Delaware,IND,industrial,1158,8.8,15.27458,173.54286,number of customers,cents per kilowatt-hour,million dollars,million kilowatt hours
2024-08,DE,Delaware,OTH,other,,,,,number of customers,cents per kilowatt-hour,million dollars,million kilowatt hours
2024-08,DE,Delaware,RES,residential,474425,15.79,86.43165,547.36291,number of customers,cents per kilowatt-hour,million dollars,million kilowatt hours
2024-08,DE,Delaware,TRA,transportation,0,0,0,0,number of customers,cents per kilowatt-hour,million dollars,million kilowatt hours
2024-08,ENC,East North Central,ALL,all sectors,23554404,12.5,6696.35144,53561.20149,number of customers,cents per kilowatt-hour,million dollars,million kilowatt hours
2024-08,ENC,East North Central,COM,commercial,2574517,12.2,2115.26624,17333.33254,number of customers,cents per kilowatt-hour,million dollars,million kilowatt hours
2024-08,ENC,East North Central,IND,industrial,54757,8.24,1379.56454,16749.50243,number of customers,cents per kilowatt-hour,million dollars,million kilowatt hours
2024-08,ENC,East North Central,OTH,other,,,,,number of customers,cents per kilowatt-hour,million dollars,million kilowatt hours
2024-08,ENC,East North Central,RES,residential,20925120,16.45,3198.26666,19437.50167,number of customers,cents per kilowatt-hour,million dollars,million kilowatt hours
2024-08,ENC,East North Central,TRA,transportation,10,7.96,3.25399,40.86486,number of customers,cents per kilowatt-hour,million dollars,million kilowatt hours
2024-08,ESC,East South Central,ALL,all sectors,10550247,11.1,3470.25167,31276.32668,number of customers,cents per kilowatt-hour,million dollars,million kilowatt hours
2024-08,ESC,East South Central,COM,commercial,1511893,12.22,1162.6819,9515.15761,number of customers,cents per kilowatt-hour,million dollars,million kilowatt hours
2024-08,ESC,East South Central,IND,industrial,25971,6.8,600.46422,8826.37618,number of customers,cents per kilowatt-hour,million dollars,million kilowatt hours
2024-08,ESC,East South Central,OTH,other,,,,,number of customers,cents per kilowatt-hour,million dollars,million kilowatt hours
2024-08,ESC,East South Central,RES,residential,9012383,13.2,1707.10555,12934.7929,number of customers,cents per kilowatt-hour,million dollars,million kilowatt hours
2024-08,ESC,East South Central,TRA,transportation,0,0,0,0,number of customers,cents per kilowatt-hour,million dollars,million kilowatt hours
2024-08,FL,Florida,ALL,all sectors,11814583,12.13,3193.45393,26336.58537,number of customers,cents per kilowatt-hour,million dollars,million kilowatt hours
2024-08,FL,Florida,COM,commercial,1311975,10.46,1010.95264,9663.09731,number of customers,cents per kilowatt-hour,million dollars,million kilowatt hours
2024-08,FL,Florida,IND,industrial,27016,8.24,131.25114,1593.5976,number of customers,cents per kilowatt-hour,million dollars,million kilowatt hours
2024-08,FL,Florida,OTH,other,,,,,number of customers,cents per kilowatt-hour,million dollars,million kilowatt hours
2024-08,FL,Florida,RES,residential,10475590,13.6,2050.6242,15073.89687,number of customers,cents per kilowatt-hour,million dollars,million kilowatt hours
2024-08,FL,Florida,TRA,transportation,2,10.44,.62595,5.9936,number of customers,cents per kilowatt-hour,million dollars,million kilowatt hours
2024-08,GA,Georgia,ALL,all sectors,5476238,12.76,1957.29344,15341.8026,number of customers,cents per kilowatt-hour,million dollars,million kilowatt hours
2024-08,GA,Georgia,COM,commercial,620717,11.72,645.49624,5508.65655,number of customers,cents per kilowatt-hour,million dollars,million kilowatt hours
2024-08,GA,Georgia,IND,industrial,24909,9.89,293.32997,2965.28235,number of customers,cents per kilowatt-hour,million dollars,million kilowatt hours
2024-08,GA,Georgia,OTH,other,,,,,number of customers,cents per kilowatt-hour,million dollars,million kilowatt hours
2024-08,GA,Georgia,RES,residential,4830611,14.83,1016.75397,6854.78421,number of customers,cents per kilowatt-hour,million dollars,million kilowatt hours
2024-08,GA,Georgia,TRA,transportation,1,13.1,1.71326,13.07949,number of customers,cents per kilowatt-hour,million dollars,million kilowatt hours
2024-08,HI,Hawaii,ALL,all sectors,506473,37.29,302.17653,810.44928,number of customers,cents per kilowatt-hour,million dollars,million kilowatt hours
2024-08,HI,Hawaii,COM,commercial,59377,37.26,95.73694,256.9456,number of customers,cents per kilowatt-hour,million dollars,million kilowatt hours
2024-08,HI,Hawaii,IND,industrial,822,33.44,104.09595,311.32547,number of customers,cents per kilowatt-hour,million dollars,million kilowatt hours
2024-08,HI,Hawaii,OTH,other,,,,,number of customers,cents per kilowatt-hour,million dollars,million kilowatt hours
2024-08,HI,Hawaii,RES,residential,446274,42.26,102.34364,242.17821,number of customers,cents per kilowatt-hour,million dollars,million kilowatt hours
2024-08,HI,Hawaii,TRA,transportation,0,0,0,0,number of customers,cents per kilowatt-hour,million dollars,million kilowatt hours
2024-08,IA,Iowa,ALL,all sectors,1711139,10.66,535.02171,5017.75981,number of customers,cents per kilowatt-hour,million dollars,million kilowatt hours
2024-08,IA,Iowa,COM,commercial,251780,11.32,132.73355,1172.92594,number of customers,cents per kilowatt-hour,million dollars,million kilowatt hours
2024-08,IA,Iowa,IND,industrial,9722,7.99,195.11095,2443.19792,number of customers,cents per kilowatt-hour,million dollars,million kilowatt hours
2024-08,IA,Iowa,OTH,other,,,,,number of customers,cents per kilowatt-hour,million dollars,million kilowatt hours
2024-08,IA,Iowa,RES,residential,1449637,14.78,207.17721,1401.63594,number of customers,cents per kilowatt-hour,million dollars,million kilowatt hours
2024-08,IA,Iowa,TRA,transportation,0,0,0,0,number of customers,cents per kilowatt-hour,million dollars,million kilowatt hours
2024-08,ID,Idaho,ALL,all sectors,1024871,9.89,253.40515,2562.56818,number of customers,cents per kilowatt-hour,million dollars,million kilowatt hours
2024-08,ID,Idaho,COM,commercial,124146,9.23,58.20931,630.57885,number of customers,cents per kilowatt-hour,million dollars,million kilowatt hours
2024-08,ID,Idaho,IND,industrial,29914,8.58,92.99819,1083.47839,number of customers,cents per kilowatt-hour,million dollars,million kilowatt hours
2024-08,ID,Idaho,OTH,other,,,,,number of customers,cents per kilowatt-hour,million dollars,million kilowatt hours
2024-08,ID,Idaho,RES,residential,870811,12.04,102.19766,848.51094,number of customers,cents per kilowatt-hour,million dollars,million kilowatt hours
2024-08,ID,Idaho,TRA,transportation,0,0,0,0,number of customers,cents per kilowatt-hour,million dollars,million kilowatt hours
2024-08,IL,Illinois,ALL,all sectors,5999750,12.55,1613.27672,12849.96018,number of customers,cents per kilowatt-hour,million dollars,million kilowatt hours
2024-08,IL,Illinois,COM,commercial,636677,12.05,524.24617,4351.29405,number of customers,cents per kilowatt-hour,million dollars,million kilowatt hours
2024-08,IL,Illinois,IND,industrial,5629,9.01,321.00639,3564.32447,number of customers,cents per kilowatt-hour,million dollars,million kilowatt hours
2024-08,IL,Illinois,OTH,other,,,,,number of customers,cents per kilowatt-hour,million dollars,million kilowatt hours
2024-08,IL,Illinois,RES,residential,5357441,15.62,765.2413,4898.14314,number of customers,cents per kilowatt-hour,million dollars,million kilowatt hours
2024-08,IL,Illinois,TRA,transportation,3,7.69,2.78287,36.19852,number of customers,cents per kilowatt-hour,million dollars,million kilowatt hours
2024-08,IN,Indiana,ALL,all sectors,3456151,11.55,1134.10812,9815.7934,number of customers,cents per kilowatt-hour,million dollars,million kilowatt hours
2024-08,IN,Indiana,COM,commercial,375326,12.42,299.25592,2409.48041,number of customers,cents per kilowatt-hour,million dollars,million kilowatt hours
2024-08,IN,Indiana,IND,industrial,19241,8.15,319.98418,3925.03011,number of customers,cents per kilowatt-hour,million dollars,million kilowatt hours
2024-08,IN,Indiana,OTH,other,,,,,number of customers,cents per kilowatt-hour,million dollars,million kilowatt hours
2024-08,IN,Indiana,RES,residential,3061583,14.79,514.66827,3479.55192,number of customers,cents per kilowatt-hour,million dollars,million kilowatt hours
2024-08,IN,Indiana,TRA,transportation,1,11.54,.19975,1.73096,number of customers,cents per kilowatt-hour,million dollars,million kilowatt hours
2024-08,KS,Kansas,ALL,all sectors,1592163,11.83,508.77716,4299.65257,number of customers,cents per kilowatt-hour,million dollars,million kilowatt hours
2024-08,KS,Kansas,COM,commercial,245717,12.01,190.86363,1589.70063,number of customers,cents per kilowatt-hour,million dollars,million kilowatt hours
2024-08,KS,Kansas,IND,industrial,24464,7.65,82.55333,1078.96616,number of customers,cents per kilowatt-hour,million dollars,million kilowatt hours
2024-08,KS,Kansas,OTH,other,,,,,number of customers,cents per kilowatt-hour,million dollars,million kilowatt hours
2024-08,KS,Kansas,RES,residential,1321982,14.43,235.3602,1630.98579,number of customers,cents per kilowatt-hour,million dollars,million kilowatt hours
2024-08,KS,Kansas,TRA,transportation,0,0,0,0,number of customers,cents per kilowatt-hour,million dollars,million kilowatt hours
2024-08,KY,Kentucky,ALL,all sectors,2412641,10.22,726.35694,7110.33359,number of customers,cents per kilowatt-hour,million dollars,million kilowatt hours
2024-08,KY,Kentucky,COM,commercial,327641,11.37,228.02657,2006.07447,number of customers,cents per kilowatt-hour,million dollars,million kilowatt hours
2024-08,KY,Kentucky,IND,industrial,4784,6.6,161.24138,2441.6787,number of customers,cents per kilowatt-hour,million dollars,million kilowatt hours
2024-08,KY,Kentucky,OTH,other,,,,,number of customers,cents per kilowatt-hour,million dollars,million kilowatt hours
2024-08,KY,Kentucky,RES,residential,2080216,12.66,337.08899,2662.58042,number of customers,cents per kilowatt-hour,million dollars,million kilowatt hours
2024-08,KY,Kentucky,TRA,transportation,0,0,0,0,number of customers,cents per kilowatt-hour,million dollars,million kilowatt hours
2024-08,LA,Louisiana,ALL,all sectors,2474542,8.96,856.78234,9558.85661,number of customers,cents per kilowatt-hour,million dollars,million kilowatt hours
2024-08,LA,Louisiana,COM,commercial,302670,10,237.21849,2372.89963,number of customers,cents per kilowatt-hour,million dollars,million kilowatt hours
2024-08,LA,Louisiana,IND,industrial,18362,5.63,204.59931,3633.71693,number of customers,cents per kilowatt-hour,million dollars,million kilowatt hours
2024-08,LA,Louisiana,OTH,other,,,,,number of customers,cents per kilowatt-hour,million dollars,million kilowatt hours
2024-08,LA,Louisiana,RES,residential,2153509,11.68,414.85908,3551.29218,number of customers,cents per kilowatt-hour,million dollars,million kilowatt hours
2024-08,LA,Louisiana,TRA,transportation,1,11.13,.10546,.94787,number of customers,cents per kilowatt-hour,million dollars,million kilowatt hours
2024-08,MA,Massachusetts,ALL,all sectors,3368311,24.26,1062.77678,4380.13655,number of customers,cents per kilowatt-hour,million dollars,million kilowatt hours
2024-08,MA,Massachusetts,COM,commercial,420820,20.93,414.44996,1980.44225,number of customers,cents per kilowatt-hour,million dollars,million kilowatt hours
2024-08,MA,Massachusetts,IND,industrial,10309,18.26,90.66844,496.41632,number of customers,cents per kilowatt-hour,million dollars,million kilowatt hours
2024-08,MA,Massachusetts,OTH,other,,,,,number of customers,cents per kilowatt-hour,million dollars,million kilowatt hours
2024-08,MA,Massachusetts,RES,residential,2937180,29.56,555.59917,1879.55037,number of customers,cents per kilowatt-hour,million dollars,million kilowatt hours
2024-08,MA,Massachusetts,TRA,transportation,2,8.68,2.05922,23.72761,number of customers,cents per kilowatt-hour,million dollars,million kilowatt hours
2024-08,MAT,Middle Atlantic,ALL,all sectors,19168405,17.15,6019.42003,35103.49946,number of customers,cents per kilowatt-hour,million dollars,million kilowatt hours
2024-08,MAT,Middle Atlantic,COM,commercial,2438098,16.55,2326.54097,14056.34067,number of customers,cents per kilowatt-hour,million dollars,million kilowatt hours
2024-08,MAT,Middle Atlantic,IND,industrial,39274,8.94,553.06959,6188.63949,number of customers,cents per kilowatt-hour,million dollars,million kilowatt hours
2024-08,MAT,Middle Atlantic,OTH,other,,,,,number of customers,cents per kilowatt-hour,million dollars,million kilowatt hours
2024-08,MAT,Middle Atlantic,RES,residential,16691015,21.29,3091.81125,14519.48037,number of customers,cents per kilowatt-hour,million dollars,million kilowatt hours
2024-08,MAT,Middle Atlantic,TRA,transportation,18,14.16,47.99823,339.03892,number of customers,cents per kilowatt-hour,million dollars,million kilowatt hours
2024-08,MD,Maryland,ALL,all sectors,2725329,15.12,864.30475,5716.69236,number of customers,cents per kilowatt-hour,million dollars,million kilowatt hours
2024-08,MD,Maryland,COM,commercial,261402,13.04,350.78218,2689.15543,number of customers,cents per kilowatt-hour,million dollars,million kilowatt hours
2024-08,MD,Maryland,IND,industrial,9273,9.99,31.03074,310.51464,number of customers,cents per kilowatt-hour,million dollars,million kilowatt hours
2024-08,MD,Maryland,OTH,other,,,,,number of customers,cents per kilowatt-hour,million dollars,million kilowatt hours
2024-08,MD,Maryland,RES,residential,2454649,17.83,478.80264,2685.2678,number of customers,cents per kilowatt-hour,million dollars,million kilowatt hours
2024-08,MD,Maryland,TRA,transportation,5,11.62,3.68919,31.75449,number of customers,cents per kilowatt-hour,million dollars,million kilowatt hours
2024-08,ME,Maine,ALL,all sectors,870045,18.77,195.34999,1040.75029,number of customers,cents per kilowatt-hour,million dollars,million kilowatt hours
2024-08,ME,Maine,COM,commercial,113295,17.04,64.86945,380.63463,number of customers,cents per kilowatt-hour,million dollars,million kilowatt hours
2024-08,ME,Maine,IND,industrial,1942,12.02,27.06565,225.08969,number of customers,cents per kilowatt-hour,million dollars,million kilowatt hours
2024-08,ME,Maine,OTH,other,,,,,number of customers,cents per kilowatt-hour,million dollars,million kilowatt hours
2024-08,ME,Maine,RES,residential,754808,23.77,103.41489,435.02596,number of customers,cents per kilowatt-hour,million dollars,million kilowatt hours
2024-08,ME,Maine,TRA,transportation,0,0,0,0,number of customers,cents per kilowatt-hour,million dollars,million kilowatt hours
2024-08,MI,Michigan,ALL,all sectors,5088511,14.51,1383.37041,9536.74812,number of customers,cents per kilowatt-hour,million dollars,million kilowatt hours
2024-08,MI,Michigan,COM,commercial,565143,13.97,494.60215,3541.26723,number of customers,cents per kilowatt-hour,million dollars,million kilowatt hours
2024-08,MI,Michigan,IND,industrial,5853,8.18,209.28803,2557.63863,number of customers,cents per kilowatt-hour,million dollars,million kilowatt hours
2024-08,MI,Michigan,OTH,other,,,,,number of customers,cents per kilowatt-hour,million dollars,million kilowatt hours
2024-08,MI,Michigan,RES,residential,4517513,19.77,679.40975,3437.33246,number of customers,cents per kilowatt-hour,million dollars,million kilowatt hours
2024-08,MI,Michigan,TRA,transportation,2,13.83,.07048,.50979,number of customers,cents per kilowatt-hour,million dollars,million kilowatt hours
2024-08,MN,Minnesota,ALL,all sectors,2904405,13.15,766.74935,5832.78594,number of customers,cents per kilowatt-hour,million dollars,million kilowatt hours
2024-08,MN,Minnesota,COM,commercial,308862,12.98,268.6686,2069.64628,number of customers,cents per kilowatt-hour,million dollars,million kilowatt hours
2024-08,MN,Minnesota,IND,industrial,9712,9.48,164.40302,1734.84417,number of customers,cents per kilowatt-hour,million dollars,million kilowatt hours
2024-08,MN,Minnesota,OTH,other,,,,,number of customers,cents per kilowatt-hour,million dollars,million kilowatt hours
2024-08,MN,Minnesota,RES,residential,2585830,16.45,333.50646,2027.12812,number of customers,cents per kilowatt-hour,million dollars,million kilowatt hours
2024-08,MN,Minnesota,TRA,transportation,1,14.67,.17127,1.16738,number of customers,cents per kilowatt-hour,million dollars,million kilowatt hours
2024-08,MO,Missouri,ALL,all sectors,3342436,12.84,992.29466,7729.32614,number of customers,cents per kilowatt-hour,million dollars,million kilowatt hours
2024-08,MO,Missouri,COM,commercial,404084,11.97,342.7782,2864.44747,number of customers,cents per kilowatt-hour,million dollars,million kilowatt hours
2024-08,MO,Missouri,IND,industrial,9296,8.97,103.75899,1156.72863,number of customers,cents per kilowatt-hour,million dollars,million kilowatt hours
2024-08,MO,Missouri,OTH,other,,,,,number of customers,cents per kilowatt-hour,million dollars,million kilowatt hours
2024-08,MO,Missouri,RES,residential,2929054,14.72,545.51012,3706.32913,number of customers,cents per kilowatt-hour,million dollars,million kilowatt hours
2024-08,MO,Missouri,TRA,transportation,2,13.58,.24735,1.82091,number of customers,cents per kilowatt-hour,million dollars,million kilowatt hours
2024-08,MS,Mississippi,ALL,all sectors,1605733,10.93,540.34931,4945.88629,number of customers,cents per kilowatt-hour,million dollars,million kilowatt hours
2024-08,MS,Mississippi,COM,commercial,247625,11.94,173.79717,1455.0551,number of customers,cents per kilowatt-hour,million dollars,million kilowatt hours
2024-08,MS,Mississippi,IND,industrial,12897,6.95,98.004,1410.0037,number of customers,cents per kilowatt-hour,million dollars,million kilowatt hours
2024-08,MS,Mississippi,OTH,other,,,,,number of customers,cents per kilowatt-hour,million dollars,million kilowatt hours
2024-08,MS,Mississippi,RES,residential,1345211,12.91,268.54814,2080.8275,number of customers,cents per kilowatt-hour,million dollars,million kilowatt hours
2024-08,MS,Mississippi,TRA,transportation,0,0,0,0,number of customers,cents per kilowatt-hour,million dollars,million kilowatt hours
2024-08,MT,Montana,ALL,all sectors,690222,10.96,146.81045,1339.62144,number of customers,cents per kilowatt-hour,million dollars,million kilowatt hours
2024-08,MT,Montana,COM,commercial,118047,12.07,51.62877,427.5741,number of customers,cents per kilowatt-hour,million dollars,million kilowatt hours
2024-08,MT,Montana,IND,industrial,13795,7.28,31.44998,432.04695,number of customers,cents per kilowatt-hour,million dollars,million kilowatt hours
2024-08,MT,Montana,OTH,other,,,,,number of customers,cents per kilowatt-hour,million dollars,million kilowatt hours
2024-08,MT,Montana,RES,residential,558380,13.28,63.73171,480.00039,number of customers,cents per kilowatt-hour,million dollars,million kilowatt hours
2024-08,MT,Montana,TRA,transportation,0,0,0,0,number of customers,cents per kilowatt-hour,million dollars,million kilowatt hours
2024-08,MTN,Mountain,ALL,all sectors,12586832,11.89,3878.81338,32614.89219,number of customers,cents per kilowatt-hour,million dollars,million kilowatt hours
2024-08,MTN,Mountain,COM,commercial,1532288,11.48,1305.62392,11372.69568,number of customers,cents per kilowatt-hour,million dollars,million kilowatt hours
2024-08,MTN,Mountain,IND,industrial,103402,8.41,667.77437,7940.95689,number of customers,cents per kilowatt-hour,million dollars,million kilowatt hours
2024-08,MTN,Mountain,OTH,other,,,,,number of customers,cents per kilowatt-hour,million dollars,million kilowatt hours
2024-08,MTN,Mountain,RES,residential,10951137,14.33,1904.04808,13288.48832,number of customers,cents per kilowatt-hour,million dollars,million kilowatt hours
2024-08,MTN,Mountain,TRA,transportation,5,10.72,1.36701,12.7513,number of customers,cents per kilowatt-hour,million dollars,million kilowatt hours
2024-08,NC,North Carolina,ALL,all sectors,5848055,11.5,1563.20795,13591.21764,number of customers,cents per kilowatt-hour,million dollars,million kilowatt hours
2024-08,NC,North Carolina,COM,commercial,752825,10.25,506.73756,4942.04017,number of customers,cents per kilowatt-hour,million dollars,million kilowatt hours
2024-08,NC,North Carolina,IND,industrial,8969,7.77,185.59831,2388.32284,number of customers,cents per kilowatt-hour,million dollars,million kilowatt hours
2024-08,NC,North Carolina,OTH,other,,,,,number of customers,cents per kilowatt-hour,million dollars,million kilowatt hours
2024-08,NC,North Carolina,RES,residential,5086260,13.91,870.75497,6259.68243,number of customers,cents per kilowatt-hour,million dollars,million kilowatt hours
2024-08,NC,North Carolina,TRA,transportation,1,9.99,.11711,1.17221,number of customers,cents per kilowatt-hour,million dollars,million kilowatt hours
2024-08,ND,North Dakota,ALL,all sectors,486512,8.02,198.39693,2473.25525,number of customers,cents per kilowatt-hour,million dollars,million kilowatt hours
2024-08,ND,North Dakota,COM,commercial,77009,7.15,67.55506,945.14183,number of customers,cents per kilowatt-hour,million dollars,million kilowatt hours
2024-08,ND,North Dakota,IND,industrial,10967,7.24,84.06095,1160.52417,number of customers,cents per kilowatt-hour,million dollars,million kilowatt hours
2024-08,ND,North Dakota,OTH,other,,,,,number of customers,cents per kilowatt-hour,million dollars,million kilowatt hours
2024-08,ND,North Dakota,RES,residential,398536,12.73,46.78092,367.58925,number of customers,cents per kilowatt-hour,million dollars,million kilowatt hours
2024-08,ND,North Dakota,TRA,transportation,0,0,0,0,number of customers,cents per kilowatt-hour,million dollars,million kilowatt hours
2024-08,NE,Nebraska,ALL,all sectors,1135790,9.71,334.31632,3444.03298,number of customers,cents per kilowatt-hour,million dollars,million kilowatt hours
2024-08,NE,Nebraska,COM,commercial,162081,8.87,106.40315,1199.48703,number of customers,cents per kilowatt-hour,million dollars,million kilowatt hours
2024-08,NE,Nebraska,IND,industrial,67953,8.37,102.40006,1223.63143,number of customers,cents per kilowatt-hour,million dollars,million kilowatt hours
2024-08,NE,Nebraska,OTH,other,,,,,number of customers,cents per kilowatt-hour,million dollars,million kilowatt hours
2024-08,NE,Nebraska,RES,residential,905756,12.29,125.51311,1020.91453,number of customers,cents per kilowatt-hour,million dollars,million kilowatt hours
2024-08,NE,Nebraska,TRA,transportation,0,0,0,0,number of customers,cents per kilowatt-hour,million dollars,million kilowatt hours
2024-08,NEW,New England,ALL,all sectors,7648620,23.33,2422.58625,10383.05605,number of customers,cents per kilowatt-hour,million dollars,million kilowatt hours
2024-08,NEW,New England,COM,commercial,935762,20.64,900.2278,4362.54625,number of customers,cents per kilowatt-hour,million dollars,million kilowatt hours
2024-08,NEW,New England,IND,industrial,21173,16.26,211.53311,1301.22562,number of customers,cents per kilowatt-hour,million dollars,million kilowatt hours
2024-08,NEW,New England,OTH,other,,,,,number of customers,cents per kilowatt-hour,million dollars,million kilowatt hours
2024-08,NEW,New England,RES,residential,6691679,27.9,1304.56537,4676.54417,number of customers,cents per kilowatt-hour,million dollars,million kilowatt hours
2024-08,NEW,New England,TRA,transportation,6,14.65,6.25997,42.74001,number of customers,cents per kilowatt-hour,million dollars,million kilowatt hours
2024-08,NH,New Hampshire,ALL,all sectors,771885,20.19,205.21586,1016.49273,number of customers,cents per kilowatt-hour,million dollars,million kilowatt hours
2024-08,NH,New Hampshire,COM,commercial,112439,18.6,68.94368,370.66154,number of customers,cents per kilowatt-hour,million dollars,million kilowatt hours
2024-08,NH,New Hampshire,IND,industrial,3106,15.99,27.23641,170.35266,number of customers,cents per kilowatt-hour,million dollars,million kilowatt hours
2024-08,NH,New Hampshire,OTH,other,,,,,number of customers,cents per kilowatt-hour,million dollars,million kilowatt hours
2024-08,NH,New Hampshire,RES,residential,656340,22.93,109.03578,475.47853,number of customers,cents per kilowatt-hour,million dollars,million kilowatt hours
2024-08,NH,New Hampshire,TRA,transportation,0,0,0,0,number of customers,cents per kilowatt-hour,million dollars,million kilowatt hours
2024-08,NJ,New Jersey,ALL,all sectors,4302016,17.82,1362.90909,7648.74873,number of customers,cents per kilowatt-hour,million dollars,million kilowatt hours
2024-08,NJ,New Jersey,COM,commercial,540174,15.77,549.96285,3487.71706,number of customers,cents per kilowatt-hour,million dollars,million kilowatt hours
2024-08,NJ,New Jersey,IND,industrial,11214,12.91,71.47575,553.50312,number of customers,cents per kilowatt-hour,million dollars,million kilowatt hours
2024-08,NJ,New Jersey,OTH,other,,,,,number of customers,cents per kilowatt-hour,million dollars,million kilowatt hours
2024-08,NJ,New Jersey,RES,residential,3750621,20.63,737.68925,3575.34482,number of customers,cents per kilowatt-hour,million dollars,million kilowatt hours
2024-08,NJ,New Jersey,TRA,transportation,7,11.75,3.78124,32.18374,number of customers,cents per kilowatt-hour,million dollars,million kilowatt hours
2024-08,NM,New Mexico,ALL,all sectors,1096017,9.75,291.45066,2988.99662,number of customers,cents per kilowatt-hour,million dollars,million kilowatt hours
2024-08,NM,New Mexico,COM,commercial,148465,10.95,113.13142,1033.51834,number of customers,cents per kilowatt-hour,million dollars,million kilowatt hours
2024-08,NM,New Mexico,IND,industrial,9329,4.74,52.86412,1114.26891,number of customers,cents per kilowatt-hour,million dollars,million kilowatt hours
2024-08,NM,New Mexico,OTH,other,,,,,number of customers,cents per kilowatt-hour,million dollars,million kilowatt hours
2024-08,NM,New Mexico,RES,residential,938223,14.91,125.45512,841.20937,number of customers,cents per kilowatt-hour,million dollars,million kilowatt hours
2024-08,NM,New Mexico,TRA,transportation,0,0,0,0,number of customers,cents per kilowatt-hour,million dollars,million kilowatt hours
2024-08,NV,Nevada,ALL,all sectors,1501306,11.49,519.02128,4517.29611,number of customers,cents per kilowatt-hour,million dollars,million kilowatt hours
2024-08,NV,Nevada,COM,commercial,179547,9.76,142.0855,1456.26314,number of customers,cents per kilowatt-hour,million dollars,million kilowatt hours
2024-08,NV,Nevada,IND,industrial,4899,9.85,109.86057,1114.79618,number of customers,cents per kilowatt-hour,million dollars,million kilowatt hours
2024-08,NV,Nevada,OTH,other,,,,,number of customers,cents per kilowatt-hour,million dollars,million kilowatt hours
2024-08,NV,Nevada,RES,residential,1316859,13.72,267.0019,1945.47344,number of customers,cents per kilowatt-hour,million dollars,million kilowatt hours
2024-08,NV,Nevada,TRA,transportation,1,9.6,.07331,.76334,number of customers,cents per kilowatt-hour,million dollars,million kilowatt hours
2024-08,NY,New York,ALL,all sectors,8584468,21.02,2969.60611,14125.91057,number of customers,cents per kilowatt-hour,million dollars,million kilowatt hours
2024-08,NY,New York,COM,commercial,1155824,20.01,1371.39172,6852.86555,number of customers,cents per kilowatt-hour,million dollars,million kilowatt hours
2024-08,NY,New York,IND,industrial,16416,9.9,137.25937,1386.31519,number of customers,cents per kilowatt-hour,million dollars,million kilowatt hours
2024-08,NY,New York,OTH,other,,,,,number of customers,cents per kilowatt-hour,million dollars,million kilowatt hours
2024-08,NY,New York,RES,residential,7412222,25.2,1425.38276,5656.93149,number of customers,cents per kilowatt-hour,million dollars,million kilowatt hours
2024-08,NY,New York,TRA,transportation,6,15.48,35.57228,229.79834,number of customers,cents per kilowatt-hour,million dollars,million kilowatt hours
2024-08,OH,Ohio,ALL,all sectors,5789595,11.42,1699.55964,14887.03787,number of customers,cents per kilowatt-hour,million dollars,million kilowatt hours
2024-08,OH,Ohio,COM,commercial,627978,10.54,509.89479,4837.71212,number of customers,cents per kilowatt-hour,million dollars,million kilowatt hours
2024-08,OH,Ohio,IND,industrial,18175,7.21,331.03771,4589.64928,number of customers,cents per kilowatt-hour,million dollars,million kilowatt hours
2024-08,OH,Ohio,OTH,other,,,,,number of customers,cents per kilowatt-hour,million dollars,million kilowatt hours
2024-08,OH,Ohio,RES,residential,5143440,15.73,858.44534,5457.34991,number of customers,cents per kilowatt-hour,million dollars,million kilowatt hours
2024-08,OH,Ohio,TRA,transportation,2,7.81,.1818,2.32656,number of customers,cents per kilowatt-hour,million dollars,million kilowatt hours
2024-08,OK,Oklahoma,ALL,all sectors,2202848,9.9,756.62714,7641.15164,number of customers,cents per kilowatt-hour,million dollars,million kilowatt hours
2024-08,OK,Oklahoma,COM,commercial,299281,9.51,258.0641,2713.14926,number of customers,cents per kilowatt-hour,million dollars,million kilowatt hours
2024-08,OK,Oklahoma,IND,industrial,20142,6.25,124.53726,1991.10286,number of customers,cents per kilowatt-hour,million dollars,million kilowatt hours
2024-08,OK,Oklahoma,OTH,other,,,,,number of customers,cents per kilowatt-hour,million dollars,million kilowatt hours
2024-08,OK,Oklahoma,RES,residential,1883425,12.74,374.02578,2936.89952,number of customers,cents per kilowatt-hour,million dollars,million kilowatt hours
2024-08,OK,Oklahoma,TRA,transportation,0,0,0,0,number of customers,cents per kilowatt-hour,million dollars,million kilowatt hours
2024-08,OR,Oregon,ALL,all sectors,2147498,11.06,577.7034,5221.50729,number of customers,cents per kilowatt-hour,million dollars,million kilowatt hours
2024-08,OR,Oregon,COM,commercial,247846,10.1,222.85406,2207.28304,number of customers,cents per kilowatt-hour,million dollars,million kilowatt hours
2024-08,OR,Oregon,IND,industrial,27051,8.27,118.52414,1433.52099,number of customers,cents per kilowatt-hour,million dollars,million kilowatt hours
2024-08,OR,Oregon,OTH,other,,,,,number of customers,cents per kilowatt-hour,million dollars,million kilowatt hours
2024-08,OR,Oregon,RES,residential,1872599,14.95,236.0718,1578.68515,number of customers,cents per kilowatt-hour,million dollars,million kilowatt hours
2024-08,OR,Oregon,TRA,transportation,2,12.56,.25341,2.01811,number of customers,cents per kilowatt-hour,million dollars,million kilowatt hours
2024-08,PA,Pennsylvania,ALL,all sectors,6281921,12.66,1686.90483,13328.84015,number of customers,cents per kilowatt-hour,million dollars,million kilowatt hours
2024-08,PA,Pennsylvania,COM,commercial,742100,10.9,405.1864,3715.75805,number of customers,cents per kilowatt-hour,million dollars,million kilowatt hours
2024-08,PA,Pennsylvania,IND,industrial,11644,8.1,344.33447,4248.82119,number of customers,cents per kilowatt-hour,million dollars,million kilowatt hours
2024-08,PA,Pennsylvania,OTH,other,,,,,number of customers,cents per kilowatt-hour,million dollars,million kilowatt hours
2024-08,PA,Pennsylvania,RES,residential,5528172,17.57,928.73924,5287.20407,number of customers,cents per kilowatt-hour,million dollars,million kilowatt hours
2024-08,PA,Pennsylvania,TRA,transportation,5,11.22,8.64471,77.05684,number of customers,cents per kilowatt-hour,million dollars,million kilowatt hours
2024-08,PACC,Pacific Contiguous,ALL,all sectors,22291235,22.93,8741.75597,38131.43438,number of customers,cents per kilowatt-hour,million dollars,million kilowatt hours
2024-08,PACC,Pacific Contiguous,COM,commercial,2450941,22.96,3711.15393,16162.94799,number of customers,cents per kilowatt-hour,million dollars,million kilowatt hours
2024-08,PACC,Pacific Contiguous,IND,industrial,204509,17.51,1317.61612,7523.34124,number of customers,cents per kilowatt-hour,million dollars,million kilowatt hours
2024-08,PACC,Pacific Contiguous,OTH,other,,,,,number of customers,cents per kilowatt-hour,million dollars,million kilowatt hours
2024-08,PACC,Pacific Contiguous,RES,residential,19635765,25.75,3701.01458,14373.71126,number of customers,cents per kilowatt-hour,million dollars,million kilowatt hours
2024-08,PACC,Pacific Contiguous,TRA,transportation,20,16.76,11.97135,71.43389,number of customers,cents per kilowatt-hour,million dollars,million kilowatt hours
2024-08,PACN,Pacific Noncontiguous,ALL,all sectors,864095,32.08,411.15315,1281.76534,number of customers,cents per kilowatt-hour,million dollars,million kilowatt hours
2024-08,PACN,Pacific Noncontiguous,COM,commercial,116534,30.51,143.12466,469.06355,number of customers,cents per kilowatt-hour,million dollars,million kilowatt hours
2024-08,PACN,Pacific Noncontiguous,IND,industrial,2038,29.94,126.94501,424.02459,number of customers,cents per kilowatt-hour,million dollars,million kilowatt hours
2024-08,PACN,Pacific Noncontiguous,OTH,other,,,,,number of customers,cents per kilowatt-hour,million dollars,million kilowatt hours
2024-08,PACN,Pacific Noncontiguous,RES,residential,745523,36.3,141.08349,388.67721,number of customers,cents per kilowatt-hour,million dollars,million kilowatt hours
2024-08,PACN,Pacific Noncontiguous,TRA,transportation,0,0,0,0,number of customers,cents per kilowatt-hour,million dollars,million kilowatt hours
2024-08,RI,Rhode Island,ALL,all sectors,533823,23.8,188.95698,794.06411,number of customers,cents per kilowatt-hour,million dollars,million kilowatt hours
2024-08,RI,Rhode Island,COM,commercial,67454,21.19,77.41292,365.26655,number of customers,cents per kilowatt-hour,million dollars,million kilowatt hours
2024-08,RI,Rhode Island,IND,industrial,1735,20.37,10.8259,53.13978,number of customers,cents per kilowatt-hour,million dollars,million kilowatt hours
2024-08,RI,Rhode Island,OTH,other,,,,,number of customers,cents per kilowatt-hour,million dollars,million kilowatt hours
2024-08,RI,Rhode Island,RES,residential,464633,26.83,100.27828,373.71154,number of customers,cents per kilowatt-hour,million dollars,million kilowatt hours
2024-08,RI,Rhode Island,TRA,transportation,1,22.6,.43987,1.94623,number of customers,cents per kilowatt-hour,million dollars,million kilowatt hours
2024-08,SAT,South Atlantic,ALL,all sectors,34902839,11.98,10506.91388,87670.4053,number of customers,cents per kilowatt-hour,million dollars,million kilowatt hours
2024-08,SAT,South Atlantic,COM,commercial,4049236,10.49,3656.78889,34863.17658,number of customers,cents per kilowatt-hour,million dollars,million kilowatt hours
2024-08,SAT,South Atlantic,IND,industrial,89784,8.39,1023.45504,12194.58943,number of customers,cents per kilowatt-hour,million dollars,million kilowatt hours
2024-08,SAT,South Atlantic,OTH,other,,,,,number of customers,cents per kilowatt-hour,million dollars,million kilowatt hours
2024-08,SAT,South Atlantic,RES,residential,30763806,14.36,5815.43508,40502.55172,number of customers,cents per kilowatt-hour,million dollars,million kilowatt hours
2024-08,SAT,South Atlantic,TRA,transportation,13,10.21,11.23488,110.08758,number of customers,cents per kilowatt-hour,million dollars,million kilowatt hours
2024-08,SC,South Carolina,ALL,all sectors,3014914,11.25,928.50279,8252.94491,number of customers,cents per kilowatt-hour,million dollars,million kilowatt hours
2024-08,SC,South Carolina,COM,commercial,415472,10.71,276.66666,2584.34244,number of customers,cents per kilowatt-hour,million dollars,million kilowatt hours
2024-08,SC,South Carolina,IND,industrial,3637,7.14,158.40964,2219.99862,number of customers,cents per kilowatt-hour,million dollars,million kilowatt hours
2024-08,SC,South Carolina,OTH,other,,,,,number of customers,cents per kilowatt-hour,million dollars,million kilowatt hours
2024-08,SC,South Carolina,RES,residential,2595805,14.31,493.4265,3448.60385,number of customers,cents per kilowatt-hour,million dollars,million kilowatt hours
2024-08,SC,South Carolina,TRA,transportation,0,0,0,0,number of customers,cents per kilowatt-hour,million dollars,million kilowatt hours
2024-08,SD,South Dakota,ALL,all sectors,517515,11.28,139.58148,1236.96173,number of customers,cents per kilowatt-hour,million dollars,million kilowatt hours
2024-08,SD,South Dakota,COM,commercial,78473,10.88,51.93793,477.28598,number of customers,cents per kilowatt-hour,million dollars,million kilowatt hours
2024-08,SD,South Dakota,IND,industrial,4434,8.51,26.48648,311.34147,number of customers,cents per kilowatt-hour,million dollars,million kilowatt hours
2024-08,SD,South Dakota,OTH,other,,,,,number of customers,cents per kilowatt-hour,million dollars,million kilowatt hours
2024-08,SD,South Dakota,RES,residential,434608,13.64,61.15707,448.33427,number of customers,cents per kilowatt-hour,million dollars,million kilowatt hours
2024-08,SD,South Dakota,TRA,transportation,0,0,0,0,number of customers,cents per kilowatt-hour,million dollars,million kilowatt hours
2024-08,TN,Tennessee,ALL,all sectors,3727220,10.95,1138.65969,10395.65036,number of customers,cents per kilowatt-hour,million dollars,million kilowatt hours
2024-08,TN,Tennessee,COM,commercial,545086,12.01,447.63961,3725.75544,number of customers,cents per kilowatt-hour,million dollars,million kilowatt hours
2024-08,TN,Tennessee,IND,industrial,1004,6.26,131.80266,2106.43911,number of customers,cents per kilowatt-hour,million dollars,million kilowatt hours
2024-08,TN,Tennessee,OTH,other,,,,,number of customers,cents per kilowatt-hour,million dollars,million kilowatt hours
2024-08,TN,Tennessee,RES,residential,3181130,12.25,559.21742,4563.45582,number of customers,cents per kilowatt-hour,million dollars,million kilowatt hours
2024-08,TN,Tennessee,TRA,transportation,0,0,0,0,number of customers,cents per kilowatt-hour,million dollars,million kilowatt hours
2024-08,TX,Texas,ALL,all sectors,14607306,10.41,5404.81097,51895.28229,number of customers,cents per kilowatt-hour,million dollars,million kilowatt hours
2024-08,TX,Texas,COM,commercial,1564540,8.87,1408.15241,15880.23775,number of customers,cents per kilowatt-hour,million dollars,million kilowatt hours
2024-08,TX,Texas,IND,industrial,384294,6.43,1038.01916,16136.37825,number of customers,cents per kilowatt-hour,million dollars,million kilowatt hours
2024-08,TX,Texas,OTH,other,,,,,number of customers,cents per kilowatt-hour,million dollars,million kilowatt hours
2024-08,TX,Texas,RES,residential,12658469,14.88,2958.62278,19878.28376,number of customers,cents per kilowatt-hour,million dollars,million kilowatt hours
2024-08,TX,Texas,TRA,transportation,3,4.35,.01662,.38253,number of customers,cents per kilowatt-hour,million dollars,million kilowatt hours
2024-08,US,U.S. Total,ALL,all sectors,164272277,13.48,53142.74129,394199.46181,number of customers,cents per kilowatt-hour,million dollars,million kilowatt hours
2024-08,US,U.S. Total,COM,commercial,19510969,13.16,18508.26297,140632.26455,number of customers,cents per kilowatt-hour,million dollars,million kilowatt hours
2024-08,US,U.S. Total,IND,industrial,1142880,8.67,8134.80437,93847.51156,number of customers,cents per kilowatt-hour,million dollars,million kilowatt hours
2024-08,US,U.S. Total,OTH,other,,,,,number of customers,cents per kilowatt-hour,million dollars,million kilowatt hours
2024-08,US,U.S. Total,RES,residential,143618347,16.6,26417.04406,159098.42282,number of customers,cents per kilowatt-hour,million dollars,million kilowatt hours
2024-08,US,U.S. Total,TRA,transportation,81,13.3,82.62989,621.26288,number of customers,cents per kilowatt-hour,million dollars,million kilowatt hours
2024-08,UT,Utah,ALL,all sectors,1433689,11.11,394.64061,3552.27273,number of customers,cents per kilowatt-hour,million dollars,million kilowatt hours
2024-08,UT,Utah,COM,commercial,146380,10.37,142.77675,1376.77054,number of customers,cents per kilowatt-hour,million dollars,million kilowatt hours
2024-08,UT,Utah,IND,industrial,10859,9.07,72.12475,794.77115,number of customers,cents per kilowatt-hour,million dollars,million kilowatt hours
2024-08,UT,Utah,OTH,other,,,,,number of customers,cents per kilowatt-hour,million dollars,million kilowatt hours
2024-08,UT,Utah,RES,residential,1276449,13.02,179.20136,1376.26246,number of customers,cents per kilowatt-hour,million dollars,million kilowatt hours
2024-08,UT,Utah,TRA,transportation,1,12.03,.53774,4.46859,number of customers,cents per kilowatt-hour,million dollars,million kilowatt hours
2024-08,VA,Virginia,ALL,all sectors,4112069,10.13,1349.82122,13319.67701,number of customers,cents per kilowatt-hour,million dollars,million kilowatt hours
2024-08,VA,Virginia,COM,commercial,446459,8.07,614.58254,7617.18438,number of customers,cents per kilowatt-hour,million dollars,million kilowatt hours
2024-08,VA,Virginia,IND,industrial,3833,8.58,108.71922,1267.61737,number of customers,cents per kilowatt-hour,million dollars,million kilowatt hours
2024-08,VA,Virginia,OTH,other,,,,,number of customers,cents per kilowatt-hour,million dollars,million kilowatt hours
2024-08,VA,Virginia,RES,residential,3661776,14.17,624.21729,4406.3314,number of customers,cents per kilowatt-hour,million dollars,million kilowatt hours
2024-08,VA,Virginia,TRA,transportation,1,8.07,2.30218,28.54386,number of customers,cents per kilowatt-hour,million dollars,million kilowatt hours
2024-08,VT,Vermont,ALL,all sectors,389747,17.92,86.71025,483.83054,number of customers,cents per kilowatt-hour,million dollars,million kilowatt hours
2024-08,VT,Vermont,COM,commercial,64764,18.23,32.76262,179.7416,number of customers,cents per kilowatt-hour,million dollars,million kilowatt hours
2024-08,VT,Vermont,IND,industrial,239,11.48,12.55781,109.3606,number of customers,cents per kilowatt-hour,million dollars,million kilowatt hours
2024-08,VT,Vermont,OTH,other,,,,,number of customers,cents per kilowatt-hour,million dollars,million kilowatt hours
2024-08,VT,Vermont,RES,residential,324744,21.26,41.38983,194.72834,number of customers,cents per kilowatt-hour,million dollars,million kilowatt hours
2024-08,VT,Vermont,TRA,transportation,0,0,0,0,number of customers,cents per kilowatt-hour,million dollars,million kilowatt hours
2024-08,WA,Washington,ALL,all sectors,3804821,10.02,737.39684,7362.68373,number of customers,cents per kilowatt-hour,million dollars,million kilowatt hours
2024-08,WA,Washington,COM,commercial,405148,9.81,285.41874,2910.03828,number of customers,cents per kilowatt-hour,million dollars,million kilowatt hours
2024-08,WA,Washington,IND,industrial,27204,6.79,113.08358,1666.15127,number of customers,cents per kilowatt-hour,million dollars,million kilowatt hours
2024-08,WA,Washington,OTH,other,,,,,number of customers,cents per kilowatt-hour,million dollars,million kilowatt hours
2024-08,WA,Washington,RES,residential,3372464,12.16,338.01867,2779.05798,number of customers,cents per kilowatt-hour,million dollars,million kilowatt hours
2024-08,WA,Washington,TRA,transportation,5,11.78,.87585,7.4362,number of customers,cents per kilowatt-hour,million dollars,million kilowatt hours
2024-08,WI,Wisconsin,ALL,all sectors,3220397,13.38,866.03655,6471.66194,number of customers,cents per kilowatt-hour,million dollars,million kilowatt hours
2024-08,WI,Wisconsin,COM,commercial,369393,13.1,287.26722,2193.57873,number of customers,cents per kilowatt-hour,million dollars,million kilowatt hours
2024-08,WI,Wisconsin,IND,industrial,5859,9.38,198.24823,2112.85993,number of customers,cents per kilowatt-hour,million dollars,million kilowatt hours
2024-08,WI,Wisconsin,OTH,other,,,,,number of customers,cents per kilowatt-hour,million dollars,million kilowatt hours
2024-08,WI,Wisconsin,RES,residential,2845143,17.57,380.50201,2165.12424,number of customers,cents per kilowatt-hour,million dollars,million kilowatt hours
2024-08,WI,Wisconsin,TRA,transportation,2,19.28,.01909,.09904,number of customers,cents per kilowatt-hour,million dollars,million kilowatt hours
2024-08,WNC,West North Central,ALL,all sectors,11689960,11.57,3475.13761,30033.77442,number of customers,cents per kilowatt-hour,million dollars,million kilowatt hours
2024-08,WNC,West North Central,COM,commercial,1528006,11.25,1160.94012,10318.63516,number of customers,cents per kilowatt-hour,million dollars,million kilowatt hours
2024-08,WNC,West North Central,IND,industrial,136548,8.33,758.77378,9109.23394,number of customers,cents per kilowatt-hour,million dollars,million kilowatt hours
2024-08,WNC,West North Central,OTH,other,,,,,number of customers,cents per kilowatt-hour,million dollars,million kilowatt hours
2024-08,WNC,West North Central,RES,residential,10025403,14.67,1555.00509,10602.91703,number of customers,cents per kilowatt-hour,million dollars,million kilowatt hours
2024-08,WNC,West North Central,TRA,transportation,3,14.01,.41862,2.98829,number of customers,cents per kilowatt-hour,million dollars,million kilowatt hours
2024-08,WSC,West South Central,ALL,all sectors,21015640,10.14,7520.35791,74143.10651,number of customers,cents per kilowatt-hour,million dollars,million kilowatt hours
2024-08,WSC,West South Central,COM,commercial,2373694,9.13,2025.91457,22178.36853,number of customers,cents per kilowatt-hour,million dollars,million kilowatt hours
2024-08,WSC,West South Central,IND,industrial,465424,6.34,1495.60859,23589.62177,number of customers,cents per kilowatt-hour,million dollars,million kilowatt hours
2024-08,WSC,West South Central,OTH,other,,,,,number of customers,cents per kilowatt-hour,million dollars,million kilowatt hours
2024-08,WSC,West South Central,RES,residential,18176516,14.09,3998.70892,28373.75817,number of customers,cents per kilowatt-hour,million dollars,million kilowatt hours
2024-08,WSC,West South Central,TRA,transportation,6,9.27,.12583,1.35803,number of customers,cents per kilowatt-hour,million dollars,million kilowatt hours
2024-08,WV,West Virginia,ALL,all sectors,1028580,11.16,328.08168,2940.10501,number of customers,cents per kilowatt-hour,million dollars,million kilowatt hours
2024-08,WV,West Virginia,COM,commercial,152033,11.39,82.45597,724.00715,number of customers,cents per kilowatt-hour,million dollars,million kilowatt hours
2024-08,WV,West Virginia,IND,industrial,10988,7.8,98.25444,1259.91426,number of customers,cents per kilowatt-hour,million dollars,million kilowatt hours
2024-08,WV,West Virginia,OTH,other,,,,,number of customers,cents per kilowatt-hour,million dollars,million kilowatt hours
2024-08,WV,West Virginia,RES,residential,865559,15.41,147.37127,956.1836,number of customers,cents per kilowatt-hour,million dollars,million kilowatt hours
2024-08,WV,West Virginia,TRA,transportation,0,0,0,0,number of customers,cents per kilowatt-hour,million dollars,million kilowatt hours
2024-08,WY,Wyoming,ALL,all sectors,357847,9.88,143.34976,1450.50737,number of customers,cents per kilowatt-hour,million dollars,million kilowatt hours
2024-08,WY,Wyoming,COM,commercial,58950,9.5,42.02779,442.31633,number of customers,cents per kilowatt-hour,million dollars,million kilowatt hours
2024-08,WY,Wyoming,IND,industrial,12110,8.92,68.95155,773.15513,number of customers,cents per kilowatt-hour,million dollars,million kilowatt hours
2024-08,WY,Wyoming,OTH,other,,,,,number of customers,cents per kilowatt-hour,million dollars,million kilowatt hours
2024-08,WY,Wyoming,RES,residential,286787,13.77,32.37043,235.03592,number of customers,cents per kilowatt-hour,million dollars,million kilowatt hours
2024-08,WY,Wyoming,TRA,transportation,0,0,0,0,number of customers,cents per kilowatt-hour,million dollars,million kilowatt hours
2024-07,AK,Alaska,ALL,all sectors,357152,22.18,103.40272,466.30271,number of customers,cents per kilowatt-hour,million dollars,million kilowatt hours
2024-07,AK,Alaska,COM,commercial,57127,21.26,44.43187,208.97216,number of customers,cents per kilowatt-hour,million dollars,million kilowatt hours
2024-07,AK,Alaska,IND,industrial,1207,19.19,21.60629,112.56698,number of customers,cents per kilowatt-hour,million dollars,million kilowatt hours
2024-07,AK,Alaska,OTH,other,,,,,number of customers,cents per kilowatt-hour,million dollars,million kilowatt hours
2024-07,AK,Alaska,RES,residential,298818,25.81,37.36457,144.76356,number of customers,cents per kilowatt-hour,million dollars,million kilowatt hours
2024-07,AK,Alaska,TRA,transportation,0,0,0,0,number of customers,cents per kilowatt-hour,million dollars,million kilowatt hours
2024-07,AL,Alabama,ALL,all sectors,2800836,12.16,1052.99776,8656.89537,number of customers,cents per kilowatt-hour,million dollars,million kilowatt hours
2024-07,AL,Alabama,COM,commercial,391207,13.51,307.17507,2273.7668,number of customers,cents per kilowatt-hour,million dollars,million kilowatt hours
2024-07,AL,Alabama,IND,industrial,7292,7.37,205.48694,2787.19552,number of customers,cents per kilowatt-hour,million dollars,million kilowatt hours
2024-07,AL,Alabama,OTH,other,,,,,number of customers,cents per kilowatt-hour,million dollars,million kilowatt hours
2024-07,AL,Alabama,RES,residential,2402337,15.03,540.33575,3595.93304,number of customers,cents per kilowatt-hour,million dollars,million kilowatt hours
2024-07,AL,Alabama,TRA,transportation,0,0,0,0,number of customers,cents per kilowatt-hour,million dollars,million kilowatt hours
2024-07,AR,Arkansas,ALL,all sectors,1728907,9.98,499.43308,5005.66222,number of customers,cents per kilowatt-hour,million dollars,million kilowatt hours
2024-07,AR,Arkansas,COM,commercial,207906,10.12,120.52641,1191.34111,number of customers,cents per kilowatt-hour,million dollars,million kilowatt hours
2024-07,AR,Arkansas,IND,industrial,42581,7,123.42101,1762.43877,number of customers,cents per kilowatt-hour,million dollars,million kilowatt hours
2024-07,AR,Arkansas,OTH,other,,,,,number of customers,cents per kilowatt-hour,million dollars,million kilowatt hours
2024-07,AR,Arkansas,RES,residential,1478418,12.45,255.48211,2051.85614,number of customers,cents per kilowatt-hour,million dollars,million kilowatt hours
2024-07,AR,Arkansas,TRA,transportation,2,13.56,.00355,.02619,number of customers,cents per kilowatt-hour,million dollars,million kilowatt hours
2024-07,AZ,Arizona,ALL,all sectors,3485921,13.48,1483.26249,11006.17979,number of customers,cents per kilowatt-hour,million dollars,million kilowatt hours
2024-07,AZ,Arizona,COM,commercial,347843,12.98,507.44627,3908.03219,number of customers,cents per kilowatt-hour,million dollars,million kilowatt hours
2024-07,AZ,Arizona,IND,industrial,7640,9.01,117.40481,1303.76691,number of customers,cents per kilowatt-hour,million dollars,million kilowatt hours
2024-07,AZ,Arizona,OTH,other,,,,,number of customers,cents per kilowatt-hour,million dollars,million kilowatt hours
2024-07,AZ,Arizona,RES,residential,3130436,14.82,858.28795,5793.38251,number of customers,cents per kilowatt-hour,million dollars,million kilowatt hours
2024-07,AZ,Arizona,TRA,transportation,2,12.37,.12346,.99818,number of customers,cents per kilowatt-hour,million dollars,million kilowatt hours
2024-07,CA,California,ALL,all sectors,16399316,30.36,7759.6171,25560.43547,number of customers,cents per kilowatt-hour,million dollars,million kilowatt hours
2024-07,CA,California,COM,commercial,1804875,30.26,3327.76639,10996.98098,number of customers,cents per kilowatt-hour,million dollars,million kilowatt hours
2024-07,CA,California,IND,industrial,151473,25.53,1154.89187,4522.82326,number of customers,cents per kilowatt-hour,million dollars,million kilowatt hours
2024-07,CA,California,OTH,other,,,,,number of customers,cents per kilowatt-hour,million dollars,million kilowatt hours
2024-07,CA,California,RES,residential,14442955,32.73,3266.30145,9978.61091,number of customers,cents per kilowatt-hour,million dollars,million kilowatt hours
2024-07,CA,California,TRA,transportation,13,17.18,10.65739,62.02033,number of customers,cents per kilowatt-hour,million dollars,million kilowatt hours
2024-07,CO,Colorado,ALL,all sectors,2980968,12.81,713.84024,5572.18581,number of customers,cents per kilowatt-hour,million dollars,million kilowatt hours
2024-07,CO,Colorado,COM,commercial,406505,12.69,246.25987,1940.1284,number of customers,cents per kilowatt-hour,million dollars,million kilowatt hours
2024-07,CO,Colorado,IND,industrial,14918,9,122.72727,1364.2482,number of customers,cents per kilowatt-hour,million dollars,million kilowatt hours
2024-07,CO,Colorado,OTH,other,,,,,number of customers,cents per kilowatt-hour,million dollars,million kilowatt hours
2024-07,CO,Colorado,RES,residential,2559544,15.22,344.16766,2260.91591,number of customers,cents per kilowatt-hour,million dollars,million kilowatt hours
2024-07,CO,Colorado,TRA,transportation,1,9.94,.68544,6.8933,number of customers,cents per kilowatt-hour,million dollars,million kilowatt hours
2024-07,CT,Connecticut,ALL,all sectors,1713030,23.82,700.74153,2941.43669,number of customers,cents per kilowatt-hour,million dollars,million kilowatt hours
2024-07,CT,Connecticut,COM,commercial,156844,19.97,237.45298,1189.00619,number of customers,cents per kilowatt-hour,million dollars,million kilowatt hours
2024-07,CT,Connecticut,IND,industrial,3848,17,39.23901,230.83428,number of customers,cents per kilowatt-hour,million dollars,million kilowatt hours
2024-07,CT,Connecticut,OTH,other,,,,,number of customers,cents per kilowatt-hour,million dollars,million kilowatt hours
2024-07,CT,Connecticut,RES,residential,1552335,28,421.19261,1504.28521,number of customers,cents per kilowatt-hour,million dollars,million kilowatt hours
2024-07,CT,Connecticut,TRA,transportation,3,16.5,2.85692,17.31101,number of customers,cents per kilowatt-hour,million dollars,million kilowatt hours
2024-07,DC,District of Columbia,ALL,all sectors,346421,16.86,176.85204,1049.1259,number of customers,cents per kilowatt-hour,million dollars,million kilowatt hours
2024-07,DC,District of Columbia,COM,commercial,27578,17.15,121.28746,707.41892,number of customers,cents per kilowatt-hour,million dollars,million kilowatt hours
2024-07,DC,District of Columbia,IND,industrial,1,14.31,2.23007,15.58416,number of customers,cents per kilowatt-hour,million dollars,million kilowatt hours
2024-07,DC,District of Columbia,OTH,other,,,,,number of customers,cents per kilowatt-hour,million dollars,million kilowatt hours
2024-07,DC,District of Columbia,RES,residential,318839,17.07,50.55134,296.22097,number of customers,cents per kilowatt-hour,million dollars,million kilowatt hours
2024-07,DC,District of Columbia,TRA,transportation,3,9.31,2.78317,29.90186,number of customers,cents per kilowatt-hour,million dollars,million kilowatt hours
2024-07,DE,Delaware,ALL,all sectors,535993,13.41,160.5187,1197.33148,number of customers,cents per kilowatt-hour,million dollars,million kilowatt hours
2024-07,DE,Delaware,COM,commercial,60806,12.18,51.30674,421.07064,number of customers,cents per kilowatt-hour,million dollars,million kilowatt hours
2024-07,DE,Delaware,IND,industrial,1152,8.95,16.07609,179.67941,number of customers,cents per kilowatt-hour,million dollars,million kilowatt hours
2024-07,DE,Delaware,OTH,other,,,,,number of customers,cents per kilowatt-hour,million dollars,million kilowatt hours
2024-07,DE,Delaware,RES,residential,474035,15.61,93.13587,596.58143,number of customers,cents per kilowatt-hour,million dollars,million kilowatt hours
2024-07,DE,Delaware,TRA,transportation,0,0,0,0,number of customers,cents per kilowatt-hour,million dollars,million kilowatt hours
2024-07,ENC,East North Central,ALL,all sectors,23568315,12.64,6722.54556,53199.36585,number of customers,cents per kilowatt-hour,million dollars,million kilowatt hours
2024-07,ENC,East North Central,COM,commercial,2574767,12.31,2092.52621,17001.27976,number of customers,cents per kilowatt-hour,million dollars,million kilowatt hours
2024-07,ENC,East North Central,IND,industrial,54622,8.41,1366.29566,16245.48683,number of customers,cents per kilowatt-hour,million dollars,million kilowatt hours
2024-07,ENC,East North Central,OTH,other,,,,,number of customers,cents per kilowatt-hour,million dollars,million kilowatt hours
2024-07,ENC,East North Central,RES,residential,20938916,16.37,3260.33882,19911.7335,number of customers,cents per kilowatt-hour,million dollars,million kilowatt hours
2024-07,ENC,East North Central,TRA,transportation,10,8.28,3.38487,40.86577,number of customers,cents per kilowatt-hour,million dollars,million kilowatt hours
2024-07,ESC,East South Central,ALL,all sectors,10537887,11.09,3439.30105,31021.73302,number of customers,cents per kilowatt-hour,million dollars,million kilowatt hours
2024-07,ESC,East South Central,COM,commercial,1508453,12.16,1111.46916,9140.06913,number of customers,cents per kilowatt-hour,million dollars,million kilowatt hours
2024-07,ESC,East South Central,IND,industrial,26132,6.82,588.81724,8629.10111,number of customers,cents per kilowatt-hour,million dollars,million kilowatt hours
2024-07,ESC,East South Central,OTH,other,,,,,number of customers,cents per kilowatt-hour,million dollars,million kilowatt hours
2024-07,ESC,East South Central,RES,residential,9003302,13.12,1739.01465,13252.56278,number of customers,cents per kilowatt-hour,million dollars,million kilowatt hours
2024-07,ESC,East South Central,TRA,transportation,0,0,0,0,number of customers,cents per kilowatt-hour,million dollars,million kilowatt hours
2024-07,FL,Florida,ALL,all sectors,11793061,12.22,3245.16674,26549.4924,number of customers,cents per kilowatt-hour,million dollars,million kilowatt hours
2024-07,FL,Florida,COM,commercial,1310601,10.49,1019.12751,9712.99468,number of customers,cents per kilowatt-hour,million dollars,million kilowatt hours
2024-07,FL,Florida,IND,industrial,27098,8.31,126.7946,1526.68681,number of customers,cents per kilowatt-hour,million dollars,million kilowatt hours
2024-07,FL,Florida,OTH,other,,,,,number of customers,cents per kilowatt-hour,million dollars,million kilowatt hours
2024-07,FL,Florida,RES,residential,10455360,13.71,2098.58804,15303.29494,number of customers,cents per kilowatt-hour,million dollars,million kilowatt hours
2024-07,FL,Florida,TRA,transportation,2,10.08,.65659,6.51597,number of customers,cents per kilowatt-hour,million dollars,million kilowatt hours
2024-07,GA,Georgia,ALL,all sectors,5465049,12.62,1928.66463,15286.51989,number of customers,cents per kilowatt-hour,million dollars,million kilowatt hours
2024-07,GA,Georgia,COM,commercial,620543,11.4,623.97562,5472.25243,number of customers,cents per kilowatt-hour,million dollars,million kilowatt hours
2024-07,GA,Georgia,IND,industrial,24984,8.84,255.2607,2887.25592,number of customers,cents per kilowatt-hour,million dollars,million kilowatt hours
2024-07,GA,Georgia,OTH,other,,,,,number of customers,cents per kilowatt-hour,million dollars,million kilowatt hours
2024-07,GA,Georgia,RES,residential,4819521,15.16,1047.81047,6912.94763,number of customers,cents per kilowatt-hour,million dollars,million kilowatt hours
2024-07,GA,Georgia,TRA,transportation,1,11.5,1.61784,14.06391,number of customers,cents per kilowatt-hour,million dollars,million kilowatt hours
2024-07,HI,Hawaii,ALL,all sectors,506652,37.24,289.96035,778.63609,number of customers,cents per kilowatt-hour,million dollars,million kilowatt hours
2024-07,HI,Hawaii,COM,commercial,59513,37.1,91.86545,247.6434,number of customers,cents per kilowatt-hour,million dollars,million kilowatt hours
2024-07,HI,Hawaii,IND,industrial,818,33.11,100.72719,304.19489,number of customers,cents per kilowatt-hour,million dollars,million kilowatt hours
2024-07,HI,Hawaii,OTH,other,,,,,number of customers,cents per kilowatt-hour,million dollars,million kilowatt hours
2024-07,HI,Hawaii,RES,residential,446321,42.93,97.36771,226.7978,number of customers,cents per kilowatt-hour,million dollars,million kilowatt hours
2024-07,HI,Hawaii,TRA,transportation,0,0,0,0,number of customers,cents per kilowatt-hour,million dollars,million kilowatt hours
2024-07,IA,Iowa,ALL,all sectors,1710404,10.92,537.66389,4923.86771,number of customers,cents per kilowatt-hour,million dollars,million kilowatt hours
2024-07,IA,Iowa,COM,commercial,251859,11.53,131.23956,1138.54052,number of customers,cents per kilowatt-hour,million dollars,million kilowatt hours
2024-07,IA,Iowa,IND,industrial,9731,8.2,192.65192,2348.77769,number of customers,cents per kilowatt-hour,million dollars,million kilowatt hours
2024-07,IA,Iowa,OTH,other,,,,,number of customers,cents per kilowatt-hour,million dollars,million kilowatt hours
2024-07,IA,Iowa,RES,residential,1448814,14.88,213.77241,1436.5495,number of customers,cents per kilowatt-hour,million dollars,million kilowatt hours
2024-07,IA,Iowa,TRA,transportation,0,0,0,0,number of customers,cents per kilowatt-hour,million dollars,million kilowatt hours
2024-07,ID,Idaho,ALL,all sectors,1023013,9.93,291.90676,2940.55109,number of customers,cents per kilowatt-hour,million dollars,million kilowatt hours
2024-07,ID,Idaho,COM,commercial,124046,9.69,63.76501,657.73199,number of customers,cents per kilowatt-hour,million dollars,million kilowatt hours
2024-07,ID,Idaho,IND,industrial,29896,8.43,111.77433,1326.43635,number of customers,cents per kilowatt-hour,million dollars,million kilowatt hours
2024-07,ID,Idaho,OTH,other,,,,,number of customers,cents per kilowatt-hour,million dollars,million kilowatt hours
2024-07,ID,Idaho,RES,residential,869071,12.17,116.36742,956.38274,number of customers,cents per kilowatt-hour,million dollars,million kilowatt hours
2024-07,ID,Idaho,TRA,transportation,0,0,0,0,number of customers,cents per kilowatt-hour,million dollars,million kilowatt hours
2024-07,IL,Illinois,ALL,all sectors,6024521,12.44,1618.5866,13007.4507,number of customers,cents per kilowatt-hour,million dollars,million kilowatt hours
2024-07,IL,Illinois,COM,commercial,638316,11.95,518.60265,4340.90854,number of customers,cents per kilowatt-hour,million dollars,million kilowatt hours
2024-07,IL,Illinois,IND,industrial,5620,9.24,332.36697,3595.80973,number of customers,cents per kilowatt-hour,million dollars,million kilowatt hours
2024-07,IL,Illinois,OTH,other,,,,,number of customers,cents per kilowatt-hour,million dollars,million kilowatt hours
2024-07,IL,Illinois,RES,residential,5380582,15.19,764.68311,5034.26569,number of customers,cents per kilowatt-hour,million dollars,million kilowatt hours
2024-07,IL,Illinois,TRA,transportation,3,8.05,2.93386,36.46674,number of customers,cents per kilowatt-hour,million dollars,million kilowatt hours
2024-07,IN,Indiana,ALL,all sectors,3453961,11.63,1089.49193,9365.39689,number of customers,cents per kilowatt-hour,million dollars,million kilowatt hours
2024-07,IN,Indiana,COM,commercial,375118,12.5,275.02985,2199.55567,number of customers,cents per kilowatt-hour,million dollars,million kilowatt hours
2024-07,IN,Indiana,IND,industrial,19181,8.31,310.66034,3740.63635,number of customers,cents per kilowatt-hour,million dollars,million kilowatt hours
2024-07,IN,Indiana,OTH,other,,,,,number of customers,cents per kilowatt-hour,million dollars,million kilowatt hours
2024-07,IN,Indiana,RES,residential,3059661,14.71,503.60696,3423.53215,number of customers,cents per kilowatt-hour,million dollars,million kilowatt hours
2024-07,IN,Indiana,TRA,transportation,1,11.64,.19478,1.67271,number of customers,cents per kilowatt-hour,million dollars,million kilowatt hours
2024-07,KS,Kansas,ALL,all sectors,1591539,12.22,516.99388,4231.84802,number of customers,cents per kilowatt-hour,million dollars,million kilowatt hours
2024-07,KS,Kansas,COM,commercial,245597,12.31,191.52462,1555.82835,number of customers,cents per kilowatt-hour,million dollars,million kilowatt hours
2024-07,KS,Kansas,IND,industrial,24627,8.05,85.05559,1056.66304,number of customers,cents per kilowatt-hour,million dollars,million kilowatt hours
2024-07,KS,Kansas,OTH,other,,,,,number of customers,cents per kilowatt-hour,million dollars,million kilowatt hours
2024-07,KS,Kansas,RES,residential,1321315,14.85,240.41367,1619.35663,number of customers,cents per kilowatt-hour,million dollars,million kilowatt hours
2024-07,KS,Kansas,TRA,transportation,0,0,0,0,number of customers,cents per kilowatt-hour,million dollars,million kilowatt hours
2024-07,KY,Kentucky,ALL,all sectors,2411022,10.11,727.46121,7195.68216,number of customers,cents per kilowatt-hour,million dollars,million kilowatt hours
2024-07,KY,Kentucky,COM,commercial,327582,11.11,219.39687,1973.97345,number of customers,cents per kilowatt-hour,million dollars,million kilowatt hours
2024-07,KY,Kentucky,IND,industrial,4784,6.57,158.56005,2415.11214,number of customers,cents per kilowatt-hour,million dollars,million kilowatt hours
2024-07,KY,Kentucky,OTH,other,,,,,number of customers,cents per kilowatt-hour,million dollars,million kilowatt hours
2024-07,KY,Kentucky,RES,residential,2078656,12.45,349.50429,2806.59657,number of customers,cents per kilowatt-hour,million dollars,million kilowatt hours
2024-07,KY,Kentucky,TRA,transportation,0,0,0,0,number of customers,cents per kilowatt-hour,million dollars,million kilowatt hours
2024-07,LA,Louisiana,ALL,all sectors,2472873,9,845.72656,9395.62198,number of customers,cents per kilowatt-hour,million dollars,million kilowatt hours
2024-07,LA,Louisiana,COM,commercial,303093,10.03,234.96705,2342.34107,number of customers,cents per kilowatt-hour,million dollars,million kilowatt hours
2024-07,LA,Louisiana,IND,industrial,18495,5.65,197.23753,3492.85378,number of customers,cents per kilowatt-hour,million dollars,million kilowatt hours
2024-07,LA,Louisiana,OTH,other,,,,,number of customers,cents per kilowatt-hour,million dollars,million kilowatt hours
2024-07,LA,Louisiana,RES,residential,2151284,11.61,413.41685,3559.49236,number of customers,cents per kilowatt-hour,million dollars,million kilowatt hours
2024-07,LA,Louisiana,TRA,transportation,1,11.25,.10513,.93476,number of customers,cents per kilowatt-hour,million dollars,million kilowatt hours
2024-07,MA,Massachusetts,ALL,all sectors,3415134,24.16,1116.94932,4623.56158,number of customers,cents per kilowatt-hour,million dollars,million kilowatt hours
2024-07,MA,Massachusetts,COM,commercial,439712,20.99,431.9553,2057.83169,number of customers,cents per kilowatt-hour,million dollars,million kilowatt hours
2024-07,MA,Massachusetts,IND,industrial,10313,18.29,89.64602,490.19112,number of customers,cents per kilowatt-hour,million dollars,million kilowatt hours
2024-07,MA,Massachusetts,OTH,other,,,,,number of customers,cents per kilowatt-hour,million dollars,million kilowatt hours
2024-07,MA,Massachusetts,RES,residential,2965107,28.92,593.23381,2051.41355,number of customers,cents per kilowatt-hour,million dollars,million kilowatt hours
2024-07,MA,Massachusetts,TRA,transportation,2,8.76,2.11419,24.12522,number of customers,cents per kilowatt-hour,million dollars,million kilowatt hours
2024-07,MAT,Middle Atlantic,ALL,all sectors,19166304,17.26,6473.29927,37495.63587,number of customers,cents per kilowatt-hour,million dollars,million kilowatt hours
2024-07,MAT,Middle Atlantic,COM,commercial,2445852,16.68,2433.10005,14582.71622,number of customers,cents per kilowatt-hour,million dollars,million kilowatt hours
2024-07,MAT,Middle Atlantic,IND,industrial,39394,8.82,558.21776,6325.65802,number of customers,cents per kilowatt-hour,million dollars,million kilowatt hours
2024-07,MAT,Middle Atlantic,OTH,other,,,,,number of customers,cents per kilowatt-hour,million dollars,million kilowatt hours
2024-07,MAT,Middle Atlantic,RES,residential,16681040,21.12,3434.07599,16258.5618,number of customers,cents per kilowatt-hour,million dollars,million kilowatt hours
2024-07,MAT,Middle Atlantic,TRA,transportation,18,14.57,47.90547,328.69983,number of customers,cents per kilowatt-hour,million dollars,million kilowatt hours
2024-07,MD,Maryland,ALL,all sectors,2722650,15,937.08207,6247.83932,number of customers,cents per kilowatt-hour,million dollars,million kilowatt hours
2024-07,MD,Maryland,COM,commercial,261304,13.04,363.96728,2791.65131,number of customers,cents per kilowatt-hour,million dollars,million kilowatt hours
2024-07,MD,Maryland,IND,industrial,9272,10.97,36.55509,333.20041,number of customers,cents per kilowatt-hour,million dollars,million kilowatt hours
2024-07,MD,Maryland,OTH,other,,,,,number of customers,cents per kilowatt-hour,million dollars,million kilowatt hours
2024-07,MD,Maryland,RES,residential,2452069,17.24,532.76492,3089.60246,number of customers,cents per kilowatt-hour,million dollars,million kilowatt hours
2024-07,MD,Maryland,TRA,transportation,5,11.37,3.7948,33.38514,number of customers,cents per kilowatt-hour,million dollars,million kilowatt hours
2024-07,ME,Maine,ALL,all sectors,869827,18.7,186.00899,994.5097,number of customers,cents per kilowatt-hour,million dollars,million kilowatt hours
2024-07,ME,Maine,COM,commercial,113292,17.11,66.23973,387.24176,number of customers,cents per kilowatt-hour,million dollars,million kilowatt hours
2024-07,ME,Maine,IND,industrial,1870,12.49,24.40496,195.38259,number of customers,cents per kilowatt-hour,million dollars,million kilowatt hours
2024-07,ME,Maine,OTH,other,,,,,number of customers,cents per kilowatt-hour,million dollars,million kilowatt hours
2024-07,ME,Maine,RES,residential,754665,23.15,95.36429,411.88535,number of customers,cents per kilowatt-hour,million dollars,million kilowatt hours
2024-07,ME,Maine,TRA,transportation,0,0,0,0,number of customers,cents per kilowatt-hour,million dollars,million kilowatt hours
2024-07,MI,Michigan,ALL,all sectors,5084530,14.91,1446.75793,9706.46886,number of customers,cents per kilowatt-hour,million dollars,million kilowatt hours
2024-07,MI,Michigan,COM,commercial,564735,14.41,516.13536,3582.02143,number of customers,cents per kilowatt-hour,million dollars,million kilowatt hours
2024-07,MI,Michigan,IND,industrial,5858,8.41,208.53065,2479.37243,number of customers,cents per kilowatt-hour,million dollars,million kilowatt hours
2024-07,MI,Michigan,OTH,other,,,,,number of customers,cents per kilowatt-hour,million dollars,million kilowatt hours
2024-07,MI,Michigan,RES,residential,4513935,19.81,722.02843,3644.63357,number of customers,cents per kilowatt-hour,million dollars,million kilowatt hours
2024-07,MI,Michigan,TRA,transportation,2,14.39,.0635,.44144,number of customers,cents per kilowatt-hour,million dollars,million kilowatt hours
2024-07,MN,Minnesota,ALL,all sectors,2902471,13.39,804.46488,6008.68334,number of customers,cents per kilowatt-hour,million dollars,million kilowatt hours
2024-07,MN,Minnesota,COM,commercial,309030,13.17,269.99289,2050.02061,number of customers,cents per kilowatt-hour,million dollars,million kilowatt hours
2024-07,MN,Minnesota,IND,industrial,9703,9.81,173.94345,1774.03116,number of customers,cents per kilowatt-hour,million dollars,million kilowatt hours
2024-07,MN,Minnesota,OTH,other,,,,,number of customers,cents per kilowatt-hour,million dollars,million kilowatt hours
2024-07,MN,Minnesota,RES,residential,2583737,16.5,360.39268,2183.62048,number of customers,cents per kilowatt-hour,million dollars,million kilowatt hours
2024-07,MN,Minnesota,TRA,transportation,1,13.44,.13587,1.01108,number of customers,cents per kilowatt-hour,million dollars,million kilowatt hours
2024-07,MO,Missouri,ALL,all sectors,3351711,12.75,990.68204,7771.631,number of customers,cents per kilowatt-hour,million dollars,million kilowatt hours
2024-07,MO,Missouri,COM,commercial,404403,11.87,336.94006,2838.46763,number of customers,cents per kilowatt-hour,million dollars,million kilowatt hours
2024-07,MO,Missouri,IND,industrial,9294,8.96,105.82381,1181.4654,number of customers,cents per kilowatt-hour,million dollars,million kilowatt hours
2024-07,MO,Missouri,OTH,other,,,,,number of customers,cents per kilowatt-hour,million dollars,million kilowatt hours
2024-07,MO,Missouri,RES,residential,2938012,14.61,547.62658,3749.46871,number of customers,cents per kilowatt-hour,million dollars,million kilowatt hours
2024-07,MO,Missouri,TRA,transportation,2,13.08,.29159,2.22927,number of customers,cents per kilowatt-hour,million dollars,million kilowatt hours
2024-07,MS,Mississippi,ALL,all sectors,1603162,10.9,535.90908,4916.48363,number of customers,cents per kilowatt-hour,million dollars,million kilowatt hours
2024-07,MS,Mississippi,COM,commercial,247507,11.88,170.55464,1436.04473,number of customers,cents per kilowatt-hour,million dollars,million kilowatt hours
2024-07,MS,Mississippi,IND,industrial,13068,6.91,97.4503,1410.14726,number of customers,cents per kilowatt-hour,million dollars,million kilowatt hours
2024-07,MS,Mississippi,OTH,other,,,,,number of customers,cents per kilowatt-hour,million dollars,million kilowatt hours
2024-07,MS,Mississippi,RES,residential,1342587,12.94,267.90414,2070.29164,number of customers,cents per kilowatt-hour,million dollars,million kilowatt hours
2024-07,MS,Mississippi,TRA,transportation,0,0,0,0,number of customers,cents per kilowatt-hour,million dollars,million kilowatt hours
2024-07,MT,Montana,ALL,all sectors,689252,11.32,153.77453,1358.90735,number of customers,cents per kilowatt-hour,million dollars,million kilowatt hours
2024-07,MT,Montana,COM,commercial,117912,12.39,55.28386,446.32132,number of customers,cents per kilowatt-hour,million dollars,million kilowatt hours
2024-07,MT,Montana,IND,industrial,13674,8.12,36.73087,452.28192,number of customers,cents per kilowatt-hour,million dollars,million kilowatt hours
2024-07,MT,Montana,OTH,other,,,,,number of customers,cents per kilowatt-hour,million dollars,million kilowatt hours
2024-07,MT,Montana,RES,residential,557666,13.42,61.7598,460.30412,number of customers,cents per kilowatt-hour,million dollars,million kilowatt hours
2024-07,MT,Montana,TRA,transportation,0,0,0,0,number of customers,cents per kilowatt-hour,million dollars,million kilowatt hours
2024-07,MTN,Mountain,ALL,all sectors,12559042,11.95,4032.61218,33740.50627,number of customers,cents per kilowatt-hour,million dollars,million kilowatt hours
2024-07,MTN,Mountain,COM,commercial,1527785,11.75,1306.25435,11116.68948,number of customers,cents per kilowatt-hour,million dollars,million kilowatt hours
2024-07,MTN,Mountain,IND,industrial,103497,8.36,696.35541,8326.09657,number of customers,cents per kilowatt-hour,million dollars,million kilowatt hours
2024-07,MTN,Mountain,OTH,other,,,,,number of customers,cents per kilowatt-hour,million dollars,million kilowatt hours
2024-07,MTN,Mountain,RES,residential,10927755,14.2,2028.56729,14284.53381,number of customers,cents per kilowatt-hour,million dollars,million kilowatt hours
2024-07,MTN,Mountain,TRA,transportation,5,10.88,1.43513,13.18642,number of customers,cents per kilowatt-hour,million dollars,million kilowatt hours
2024-07,NC,North Carolina,ALL,all sectors,5836502,11.54,1599.07685,13855.11925,number of customers,cents per kilowatt-hour,million dollars,million kilowatt hours
2024-07,NC,North Carolina,COM,commercial,752408,10.32,497.12401,4816.85131,number of customers,cents per kilowatt-hour,million dollars,million kilowatt hours
2024-07,NC,North Carolina,IND,industrial,9000,7.82,178.32997,2279.84911,number of customers,cents per kilowatt-hour,million dollars,million kilowatt hours
2024-07,NC,North Carolina,OTH,other,,,,,number of customers,cents per kilowatt-hour,million dollars,million kilowatt hours
2024-07,NC,North Carolina,RES,residential,5075093,13.67,923.50428,6757.20073,number of customers,cents per kilowatt-hour,million dollars,million kilowatt hours
2024-07,NC,North Carolina,TRA,transportation,1,9.74,.11859,1.21809,number of customers,cents per kilowatt-hour,million dollars,million kilowatt hours
2024-07,ND,North Dakota,ALL,all sectors,485849,8.21,203.60157,2480.6658,number of customers,cents per kilowatt-hour,million dollars,million kilowatt hours
2024-07,ND,North Dakota,COM,commercial,77238,7.51,70.83055,943.16382,number of customers,cents per kilowatt-hour,million dollars,million kilowatt hours
2024-07,ND,North Dakota,IND,industrial,10956,7.21,83.37754,1155.9187,number of customers,cents per kilowatt-hour,million dollars,million kilowatt hours
2024-07,ND,North Dakota,OTH,other,,,,,number of customers,cents per kilowatt-hour,million dollars,million kilowatt hours
2024-07,ND,North Dakota,RES,residential,397655,12.94,49.39349,381.58329,number of customers,cents per kilowatt-hour,million dollars,million kilowatt hours
2024-07,ND,North Dakota,TRA,transportation,0,0,0,0,number of customers,cents per kilowatt-hour,million dollars,million kilowatt hours
2024-07,NE,Nebraska,ALL,all sectors,1136408,9.66,334.14361,3460.28692,number of customers,cents per kilowatt-hour,million dollars,million kilowatt hours
2024-07,NE,Nebraska,COM,commercial,162075,8.89,104.23184,1172.94579,number of customers,cents per kilowatt-hour,million dollars,million kilowatt hours
2024-07,NE,Nebraska,IND,industrial,67883,8.17,97.01551,1187.31762,number of customers,cents per kilowatt-hour,million dollars,million kilowatt hours
2024-07,NE,Nebraska,OTH,other,,,,,number of customers,cents per kilowatt-hour,million dollars,million kilowatt hours
2024-07,NE,Nebraska,RES,residential,906450,12.08,132.89625,1100.02351,number of customers,cents per kilowatt-hour,million dollars,million kilowatt hours
2024-07,NE,Nebraska,TRA,transportation,0,0,0,0,number of customers,cents per kilowatt-hour,million dollars,million kilowatt hours
2024-07,NEW,New England,ALL,all sectors,7676517,22.72,2513.02755,11059.83613,number of customers,cents per kilowatt-hour,million dollars,million kilowatt hours
2024-07,NEW,New England,COM,commercial,950766,20.01,926.89714,4631.6322,number of customers,cents per kilowatt-hour,million dollars,million kilowatt hours
2024-07,NEW,New England,IND,industrial,21032,16.32,206.81912,1267.50754,number of customers,cents per kilowatt-hour,million dollars,million kilowatt hours
2024-07,NEW,New England,OTH,other,,,,,number of customers,cents per kilowatt-hour,million dollars,million kilowatt hours
2024-07,NEW,New England,RES,residential,6704713,26.85,1373.9332,5117.40982,number of customers,cents per kilowatt-hour,million dollars,million kilowatt hours
2024-07,NEW,New England,TRA,transportation,6,12.42,5.37809,43.28657,number of customers,cents per kilowatt-hour,million dollars,million kilowatt hours
2024-07,NH,New Hampshire,ALL,all sectors,766823,19.74,225.46784,1142.2436,number of customers,cents per kilowatt-hour,million dollars,million kilowatt hours
2024-07,NH,New Hampshire,COM,commercial,112160,18.63,76.94219,413.05662,number of customers,cents per kilowatt-hour,million dollars,million kilowatt hours
2024-07,NH,New Hampshire,IND,industrial,3117,15.92,28.09643,176.49183,number of customers,cents per kilowatt-hour,million dollars,million kilowatt hours
2024-07,NH,New Hampshire,OTH,other,,,,,number of customers,cents per kilowatt-hour,million dollars,million kilowatt hours
2024-07,NH,New Hampshire,RES,residential,651546,21.79,120.42922,552.69516,number of customers,cents per kilowatt-hour,million dollars,million kilowatt hours
2024-07,NH,New Hampshire,TRA,transportation,0,0,0,0,number of customers,cents per kilowatt-hour,million dollars,million kilowatt hours
2024-07,NJ,New Jersey,ALL,all sectors,4279776,18.02,1527.78557,8479.3392,number of customers,cents per kilowatt-hour,million dollars,million kilowatt hours
2024-07,NJ,New Jersey,COM,commercial,540909,15.69,568.41773,3623.25112,number of customers,cents per kilowatt-hour,million dollars,million kilowatt hours
2024-07,NJ,New Jersey,IND,industrial,11255,13.05,71.9672,551.55204,number of customers,cents per kilowatt-hour,million dollars,million kilowatt hours
2024-07,NJ,New Jersey,OTH,other,,,,,number of customers,cents per kilowatt-hour,million dollars,million kilowatt hours
2024-07,NJ,New Jersey,RES,residential,3727605,20.7,883.40474,4267.46045,number of customers,cents per kilowatt-hour,million dollars,million kilowatt hours
2024-07,NJ,New Jersey,TRA,transportation,7,10.78,3.9959,37.0756,number of customers,cents per kilowatt-hour,million dollars,million kilowatt hours
2024-07,NM,New Mexico,ALL,all sectors,1092752,10.1,294.28141,2913.70668,number of customers,cents per kilowatt-hour,million dollars,million kilowatt hours
2024-07,NM,New Mexico,COM,commercial,147887,11.79,106.76184,905.65622,number of customers,cents per kilowatt-hour,million dollars,million kilowatt hours
2024-07,NM,New Mexico,IND,industrial,9440,5.4,63.53091,1175.53714,number of customers,cents per kilowatt-hour,million dollars,million kilowatt hours
2024-07,NM,New Mexico,OTH,other,,,,,number of customers,cents per kilowatt-hour,million dollars,million kilowatt hours
2024-07,NM,New Mexico,RES,residential,935425,14.89,123.98866,832.51333,number of customers,cents per kilowatt-hour,million dollars,million kilowatt hours
2024-07,NM,New Mexico,TRA,transportation,0,0,0,0,number of customers,cents per kilowatt-hour,million dollars,million kilowatt hours
2024-07,NV,Nevada,ALL,all sectors,1498300,11.64,568.74433,4887.55506,number of customers,cents per kilowatt-hour,million dollars,million kilowatt hours
2024-07,NV,Nevada,COM,commercial,178229,9.97,149.36145,1498.09068,number of customers,cents per kilowatt-hour,million dollars,million kilowatt hours
2024-07,NV,Nevada,IND,industrial,4978,10.02,113.52228,1133.1465,number of customers,cents per kilowatt-hour,million dollars,million kilowatt hours
2024-07,NV,Nevada,OTH,other,,,,,number of customers,cents per kilowatt-hour,million dollars,million kilowatt hours
2024-07,NV,Nevada,RES,residential,1315092,13.56,305.77192,2255.49307,number of customers,cents per kilowatt-hour,million dollars,million kilowatt hours
2024-07,NV,Nevada,TRA,transportation,1,10.75,.08868,.82481,number of customers,cents per kilowatt-hour,million dollars,million kilowatt hours
2024-07,NY,New York,ALL,all sectors,8601811,21.27,3120.42214,14670.0211,number of customers,cents per kilowatt-hour,million dollars,million kilowatt hours
2024-07,NY,New York,COM,commercial,1162279,20.42,1433.11148,7017.94979,number of customers,cents per kilowatt-hour,million dollars,million kilowatt hours
2024-07,NY,New York,IND,industrial,16474,10.04,139.86659,1393.072,number of customers,cents per kilowatt-hour,million dollars,million kilowatt hours
2024-07,NY,New York,OTH,other,,,,,number of customers,cents per kilowatt-hour,million dollars,million kilowatt hours
2024-07,NY,New York,RES,residential,7423052,25.09,1507.95135,6010.18265,number of customers,cents per kilowatt-hour,million dollars,million kilowatt hours
2024-07,NY,New York,TRA,transportation,6,15.87,39.49273,248.81667,number of customers,cents per kilowatt-hour,million dollars,million kilowatt hours
2024-07,OH,Ohio,ALL,all sectors,5788363,11.54,1690.08022,14643.30091,number of customers,cents per kilowatt-hour,million dollars,million kilowatt hours
2024-07,OH,Ohio,COM,commercial,627771,10.51,494.56673,4705.22688,number of customers,cents per kilowatt-hour,million dollars,million kilowatt hours
2024-07,OH,Ohio,IND,industrial,18118,7.3,320.26104,4388.78005,number of customers,cents per kilowatt-hour,million dollars,million kilowatt hours
2024-07,OH,Ohio,OTH,other,,,,,number of customers,cents per kilowatt-hour,million dollars,million kilowatt hours
2024-07,OH,Ohio,RES,residential,5142472,15.78,875.07961,5547.11587,number of customers,cents per kilowatt-hour,million dollars,million kilowatt hours
2024-07,OH,Ohio,TRA,transportation,2,7.94,.17284,2.17811,number of customers,cents per kilowatt-hour,million dollars,million kilowatt hours
2024-07,OK,Oklahoma,ALL,all sectors,2200666,9.85,732.21605,7432.39831,number of customers,cents per kilowatt-hour,million dollars,million kilowatt hours
2024-07,OK,Oklahoma,COM,commercial,299136,9.36,244.17782,2608.72803,number of customers,cents per kilowatt-hour,million dollars,million kilowatt hours
2024-07,OK,Oklahoma,IND,industrial,20198,6.24,122.1041,1955.6912,number of customers,cents per kilowatt-hour,million dollars,million kilowatt hours
2024-07,OK,Oklahoma,OTH,other,,,,,number of customers,cents per kilowatt-hour,million dollars,million kilowatt hours
2024-07,OK,Oklahoma,RES,residential,1881332,12.76,365.93414,2867.97909,number of customers,cents per kilowatt-hour,million dollars,million kilowatt hours
2024-07,OK,Oklahoma,TRA,transportation,0,0,0,0,number of customers,cents per kilowatt-hour,million dollars,million kilowatt hours
2024-07,OR,Oregon,ALL,all sectors,2145670,11.21,601.15187,5362.52773,number of customers,cents per kilowatt-hour,million dollars,million kilowatt hours
2024-07,OR,Oregon,COM,commercial,248035,10.18,226.00971,2219.99422,number of customers,cents per kilowatt-hour,million dollars,million kilowatt hours
2024-07,OR,Oregon,IND,industrial,27043,8.2,114.71928,1399.16916,number of customers,cents per kilowatt-hour,million dollars,million kilowatt hours
2024-07,OR,Oregon,OTH,other,,,,,number of customers,cents per kilowatt-hour,million dollars,million kilowatt hours
2024-07,OR,Oregon,RES,residential,1870590,14.94,260.17476,1741.38981,number of customers,cents per kilowatt-hour,million dollars,million kilowatt hours
2024-07,OR,Oregon,TRA,transportation,2,12.57,.24813,1.97454,number of customers,cents per kilowatt-hour,million dollars,million kilowatt hours
2024-07,PA,Pennsylvania,ALL,all sectors,6284717,12.72,1825.09156,14346.27556,number of customers,cents per kilowatt-hour,million dollars,million kilowatt hours
2024-07,PA,Pennsylvania,COM,commercial,742664,10.95,431.57085,3941.51531,number of customers,cents per kilowatt-hour,million dollars,million kilowatt hours
2024-07,PA,Pennsylvania,IND,industrial,11665,7.91,346.38397,4381.03398,number of customers,cents per kilowatt-hour,million dollars,million kilowatt hours
2024-07,PA,Pennsylvania,OTH,other,,,,,number of customers,cents per kilowatt-hour,million dollars,million kilowatt hours
2024-07,PA,Pennsylvania,RES,residential,5530383,17.43,1042.7199,5980.9187,number of customers,cents per kilowatt-hour,million dollars,million kilowatt hours
2024-07,PA,Pennsylvania,TRA,transportation,5,10.32,4.41685,42.80756,number of customers,cents per kilowatt-hour,million dollars,million kilowatt hours
2024-07,PACC,Pacific Contiguous,ALL,all sectors,22350175,23.69,9115.31438,38482.42534,number of customers,cents per kilowatt-hour,million dollars,million kilowatt hours
2024-07,PACC,Pacific Contiguous,COM,commercial,2459253,23.78,3836.73481,16137.52859,number of customers,cents per kilowatt-hour,million dollars,million kilowatt hours
2024-07,PACC,Pacific Contiguous,IND,industrial,205660,18.27,1376.93593,7534.82962,number of customers,cents per kilowatt-hour,million dollars,million kilowatt hours
2024-07,PACC,Pacific Contiguous,OTH,other,,,,,number of customers,cents per kilowatt-hour,million dollars,million kilowatt hours
2024-07,PACC,Pacific Contiguous,RES,residential,19685242,26.39,3889.7897,14738.04055,number of customers,cents per kilowatt-hour,million dollars,million kilowatt hours
2024-07,PACC,Pacific Contiguous,TRA,transportation,20,16.46,11.85394,72.02658,number of customers,cents per kilowatt-hour,million dollars,million kilowatt hours
2024-07,PACN,Pacific Noncontiguous,ALL,all sectors,863804,31.6,393.36307,1244.9388,number of customers,cents per kilowatt-hour,million dollars,million kilowatt hours
2024-07,PACN,Pacific Noncontiguous,COM,commercial,116640,29.85,136.29732,456.61556,number of customers,cents per kilowatt-hour,million dollars,million kilowatt hours
2024-07,PACN,Pacific Noncontiguous,IND,industrial,2025,29.35,122.33348,416.76187,number of customers,cents per kilowatt-hour,million dollars,million kilowatt hours
2024-07,PACN,Pacific Noncontiguous,OTH,other,,,,,number of customers,cents per kilowatt-hour,million dollars,million kilowatt hours
2024-07,PACN,Pacific Noncontiguous,RES,residential,745139,36.26,134.73228,371.56137,number of customers,cents per kilowatt-hour,million dollars,million kilowatt hours
2024-07,PACN,Pacific Noncontiguous,TRA,transportation,0,0,0,0,number of customers,cents per kilowatt-hour,million dollars,million kilowatt hours
2024-07,RI,Rhode Island,ALL,all sectors,521985,22.7,190.28214,838.2458,number of customers,cents per kilowatt-hour,million dollars,million kilowatt hours
2024-07,RI,Rhode Island,COM,commercial,63960,20.1,79.42186,395.08364,number of customers,cents per kilowatt-hour,million dollars,million kilowatt hours
2024-07,RI,Rhode Island,IND,industrial,1646,20.49,12.60325,61.50031,number of customers,cents per kilowatt-hour,million dollars,million kilowatt hours
2024-07,RI,Rhode Island,OTH,other,,,,,number of customers,cents per kilowatt-hour,million dollars,million kilowatt hours
2024-07,RI,Rhode Island,RES,residential,456378,25.76,97.85006,379.8115,number of customers,cents per kilowatt-hour,million dollars,million kilowatt hours
2024-07,RI,Rhode Island,TRA,transportation,1,21.99,.40698,1.85035,number of customers,cents per kilowatt-hour,million dollars,million kilowatt hours
2024-07,SAT,South Atlantic,ALL,all sectors,34840086,12.07,10811.04597,89538.12789,number of customers,cents per kilowatt-hour,million dollars,million kilowatt hours
2024-07,SAT,South Atlantic,COM,commercial,4045813,10.61,3696.90977,34847.45567,number of customers,cents per kilowatt-hour,million dollars,million kilowatt hours
2024-07,SAT,South Atlantic,IND,industrial,89963,8.27,986.88677,11927.36222,number of customers,cents per kilowatt-hour,million dollars,million kilowatt hours
2024-07,SAT,South Atlantic,OTH,other,,,,,number of customers,cents per kilowatt-hour,million dollars,million kilowatt hours
2024-07,SAT,South Atlantic,RES,residential,30704297,14.34,6113.35481,42626.42128,number of customers,cents per kilowatt-hour,million dollars,million kilowatt hours
2024-07,SAT,South Atlantic,TRA,transportation,13,10.15,13.89462,136.88872,number of customers,cents per kilowatt-hour,million dollars,million kilowatt hours
2024-07,SC,South Carolina,ALL,all sectors,3004352,11.2,984.86122,8792.03432,number of customers,cents per kilowatt-hour,million dollars,million kilowatt hours
2024-07,SC,South Carolina,COM,commercial,414399,10.7,290.8647,2719.5975,number of customers,cents per kilowatt-hour,million dollars,million kilowatt hours
2024-07,SC,South Carolina,IND,industrial,3661,7.41,168.19134,2268.74532,number of customers,cents per kilowatt-hour,million dollars,million kilowatt hours
2024-07,SC,South Carolina,OTH,other,,,,,number of customers,cents per kilowatt-hour,million dollars,million kilowatt hours
2024-07,SC,South Carolina,RES,residential,2586292,13.82,525.80518,3803.6915,number of customers,cents per kilowatt-hour,million dollars,million kilowatt hours
2024-07,SC,South Carolina,TRA,transportation,0,0,0,0,number of customers,cents per kilowatt-hour,million dollars,million kilowatt hours
2024-07,SD,South Dakota,ALL,all sectors,516871,11.26,136.339,1211.26186,number of customers,cents per kilowatt-hour,million dollars,million kilowatt hours
2024-07,SD,South Dakota,COM,commercial,78607,10.84,48.93291,451.52811,number of customers,cents per kilowatt-hour,million dollars,million kilowatt hours
2024-07,SD,South Dakota,IND,industrial,4428,8.44,25.56733,302.84294,number of customers,cents per kilowatt-hour,million dollars,million kilowatt hours
2024-07,SD,South Dakota,OTH,other,,,,,number of customers,cents per kilowatt-hour,million dollars,million kilowatt hours
2024-07,SD,South Dakota,RES,residential,433836,13.53,61.83876,456.89081,number of customers,cents per kilowatt-hour,million dollars,million kilowatt hours
2024-07,SD,South Dakota,TRA,transportation,0,0,0,0,number of customers,cents per kilowatt-hour,million dollars,million kilowatt hours
2024-07,TN,Tennessee,ALL,all sectors,3722867,10.95,1122.933,10252.67187,number of customers,cents per kilowatt-hour,million dollars,million kilowatt hours
2024-07,TN,Tennessee,COM,commercial,542157,11.99,414.34259,3456.28416,number of customers,cents per kilowatt-hour,million dollars,million kilowatt hours
2024-07,TN,Tennessee,IND,industrial,988,6.31,127.31995,2016.64618,number of customers,cents per kilowatt-hour,million dollars,million kilowatt hours
2024-07,TN,Tennessee,OTH,other,,,,,number of customers,cents per kilowatt-hour,million dollars,million kilowatt hours
2024-07,TN,Tennessee,RES,residential,3179722,12.16,581.27047,4779.74153,number of customers,cents per kilowatt-hour,million dollars,million kilowatt hours
2024-07,TN,Tennessee,TRA,transportation,0,0,0,0,number of customers,cents per kilowatt-hour,million dollars,million kilowatt hours
2024-07,TX,Texas,ALL,all sectors,14582215,10.24,5134.86895,50168.08933,number of customers,cents per kilowatt-hour,million dollars,million kilowatt hours
2024-07,TX,Texas,COM,commercial,1560793,8.87,1360.51185,15344.11272,number of customers,cents per kilowatt-hour,million dollars,million kilowatt hours
2024-07,TX,Texas,IND,industrial,384811,6.27,1000.66297,15956.80345,number of customers,cents per kilowatt-hour,million dollars,million kilowatt hours
2024-07,TX,Texas,OTH,other,,,,,number of customers,cents per kilowatt-hour,million dollars,million kilowatt hours
2024-07,TX,Texas,RES,residential,12636608,14.7,2773.63449,18865.604,number of customers,cents per kilowatt-hour,million dollars,million kilowatt hours
2024-07,TX,Texas,TRA,transportation,3,3.8,.05964,1.56917,number of customers,cents per kilowatt-hour,million dollars,million kilowatt hours
2024-07,US,U.S. Total,ALL,all sectors,164242044,13.63,54236.64253,397872.58566,number of customers,cents per kilowatt-hour,million dollars,million kilowatt hours
2024-07,US,U.S. Total,COM,commercial,19529066,13.37,18654.06436,139551.00436,number of customers,cents per kilowatt-hour,million dollars,million kilowatt hours
2024-07,US,U.S. Total,IND,industrial,1145032,8.73,8109.52213,92847.60751,number of customers,cents per kilowatt-hour,million dollars,million kilowatt hours
2024-07,US,U.S. Total,OTH,other,,,,,number of customers,cents per kilowatt-hour,million dollars,million kilowatt hours
2024-07,US,U.S. Total,RES,residential,143567865,16.62,27388.60815,164833.24943,number of customers,cents per kilowatt-hour,million dollars,million kilowatt hours
2024-07,US,U.S. Total,TRA,transportation,81,13.18,84.4479,640.72436,number of customers,cents per kilowatt-hour,million dollars,million kilowatt hours
2024-07,UT,Utah,ALL,all sectors,1430998,10.82,388.74333,3592.48091,number of customers,cents per kilowatt-hour,million dollars,million kilowatt hours
2024-07,UT,Utah,COM,commercial,146198,10.26,135.22808,1317.43209,number of customers,cents per kilowatt-hour,million dollars,million kilowatt hours
2024-07,UT,Utah,IND,industrial,10856,8.54,67.07836,785.82183,number of customers,cents per kilowatt-hour,million dollars,million kilowatt hours
2024-07,UT,Utah,OTH,other,,,,,number of customers,cents per kilowatt-hour,million dollars,million kilowatt hours
2024-07,UT,Utah,RES,residential,1273943,12.52,185.89934,1484.75688,number of customers,cents per kilowatt-hour,million dollars,million kilowatt hours
2024-07,UT,Utah,TRA,transportation,1,12.03,.53755,4.47012,number of customers,cents per kilowatt-hour,million dollars,million kilowatt hours
2024-07,VA,Virginia,ALL,all sectors,4107479,10.66,1444.03774,13552.4638,number of customers,cents per kilowatt-hour,million dollars,million kilowatt hours
2024-07,VA,Virginia,COM,commercial,446198,8.67,649.52034,7491.54015,number of customers,cents per kilowatt-hour,million dollars,million kilowatt hours
2024-07,VA,Virginia,IND,industrial,3822,8.99,107.15958,1192.52239,number of customers,cents per kilowatt-hour,million dollars,million kilowatt hours
2024-07,VA,Virginia,OTH,other,,,,,number of customers,cents per kilowatt-hour,million dollars,million kilowatt hours
2024-07,VA,Virginia,RES,residential,3657458,14.17,682.43419,4816.59752,number of customers,cents per kilowatt-hour,million dollars,million kilowatt hours
2024-07,VA,Virginia,TRA,transportation,1,9.5,4.92364,51.80374,number of customers,cents per kilowatt-hour,million dollars,million kilowatt hours
2024-07,VT,Vermont,ALL,all sectors,389718,18,93.57772,519.83875,number of customers,cents per kilowatt-hour,million dollars,million kilowatt hours
2024-07,VT,Vermont,COM,commercial,64798,18.42,34.88508,189.4123,number of customers,cents per kilowatt-hour,million dollars,million kilowatt hours
2024-07,VT,Vermont,IND,industrial,238,11.34,12.82944,113.10741,number of customers,cents per kilowatt-hour,million dollars,million kilowatt hours
2024-07,VT,Vermont,OTH,other,,,,,number of customers,cents per kilowatt-hour,million dollars,million kilowatt hours
2024-07,VT,Vermont,RES,residential,324682,21.1,45.86321,217.31904,number of customers,cents per kilowatt-hour,million dollars,million kilowatt hours
2024-07,VT,Vermont,TRA,transportation,0,0,0,0,number of customers,cents per kilowatt-hour,million dollars,million kilowatt hours
2024-07,WA,Washington,ALL,all sectors,3805189,9.98,754.54541,7559.46214,number of customers,cents per kilowatt-hour,million dollars,million kilowatt hours
2024-07,WA,Washington,COM,commercial,406343,9.69,282.95872,2920.55339,number of customers,cents per kilowatt-hour,million dollars,million kilowatt hours
2024-07,WA,Washington,IND,industrial,27144,6.65,107.32478,1612.83721,number of customers,cents per kilowatt-hour,million dollars,million kilowatt hours
2024-07,WA,Washington,OTH,other,,,,,number of customers,cents per kilowatt-hour,million dollars,million kilowatt hours
2024-07,WA,Washington,RES,residential,3371697,12.04,363.31349,3018.03984,number of customers,cents per kilowatt-hour,million dollars,million kilowatt hours
2024-07,WA,Washington,TRA,transportation,5,11.81,.94842,8.03171,number of customers,cents per kilowatt-hour,million dollars,million kilowatt hours
2024-07,WI,Wisconsin,ALL,all sectors,3216940,13.55,877.62888,6476.7485,number of customers,cents per kilowatt-hour,million dollars,million kilowatt hours
2024-07,WI,Wisconsin,COM,commercial,368827,13.26,288.19162,2173.56724,number of customers,cents per kilowatt-hour,million dollars,million kilowatt hours
2024-07,WI,Wisconsin,IND,industrial,5845,9.53,194.47666,2040.88827,number of customers,cents per kilowatt-hour,million dollars,million kilowatt hours
2024-07,WI,Wisconsin,OTH,other,,,,,number of customers,cents per kilowatt-hour,million dollars,million kilowatt hours
2024-07,WI,Wisconsin,RES,residential,2842266,17.46,394.94072,2262.18622,number of customers,cents per kilowatt-hour,million dollars,million kilowatt hours
2024-07,WI,Wisconsin,TRA,transportation,2,18.63,.01989,.10677,number of customers,cents per kilowatt-hour,million dollars,million kilowatt hours
2024-07,WNC,West North Central,ALL,all sectors,11695253,11.71,3523.88887,30088.24465,number of customers,cents per kilowatt-hour,million dollars,million kilowatt hours
2024-07,WNC,West North Central,COM,commercial,1528809,11.37,1153.69242,10150.49482,number of customers,cents per kilowatt-hour,million dollars,million kilowatt hours
2024-07,WNC,West North Central,IND,industrial,136622,8.48,763.43515,9007.01654,number of customers,cents per kilowatt-hour,million dollars,million kilowatt hours
2024-07,WNC,West North Central,OTH,other,,,,,number of customers,cents per kilowatt-hour,million dollars,million kilowatt hours
2024-07,WNC,West North Central,RES,residential,10029819,14.7,1606.33383,10927.49293,number of customers,cents per kilowatt-hour,million dollars,million kilowatt hours
2024-07,WNC,West North Central,TRA,transportation,3,13.19,.42746,3.24035,number of customers,cents per kilowatt-hour,million dollars,million kilowatt hours
2024-07,WSC,West South Central,ALL,all sectors,20984661,10.02,7212.24464,72001.77185,number of customers,cents per kilowatt-hour,million dollars,million kilowatt hours
2024-07,WSC,West South Central,COM,commercial,2370928,9.12,1960.18313,21486.52294,number of customers,cents per kilowatt-hour,million dollars,million kilowatt hours
2024-07,WSC,West South Central,IND,industrial,466085,6.23,1443.4256,23167.7872,number of customers,cents per kilowatt-hour,million dollars,million kilowatt hours
2024-07,WSC,West South Central,OTH,other,,,,,number of customers,cents per kilowatt-hour,million dollars,million kilowatt hours
2024-07,WSC,West South Central,RES,residential,18147642,13.93,3808.46759,27344.93159,number of customers,cents per kilowatt-hour,million dollars,million kilowatt hours
2024-07,WSC,West South Central,TRA,transportation,6,6.65,.16832,2.53012,number of customers,cents per kilowatt-hour,million dollars,million kilowatt hours
2024-07,WV,West Virginia,ALL,all sectors,1028579,11.13,334.78596,3008.20153,number of customers,cents per kilowatt-hour,million dollars,million kilowatt hours
2024-07,WV,West Virginia,COM,commercial,151976,11.17,79.73611,714.07874,number of customers,cents per kilowatt-hour,million dollars,million kilowatt hours
2024-07,WV,West Virginia,IND,industrial,10973,7.74,96.28932,1243.83869,number of customers,cents per kilowatt-hour,million dollars,million kilowatt hours
2024-07,WV,West Virginia,OTH,other,,,,,number of customers,cents per kilowatt-hour,million dollars,million kilowatt hours
2024-07,WV,West Virginia,RES,residential,865630,15.12,158.76053,1050.2841,number of customers,cents per kilowatt-hour,million dollars,million kilowatt hours
2024-07,WV,West Virginia,TRA,transportation,0,0,0,0,number of customers,cents per kilowatt-hour,million dollars,million kilowatt hours
2024-07,WY,Wyoming,ALL,all sectors,357838,9.4,138.0591,1468.93959,number of customers,cents per kilowatt-hour,million dollars,million kilowatt hours
2024-07,WY,Wyoming,COM,commercial,59165,9.51,42.14797,443.2966,number of customers,cents per kilowatt-hour,million dollars,million kilowatt hours
2024-07,WY,Wyoming,IND,industrial,12095,8.1,63.5866,784.85773,number of customers,cents per kilowatt-hour,million dollars,million kilowatt hours
2024-07,WY,Wyoming,OTH,other,,,,,number of customers,cents per kilowatt-hour,million dollars,million kilowatt hours
2024-07,WY,Wyoming,RES,residential,286578,13.42,32.32453,240.78526,number of customers,cents per kilowatt-hour,million dollars,million kilowatt hours
2024-07,WY,Wyoming,TRA,transportation,0,0,0,0,number of customers,cents per kilowatt-hour,million dollars,million kilowatt hours
2024-06,AK,Alaska,ALL,all sectors,356320,22.64,103.31751,456.40796,number of customers,cents per kilowatt-hour,million dollars,million kilowatt hours
2024-06,AK,Alaska,COM,commercial,56992,21.88,44.24582,202.2194,number of customers,cents per kilowatt-hour,million dollars,million kilowatt hours
2024-06,AK,Alaska,IND,industrial,1202,20.45,23.4877,114.83177,number of customers,cents per kilowatt-hour,million dollars,million kilowatt hours
2024-06,AK,Alaska,OTH,other,,,,,number of customers,cents per kilowatt-hour,million dollars,million kilowatt hours
2024-06,AK,Alaska,RES,residential,298126,25.53,35.58399,139.35679,number of customers,cents per kilowatt-hour,million dollars,million kilowatt hours
2024-06,AK,Alaska,TRA,transportation,0,0,0,0,number of customers,cents per kilowatt-hour,million dollars,million kilowatt hours
2024-06,AL,Alabama,ALL,all sectors,2789044,12.23,976.40457,7980.60256,number of customers,cents per kilowatt-hour,million dollars,million kilowatt hours
2024-06,AL,Alabama,COM,commercial,388335,13.74,287.74714,2094.49656,number of customers,cents per kilowatt-hour,million dollars,million kilowatt hours
2024-06,AL,Alabama,IND,industrial,7289,7.63,204.91851,2685.95183,number of customers,cents per kilowatt-hour,million dollars,million kilowatt hours
2024-06,AL,Alabama,OTH,other,,,,,number of customers,cents per kilowatt-hour,million dollars,million kilowatt hours
2024-06,AL,Alabama,RES,residential,2393420,15.12,483.73892,3200.15418,number of customers,cents per kilowatt-hour,million dollars,million kilowatt hours
2024-06,AL,Alabama,TRA,transportation,0,0,0,0,number of customers,cents per kilowatt-hour,million dollars,million kilowatt hours
2024-06,AR,Arkansas,ALL,all sectors,1721018,9.64,432.62504,4486.7543,number of customers,cents per kilowatt-hour,million dollars,million kilowatt hours
2024-06,AR,Arkansas,COM,commercial,206453,10.06,110.52075,1098.39816,number of customers,cents per kilowatt-hour,million dollars,million kilowatt hours
2024-06,AR,Arkansas,IND,industrial,38837,6.59,111.1999,1688.6369,number of customers,cents per kilowatt-hour,million dollars,million kilowatt hours
2024-06,AR,Arkansas,OTH,other,,,,,number of customers,cents per kilowatt-hour,million dollars,million kilowatt hours
2024-06,AR,Arkansas,RES,residential,1475726,12.41,210.9012,1699.69561,number of customers,cents per kilowatt-hour,million dollars,million kilowatt hours
2024-06,AR,Arkansas,TRA,transportation,2,13.51,.00319,.02363,number of customers,cents per kilowatt-hour,million dollars,million kilowatt hours
2024-06,AZ,Arizona,ALL,all sectors,3481574,13.33,1252.78807,9395.32653,number of customers,cents per kilowatt-hour,million dollars,million kilowatt hours
2024-06,AZ,Arizona,COM,commercial,348378,12.83,442.71959,3449.76056,number of customers,cents per kilowatt-hour,million dollars,million kilowatt hours
2024-06,AZ,Arizona,IND,industrial,7598,8.09,101.44809,1254.3133,number of customers,cents per kilowatt-hour,million dollars,million kilowatt hours
2024-06,AZ,Arizona,OTH,other,,,,,number of customers,cents per kilowatt-hour,million dollars,million kilowatt hours
2024-06,AZ,Arizona,RES,residential,3125596,15.11,708.51562,4690.42798,number of customers,cents per kilowatt-hour,million dollars,million kilowatt hours
2024-06,AZ,Arizona,TRA,transportation,2,12.7,.10477,.82469,number of customers,cents per kilowatt-hour,million dollars,million kilowatt hours
2024-06,CA,California,ALL,all sectors,15847446,27.66,5626.12605,20343.95263,number of customers,cents per kilowatt-hour,million dollars,million kilowatt hours
2024-06,CA,California,COM,commercial,1742961,26.08,2517.13501,9650.7463,number of customers,cents per kilowatt-hour,million dollars,million kilowatt hours
2024-06,CA,California,IND,industrial,140019,22.25,883.64624,3970.74943,number of customers,cents per kilowatt-hour,million dollars,million kilowatt hours
2024-06,CA,California,OTH,other,,,,,number of customers,cents per kilowatt-hour,million dollars,million kilowatt hours
2024-06,CA,California,RES,residential,13964453,33.24,2215.79263,6665.15448,number of customers,cents per kilowatt-hour,million dollars,million kilowatt hours
2024-06,CA,California,TRA,transportation,13,16.67,9.55217,57.30242,number of customers,cents per kilowatt-hour,million dollars,million kilowatt hours
2024-06,CO,Colorado,ALL,all sectors,2974563,12.8,640.81005,5006.50119,number of customers,cents per kilowatt-hour,million dollars,million kilowatt hours
2024-06,CO,Colorado,COM,commercial,405634,12.87,228.08274,1772.13344,number of customers,cents per kilowatt-hour,million dollars,million kilowatt hours
2024-06,CO,Colorado,IND,industrial,14761,9.31,116.13448,1247.01649,number of customers,cents per kilowatt-hour,million dollars,million kilowatt hours
2024-06,CO,Colorado,OTH,other,,,,,number of customers,cents per kilowatt-hour,million dollars,million kilowatt hours
2024-06,CO,Colorado,RES,residential,2554167,14.96,295.79974,1977.58314,number of customers,cents per kilowatt-hour,million dollars,million kilowatt hours
2024-06,CO,Colorado,TRA,transportation,1,8.12,.79309,9.76812,number of customers,cents per kilowatt-hour,million dollars,million kilowatt hours
2024-06,CT,Connecticut,ALL,all sectors,1712994,22.02,542.25635,2462.38329,number of customers,cents per kilowatt-hour,million dollars,million kilowatt hours
2024-06,CT,Connecticut,COM,commercial,156879,19.16,201.3935,1051.03014,number of customers,cents per kilowatt-hour,million dollars,million kilowatt hours
2024-06,CT,Connecticut,IND,industrial,3865,15.29,34.47939,225.5157,number of customers,cents per kilowatt-hour,million dollars,million kilowatt hours
2024-06,CT,Connecticut,OTH,other,,,,,number of customers,cents per kilowatt-hour,million dollars,million kilowatt hours
2024-06,CT,Connecticut,RES,residential,1552247,25.97,303.83801,1169.81084,number of customers,cents per kilowatt-hour,million dollars,million kilowatt hours
2024-06,CT,Connecticut,TRA,transportation,3,15.88,2.54545,16.0266,number of customers,cents per kilowatt-hour,million dollars,million kilowatt hours
2024-06,DC,District of Columbia,ALL,all sectors,345461,16.55,149.17532,901.10527,number of customers,cents per kilowatt-hour,million dollars,million kilowatt hours
2024-06,DC,District of Columbia,COM,commercial,27507,16.95,108.8934,642.52936,number of customers,cents per kilowatt-hour,million dollars,million kilowatt hours
2024-06,DC,District of Columbia,IND,industrial,1,8.6,1.3461,15.65257,number of customers,cents per kilowatt-hour,million dollars,million kilowatt hours
2024-06,DC,District of Columbia,OTH,other,,,,,number of customers,cents per kilowatt-hour,million dollars,million kilowatt hours
2024-06,DC,District of Columbia,RES,residential,317950,17.16,36.11633,210.44838,number of customers,cents per kilowatt-hour,million dollars,million kilowatt hours
2024-06,DC,District of Columbia,TRA,transportation,3,8.68,2.8195,32.47496,number of customers,cents per kilowatt-hour,million dollars,million kilowatt hours
2024-06,DE,Delaware,ALL,all sectors,535061,13.14,137.36456,1045.44211,number of customers,cents per kilowatt-hour,million dollars,million kilowatt hours
2024-06,DE,Delaware,COM,commercial,60738,11.87,49.63681,418.09511,number of customers,cents per kilowatt-hour,million dollars,million kilowatt hours
2024-06,DE,Delaware,IND,industrial,1152,7.97,14.40862,180.89893,number of customers,cents per kilowatt-hour,million dollars,million kilowatt hours
2024-06,DE,Delaware,OTH,other,,,,,number of customers,cents per kilowatt-hour,million dollars,million kilowatt hours
2024-06,DE,Delaware,RES,residential,473171,16.42,73.31913,446.44807,number of customers,cents per kilowatt-hour,million dollars,million kilowatt hours
2024-06,DE,Delaware,TRA,transportation,0,0,0,0,number of customers,cents per kilowatt-hour,million dollars,million kilowatt hours
2024-06,ENC,East North Central,ALL,all sectors,23624171,12.56,6190.65874,49303.07006,number of customers,cents per kilowatt-hour,million dollars,million kilowatt hours
2024-06,ENC,East North Central,COM,commercial,2580866,12.36,1959.80398,15856.1176,number of customers,cents per kilowatt-hour,million dollars,million kilowatt hours
2024-06,ENC,East North Central,IND,industrial,54849,8.21,1297.87821,15800.32985,number of customers,cents per kilowatt-hour,million dollars,million kilowatt hours
2024-06,ENC,East North Central,OTH,other,,,,,number of customers,cents per kilowatt-hour,million dollars,million kilowatt hours
2024-06,ENC,East North Central,RES,residential,20988446,16.64,2930.00171,17609.81127,number of customers,cents per kilowatt-hour,million dollars,million kilowatt hours
2024-06,ENC,East North Central,TRA,transportation,10,8.08,2.97484,36.81134,number of customers,cents per kilowatt-hour,million dollars,million kilowatt hours
2024-06,ESC,East South Central,ALL,all sectors,10511334,11.12,3099.9552,27868.44419,number of customers,cents per kilowatt-hour,million dollars,million kilowatt hours
2024-06,ESC,East South Central,COM,commercial,1504175,12.4,1049.37168,8464.53798,number of customers,cents per kilowatt-hour,million dollars,million kilowatt hours
2024-06,ESC,East South Central,IND,industrial,26054,6.8,570.38518,8382.51203,number of customers,cents per kilowatt-hour,million dollars,million kilowatt hours
2024-06,ESC,East South Central,OTH,other,,,,,number of customers,cents per kilowatt-hour,million dollars,million kilowatt hours
2024-06,ESC,East South Central,RES,residential,8981105,13.43,1480.19834,11021.39418,number of customers,cents per kilowatt-hour,million dollars,million kilowatt hours
2024-06,ESC,East South Central,TRA,transportation,0,0,0,0,number of customers,cents per kilowatt-hour,million dollars,million kilowatt hours
2024-06,FL,Florida,ALL,all sectors,11768106,12.29,3009.04054,24477.56966,number of customers,cents per kilowatt-hour,million dollars,million kilowatt hours
2024-06,FL,Florida,COM,commercial,1307766,10.58,962.62121,9102.74549,number of customers,cents per kilowatt-hour,million dollars,million kilowatt hours
2024-06,FL,Florida,IND,industrial,27034,8.31,125.2457,1507.41283,number of customers,cents per kilowatt-hour,million dollars,million kilowatt hours
2024-06,FL,Florida,OTH,other,,,,,number of customers,cents per kilowatt-hour,million dollars,million kilowatt hours
2024-06,FL,Florida,RES,residential,10433304,13.86,1920.54875,13861.43618,number of customers,cents per kilowatt-hour,million dollars,million kilowatt hours
2024-06,FL,Florida,TRA,transportation,2,10.46,.62487,5.97517,number of customers,cents per kilowatt-hour,million dollars,million kilowatt hours
2024-06,GA,Georgia,ALL,all sectors,5453095,12.71,1789.90998,14087.14404,number of customers,cents per kilowatt-hour,million dollars,million kilowatt hours
2024-06,GA,Georgia,COM,commercial,618728,11.44,575.55284,5032.31486,number of customers,cents per kilowatt-hour,million dollars,million kilowatt hours
2024-06,GA,Georgia,IND,industrial,24883,8.72,240.12429,2753.44139,number of customers,cents per kilowatt-hour,million dollars,million kilowatt hours
2024-06,GA,Georgia,OTH,other,,,,,number of customers,cents per kilowatt-hour,million dollars,million kilowatt hours
2024-06,GA,Georgia,RES,residential,4809483,15.48,973.25274,6289.11808,number of customers,cents per kilowatt-hour,million dollars,million kilowatt hours
2024-06,GA,Georgia,TRA,transportation,1,7.99,.9801,12.26971,number of customers,cents per kilowatt-hour,million dollars,million kilowatt hours
2024-06,HI,Hawaii,ALL,all sectors,505843,37.73,278.94532,739.27521,number of customers,cents per kilowatt-hour,million dollars,million kilowatt hours
2024-06,HI,Hawaii,COM,commercial,59624,37.88,88.59683,233.86715,number of customers,cents per kilowatt-hour,million dollars,million kilowatt hours
2024-06,HI,Hawaii,IND,industrial,816,33.79,96.17477,284.60195,number of customers,cents per kilowatt-hour,million dollars,million kilowatt hours
2024-06,HI,Hawaii,OTH,other,,,,,number of customers,cents per kilowatt-hour,million dollars,million kilowatt hours
2024-06,HI,Hawaii,RES,residential,445403,42.65,94.17372,220.80612,number of customers,cents per kilowatt-hour,million dollars,million kilowatt hours
2024-06,HI,Hawaii,TRA,transportation,0,0,0,0,number of customers,cents per kilowatt-hour,million dollars,million kilowatt hours
2024-06,IA,Iowa,ALL,all sectors,1706405,10.63,499.04569,4694.25774,number of customers,cents per kilowatt-hour,million dollars,million kilowatt hours
2024-06,IA,Iowa,COM,commercial,251303,11.24,123.18695,1095.96383,number of customers,cents per kilowatt-hour,million dollars,million kilowatt hours
2024-06,IA,Iowa,IND,industrial,9657,8.11,189.10156,2332.62129,number of customers,cents per kilowatt-hour,million dollars,million kilowatt hours
2024-06,IA,Iowa,OTH,other,,,,,number of customers,cents per kilowatt-hour,million dollars,million kilowatt hours
2024-06,IA,Iowa,RES,residential,1445445,14.76,186.75718,1265.67262,number of customers,cents per kilowatt-hour,million dollars,million kilowatt hours
2024-06,IA,Iowa,TRA,transportation,0,0,0,0,number of customers,cents per kilowatt-hour,million dollars,million kilowatt hours
2024-06,ID,Idaho,ALL,all sectors,1019631,10.36,255.56276,2466.39145,number of customers,cents per kilowatt-hour,million dollars,million kilowatt hours
2024-06,ID,Idaho,COM,commercial,123832,9.64,55.11227,571.64684,number of customers,cents per kilowatt-hour,million dollars,million kilowatt hours
2024-06,ID,Idaho,IND,industrial,29858,9.57,111.95282,1169.5345,number of customers,cents per kilowatt-hour,million dollars,million kilowatt hours
2024-06,ID,Idaho,OTH,other,,,,,number of customers,cents per kilowatt-hour,million dollars,million kilowatt hours
2024-06,ID,Idaho,RES,residential,865941,12.2,88.49766,725.2101,number of customers,cents per kilowatt-hour,million dollars,million kilowatt hours
2024-06,ID,Idaho,TRA,transportation,0,0,0,0,number of customers,cents per kilowatt-hour,million dollars,million kilowatt hours
2024-06,IL,Illinois,ALL,all sectors,6041467,12.82,1582.12631,12344.6843,number of customers,cents per kilowatt-hour,million dollars,million kilowatt hours
2024-06,IL,Illinois,COM,commercial,639262,12.27,487.02186,3970.44247,number of customers,cents per kilowatt-hour,million dollars,million kilowatt hours
2024-06,IL,Illinois,IND,industrial,5615,9.29,335.96826,3616.49251,number of customers,cents per kilowatt-hour,million dollars,million kilowatt hours
2024-06,IL,Illinois,OTH,other,,,,,number of customers,cents per kilowatt-hour,million dollars,million kilowatt hours
2024-06,IL,Illinois,RES,residential,5396587,16.01,756.59831,4725.3731,number of customers,cents per kilowatt-hour,million dollars,million kilowatt hours
2024-06,IL,Illinois,TRA,transportation,3,7.84,2.53789,32.37622,number of customers,cents per kilowatt-hour,million dollars,million kilowatt hours
2024-06,IN,Indiana,ALL,all sectors,3499682,11.44,1003.07553,8771.40128,number of customers,cents per kilowatt-hour,million dollars,million kilowatt hours
2024-06,IN,Indiana,COM,commercial,380644,12.56,264.81929,2107.71432,number of customers,cents per kilowatt-hour,million dollars,million kilowatt hours
2024-06,IN,Indiana,IND,industrial,19519,7.92,285.87563,3609.42194,number of customers,cents per kilowatt-hour,million dollars,million kilowatt hours
2024-06,IN,Indiana,OTH,other,,,,,number of customers,cents per kilowatt-hour,million dollars,million kilowatt hours
2024-06,IN,Indiana,RES,residential,3099518,14.81,452.18797,3052.64721,number of customers,cents per kilowatt-hour,million dollars,million kilowatt hours
2024-06,IN,Indiana,TRA,transportation,1,11.91,.19265,1.61781,number of customers,cents per kilowatt-hour,million dollars,million kilowatt hours
2024-06,KS,Kansas,ALL,all sectors,1586046,11.71,472.76206,4036.7526,number of customers,cents per kilowatt-hour,million dollars,million kilowatt hours
2024-06,KS,Kansas,COM,commercial,244851,11.52,170.99323,1483.85268,number of customers,cents per kilowatt-hour,million dollars,million kilowatt hours
2024-06,KS,Kansas,IND,industrial,24355,8.25,82.30593,997.17426,number of customers,cents per kilowatt-hour,million dollars,million kilowatt hours
2024-06,KS,Kansas,OTH,other,,,,,number of customers,cents per kilowatt-hour,million dollars,million kilowatt hours
2024-06,KS,Kansas,RES,residential,1316840,14.11,219.46291,1555.72567,number of customers,cents per kilowatt-hour,million dollars,million kilowatt hours
2024-06,KS,Kansas,TRA,transportation,0,0,0,0,number of customers,cents per kilowatt-hour,million dollars,million kilowatt hours
2024-06,KY,Kentucky,ALL,all sectors,2408915,10.16,662.54132,6519.15174,number of customers,cents per kilowatt-hour,million dollars,million kilowatt hours
2024-06,KY,Kentucky,COM,commercial,327218,11.61,213.27131,1837.30138,number of customers,cents per kilowatt-hour,million dollars,million kilowatt hours
2024-06,KY,Kentucky,IND,industrial,4796,6.42,152.58645,2376.37551,number of customers,cents per kilowatt-hour,million dollars,million kilowatt hours
2024-06,KY,Kentucky,OTH,other,,,,,number of customers,cents per kilowatt-hour,million dollars,million kilowatt hours
2024-06,KY,Kentucky,RES,residential,2076901,12.87,296.68356,2305.47485,number of customers,cents per kilowatt-hour,million dollars,million kilowatt hours
2024-06,KY,Kentucky,TRA,transportation,0,0,0,0,number of customers,cents per kilowatt-hour,million dollars,million kilowatt hours
2024-06,LA,Louisiana,ALL,all sectors,2467705,8.71,766.42699,8802.5104,number of customers,cents per kilowatt-hour,million dollars,million kilowatt hours
2024-06,LA,Louisiana,COM,commercial,301298,9.86,218.53584,2217.38709,number of customers,cents per kilowatt-hour,million dollars,million kilowatt hours
2024-06,LA,Louisiana,IND,industrial,18360,5.39,185.51194,3443.107,number of customers,cents per kilowatt-hour,million dollars,million kilowatt hours
2024-06,LA,Louisiana,OTH,other,,,,,number of customers,cents per kilowatt-hour,million dollars,million kilowatt hours
2024-06,LA,Louisiana,RES,residential,2148046,11.53,362.27271,3141.07966,number of customers,cents per kilowatt-hour,million dollars,million kilowatt hours
2024-06,LA,Louisiana,TRA,transportation,1,11.37,.10651,.93666,number of customers,cents per kilowatt-hour,million dollars,million kilowatt hours
2024-06,MA,Massachusetts,ALL,all sectors,3285224,23.19,943.87542,4070.48692,number of customers,cents per kilowatt-hour,million dollars,million kilowatt hours
2024-06,MA,Massachusetts,COM,commercial,434157,20.81,405.94056,1950.28612,number of customers,cents per kilowatt-hour,million dollars,million kilowatt hours
2024-06,MA,Massachusetts,IND,industrial,10043,16.32,77.79231,476.53251,number of customers,cents per kilowatt-hour,million dollars,million kilowatt hours
2024-06,MA,Massachusetts,OTH,other,,,,,number of customers,cents per kilowatt-hour,million dollars,million kilowatt hours
2024-06,MA,Massachusetts,RES,residential,2841022,28.27,458.026,1620.25323,number of customers,cents per kilowatt-hour,million dollars,million kilowatt hours
2024-06,MA,Massachusetts,TRA,transportation,2,9.04,2.11656,23.41506,number of customers,cents per kilowatt-hour,million dollars,million kilowatt hours
2024-06,MAT,Middle Atlantic,ALL,all sectors,19163086,16.54,5131.24796,31023.95423,number of customers,cents per kilowatt-hour,million dollars,million kilowatt hours
2024-06,MAT,Middle Atlantic,COM,commercial,2440542,16.2,2035.76241,12569.3853,number of customers,cents per kilowatt-hour,million dollars,million kilowatt hours
2024-06,MAT,Middle Atlantic,IND,industrial,39366,8.56,500.10848,5843.06336,number of customers,cents per kilowatt-hour,million dollars,million kilowatt hours
2024-06,MAT,Middle Atlantic,OTH,other,,,,,number of customers,cents per kilowatt-hour,million dollars,million kilowatt hours
2024-06,MAT,Middle Atlantic,RES,residential,16683160,20.74,2554.60921,12315.85368,number of customers,cents per kilowatt-hour,million dollars,million kilowatt hours
2024-06,MAT,Middle Atlantic,TRA,transportation,18,13.79,40.76787,295.65188,number of customers,cents per kilowatt-hour,million dollars,million kilowatt hours
2024-06,MD,Maryland,ALL,all sectors,2720009,14.76,790.38709,5353.8048,number of customers,cents per kilowatt-hour,million dollars,million kilowatt hours
2024-06,MD,Maryland,COM,commercial,261588,12.87,324.48104,2521.02003,number of customers,cents per kilowatt-hour,million dollars,million kilowatt hours
2024-06,MD,Maryland,IND,industrial,9276,9.52,30.21876,317.43598,number of customers,cents per kilowatt-hour,million dollars,million kilowatt hours
2024-06,MD,Maryland,OTH,other,,,,,number of customers,cents per kilowatt-hour,million dollars,million kilowatt hours
2024-06,MD,Maryland,RES,residential,2449140,17.41,431.4464,2478.24563,number of customers,cents per kilowatt-hour,million dollars,million kilowatt hours
2024-06,MD,Maryland,TRA,transportation,5,11.43,4.2409,37.10316,number of customers,cents per kilowatt-hour,million dollars,million kilowatt hours
2024-06,ME,Maine,ALL,all sectors,838475,18.13,159.66372,880.67322,number of customers,cents per kilowatt-hour,million dollars,million kilowatt hours
2024-06,ME,Maine,COM,commercial,109032,17.36,56.81163,327.28214,number of customers,cents per kilowatt-hour,million dollars,million kilowatt hours
2024-06,ME,Maine,IND,industrial,1948,11.65,22.8791,196.43378,number of customers,cents per kilowatt-hour,million dollars,million kilowatt hours
2024-06,ME,Maine,OTH,other,,,,,number of customers,cents per kilowatt-hour,million dollars,million kilowatt hours
2024-06,ME,Maine,RES,residential,727495,22.4,79.97299,356.9573,number of customers,cents per kilowatt-hour,million dollars,million kilowatt hours
2024-06,ME,Maine,TRA,transportation,0,0,0,0,number of customers,cents per kilowatt-hour,million dollars,million kilowatt hours
2024-06,MI,Michigan,ALL,all sectors,5082218,14.89,1313.37066,8820.8279,number of customers,cents per kilowatt-hour,million dollars,million kilowatt hours
2024-06,MI,Michigan,COM,commercial,564500,14.61,479.92465,3285.36939,number of customers,cents per kilowatt-hour,million dollars,million kilowatt hours
2024-06,MI,Michigan,IND,industrial,5808,8.52,202.6143,2378.81423,number of customers,cents per kilowatt-hour,million dollars,million kilowatt hours
2024-06,MI,Michigan,OTH,other,,,,,number of customers,cents per kilowatt-hour,million dollars,million kilowatt hours
2024-06,MI,Michigan,RES,residential,4511908,19.99,630.7652,3156.16691,number of customers,cents per kilowatt-hour,million dollars,million kilowatt hours
2024-06,MI,Michigan,TRA,transportation,2,13.93,.06652,.47737,number of customers,cents per kilowatt-hour,million dollars,million kilowatt hours
2024-06,MN,Minnesota,ALL,all sectors,2893750,13.17,691.07535,5246.52379,number of customers,cents per kilowatt-hour,million dollars,million kilowatt hours
2024-06,MN,Minnesota,COM,commercial,308013,13.28,246.88537,1859.11571,number of customers,cents per kilowatt-hour,million dollars,million kilowatt hours
2024-06,MN,Minnesota,IND,industrial,9609,9.53,157.65773,1654.69009,number of customers,cents per kilowatt-hour,million dollars,million kilowatt hours
2024-06,MN,Minnesota,OTH,other,,,,,number of customers,cents per kilowatt-hour,million dollars,million kilowatt hours
2024-06,MN,Minnesota,RES,residential,2576127,16.54,286.37635,1731.57919,number of customers,cents per kilowatt-hour,million dollars,million kilowatt hours
2024-06,MN,Minnesota,TRA,transportation,1,13.69,.1559,1.1388,number of customers,cents per kilowatt-hour,million dollars,million kilowatt hours
2024-06,MO,Missouri,ALL,all sectors,3344679,12.6,920.13301,7304.46477,number of customers,cents per kilowatt-hour,million dollars,million kilowatt hours
2024-06,MO,Missouri,COM,commercial,403477,11.68,318.26003,2725.87895,number of customers,cents per kilowatt-hour,million dollars,million kilowatt hours
2024-06,MO,Missouri,IND,industrial,9289,8.8,97.64715,1110.12047,number of customers,cents per kilowatt-hour,million dollars,million kilowatt hours
2024-06,MO,Missouri,OTH,other,,,,,number of customers,cents per kilowatt-hour,million dollars,million kilowatt hours
2024-06,MO,Missouri,RES,residential,2931911,14.54,504.05452,3466.73098,number of customers,cents per kilowatt-hour,million dollars,million kilowatt hours
2024-06,MO,Missouri,TRA,transportation,2,9.88,.17131,1.73438,number of customers,cents per kilowatt-hour,million dollars,million kilowatt hours
2024-06,MS,Mississippi,ALL,all sectors,1599903,11.08,490.54258,4427.19799,number of customers,cents per kilowatt-hour,million dollars,million kilowatt hours
2024-06,MS,Mississippi,COM,commercial,246328,12.27,160.52105,1308.28862,number of customers,cents per kilowatt-hour,million dollars,million kilowatt hours
2024-06,MS,Mississippi,IND,industrial,12968,6.89,91.79375,1333.09632,number of customers,cents per kilowatt-hour,million dollars,million kilowatt hours
2024-06,MS,Mississippi,OTH,other,,,,,number of customers,cents per kilowatt-hour,million dollars,million kilowatt hours
2024-06,MS,Mississippi,RES,residential,1340607,13.34,238.22778,1785.81305,number of customers,cents per kilowatt-hour,million dollars,million kilowatt hours
2024-06,MS,Mississippi,TRA,transportation,0,0,0,0,number of customers,cents per kilowatt-hour,million dollars,million kilowatt hours
2024-06,MT,Montana,ALL,all sectors,687191,10.83,130.18876,1202.35093,number of customers,cents per kilowatt-hour,million dollars,million kilowatt hours
2024-06,MT,Montana,COM,commercial,117590,12.5,48.97442,391.66418,number of customers,cents per kilowatt-hour,million dollars,million kilowatt hours
2024-06,MT,Montana,IND,industrial,13056,6.99,30.54981,436.988,number of customers,cents per kilowatt-hour,million dollars,million kilowatt hours
2024-06,MT,Montana,OTH,other,,,,,number of customers,cents per kilowatt-hour,million dollars,million kilowatt hours
2024-06,MT,Montana,RES,residential,556545,13.56,50.66454,373.69875,number of customers,cents per kilowatt-hour,million dollars,million kilowatt hours
2024-06,MT,Montana,TRA,transportation,0,0,0,0,number of customers,cents per kilowatt-hour,million dollars,million kilowatt hours
2024-06,MTN,Mountain,ALL,all sectors,12535528,11.87,3514.76792,29611.4413,number of customers,cents per kilowatt-hour,million dollars,million kilowatt hours
2024-06,MTN,Mountain,COM,commercial,1524968,11.57,1171.76462,10125.815,number of customers,cents per kilowatt-hour,million dollars,million kilowatt hours
2024-06,MTN,Mountain,IND,industrial,102622,8.34,648.41702,7774.88019,number of customers,cents per kilowatt-hour,million dollars,million kilowatt hours
2024-06,MTN,Mountain,OTH,other,,,,,number of customers,cents per kilowatt-hour,million dollars,million kilowatt hours
2024-06,MTN,Mountain,RES,residential,10907933,14.48,1693.07502,11695.03665,number of customers,cents per kilowatt-hour,million dollars,million kilowatt hours
2024-06,MTN,Mountain,TRA,transportation,5,9.62,1.51127,15.70947,number of customers,cents per kilowatt-hour,million dollars,million kilowatt hours
2024-06,NC,North Carolina,ALL,all sectors,5822017,11.27,1437.69538,12753.75091,number of customers,cents per kilowatt-hour,million dollars,million kilowatt hours
2024-06,NC,North Carolina,COM,commercial,750989,10.23,468.56341,4580.75233,number of customers,cents per kilowatt-hour,million dollars,million kilowatt hours
2024-06,NC,North Carolina,IND,industrial,9003,7.69,173.85427,2260.87322,number of customers,cents per kilowatt-hour,million dollars,million kilowatt hours
2024-06,NC,North Carolina,OTH,other,,,,,number of customers,cents per kilowatt-hour,million dollars,million kilowatt hours
2024-06,NC,North Carolina,RES,residential,5062024,13.45,795.17143,5911.1282,number of customers,cents per kilowatt-hour,million dollars,million kilowatt hours
2024-06,NC,North Carolina,TRA,transportation,1,10.66,.10627,.99716,number of customers,cents per kilowatt-hour,million dollars,million kilowatt hours
2024-06,ND,North Dakota,ALL,all sectors,485266,8.15,186.88357,2291.88754,number of customers,cents per kilowatt-hour,million dollars,million kilowatt hours
2024-06,ND,North Dakota,COM,commercial,77125,7.3,65.61057,899.28778,number of customers,cents per kilowatt-hour,million dollars,million kilowatt hours
2024-06,ND,North Dakota,IND,industrial,10921,7.36,80.68606,1095.65787,number of customers,cents per kilowatt-hour,million dollars,million kilowatt hours
2024-06,ND,North Dakota,OTH,other,,,,,number of customers,cents per kilowatt-hour,million dollars,million kilowatt hours
2024-06,ND,North Dakota,RES,residential,397220,13.67,40.58694,296.94189,number of customers,cents per kilowatt-hour,million dollars,million kilowatt hours
2024-06,ND,North Dakota,TRA,transportation,0,0,0,0,number of customers,cents per kilowatt-hour,million dollars,million kilowatt hours
2024-06,NE,Nebraska,ALL,all sectors,1131840,9.83,292.63835,2977.15405,number of customers,cents per kilowatt-hour,million dollars,million kilowatt hours
2024-06,NE,Nebraska,COM,commercial,161486,9.01,99.23919,1101.57052,number of customers,cents per kilowatt-hour,million dollars,million kilowatt hours
2024-06,NE,Nebraska,IND,industrial,67473,8.35,85.94656,1029.24875,number of customers,cents per kilowatt-hour,million dollars,million kilowatt hours
2024-06,NE,Nebraska,OTH,other,,,,,number of customers,cents per kilowatt-hour,million dollars,million kilowatt hours
2024-06,NE,Nebraska,RES,residential,902881,12.7,107.4526,846.33478,number of customers,cents per kilowatt-hour,million dollars,million kilowatt hours
2024-06,NE,Nebraska,TRA,transportation,0,0,0,0,number of customers,cents per kilowatt-hour,million dollars,million kilowatt hours
2024-06,NEW,New England,ALL,all sectors,7511766,21.8,2054.99873,9426.67742,number of customers,cents per kilowatt-hour,million dollars,million kilowatt hours
2024-06,NEW,New England,COM,commercial,940082,19.78,828.48711,4187.90496,number of customers,cents per kilowatt-hour,million dollars,million kilowatt hours
2024-06,NEW,New England,IND,industrial,20831,15.08,187.24568,1241.30443,number of customers,cents per kilowatt-hour,million dollars,million kilowatt hours
2024-06,NEW,New England,OTH,other,,,,,number of customers,cents per kilowatt-hour,million dollars,million kilowatt hours
2024-06,NEW,New England,RES,residential,6550847,26.14,1034.19719,3956.15088,number of customers,cents per kilowatt-hour,million dollars,million kilowatt hours
2024-06,NEW,New England,TRA,transportation,6,12.27,5.06876,41.31716,number of customers,cents per kilowatt-hour,million dollars,million kilowatt hours
2024-06,NH,New Hampshire,ALL,all sectors,769031,19.89,185.53403,932.85533,number of customers,cents per kilowatt-hour,million dollars,million kilowatt hours
2024-06,NH,New Hampshire,COM,commercial,112384,18.94,68.30232,360.69937,number of customers,cents per kilowatt-hour,million dollars,million kilowatt hours
2024-06,NH,New Hampshire,IND,industrial,3120,16.02,28.59967,178.55587,number of customers,cents per kilowatt-hour,million dollars,million kilowatt hours
2024-06,NH,New Hampshire,OTH,other,,,,,number of customers,cents per kilowatt-hour,million dollars,million kilowatt hours
2024-06,NH,New Hampshire,RES,residential,653527,22.52,88.63205,393.60009,number of customers,cents per kilowatt-hour,million dollars,million kilowatt hours
2024-06,NH,New Hampshire,TRA,transportation,0,0,0,0,number of customers,cents per kilowatt-hour,million dollars,million kilowatt hours
2024-06,NJ,New Jersey,ALL,all sectors,4288414,17.21,1238.22,7194.79401,number of customers,cents per kilowatt-hour,million dollars,million kilowatt hours
2024-06,NJ,New Jersey,COM,commercial,538154,15.37,508.57379,3308.23662,number of customers,cents per kilowatt-hour,million dollars,million kilowatt hours
2024-06,NJ,New Jersey,IND,industrial,11262,12.05,62.37311,517.43472,number of customers,cents per kilowatt-hour,million dollars,million kilowatt hours
2024-06,NJ,New Jersey,OTH,other,,,,,number of customers,cents per kilowatt-hour,million dollars,million kilowatt hours
2024-06,NJ,New Jersey,RES,residential,3738991,19.9,663.63405,3334.86232,number of customers,cents per kilowatt-hour,million dollars,million kilowatt hours
2024-06,NJ,New Jersey,TRA,transportation,7,10.62,3.63905,34.26035,number of customers,cents per kilowatt-hour,million dollars,million kilowatt hours
2024-06,NM,New Mexico,ALL,all sectors,1091017,9.64,259.43493,2690.96518,number of customers,cents per kilowatt-hour,million dollars,million kilowatt hours
2024-06,NM,New Mexico,COM,commercial,147463,11.09,95.53834,861.52311,number of customers,cents per kilowatt-hour,million dollars,million kilowatt hours
2024-06,NM,New Mexico,IND,industrial,9408,5.43,58.80299,1082.07383,number of customers,cents per kilowatt-hour,million dollars,million kilowatt hours
2024-06,NM,New Mexico,OTH,other,,,,,number of customers,cents per kilowatt-hour,million dollars,million kilowatt hours
2024-06,NM,New Mexico,RES,residential,934146,14.06,105.09359,747.36823,number of customers,cents per kilowatt-hour,million dollars,million kilowatt hours
2024-06,NM,New Mexico,TRA,transportation,0,0,0,0,number of customers,cents per kilowatt-hour,million dollars,million kilowatt hours
2024-06,NV,Nevada,ALL,all sectors,1495154,12.87,538.81356,4186.9901,number of customers,cents per kilowatt-hour,million dollars,million kilowatt hours
2024-06,NV,Nevada,COM,commercial,177236,10.82,145.14197,1341.66153,number of customers,cents per kilowatt-hour,million dollars,million kilowatt hours
2024-06,NV,Nevada,IND,industrial,4960,11.03,116.93646,1059.76708,number of customers,cents per kilowatt-hour,million dollars,million kilowatt hours
2024-06,NV,Nevada,OTH,other,,,,,number of customers,cents per kilowatt-hour,million dollars,million kilowatt hours
2024-06,NV,Nevada,RES,residential,1312957,15.5,276.65413,1784.87277,number of customers,cents per kilowatt-hour,million dollars,million kilowatt hours
2024-06,NV,Nevada,TRA,transportation,1,11.76,.081,.68872,number of customers,cents per kilowatt-hour,million dollars,million kilowatt hours
2024-06,NY,New York,ALL,all sectors,8589582,20.15,2430.889,12066.78678,number of customers,cents per kilowatt-hour,million dollars,million kilowatt hours
2024-06,NY,New York,COM,commercial,1160605,19.42,1191.12096,6134.87936,number of customers,cents per kilowatt-hour,million dollars,million kilowatt hours
2024-06,NY,New York,IND,industrial,16472,9.59,126.23687,1315.968,number of customers,cents per kilowatt-hour,million dollars,million kilowatt hours
2024-06,NY,New York,OTH,other,,,,,number of customers,cents per kilowatt-hour,million dollars,million kilowatt hours
2024-06,NY,New York,RES,residential,7412499,24.6,1079.73579,4388.93585,number of customers,cents per kilowatt-hour,million dollars,million kilowatt hours
2024-06,NY,New York,TRA,transportation,6,14.89,33.79538,227.00358,number of customers,cents per kilowatt-hour,million dollars,million kilowatt hours
2024-06,OH,Ohio,ALL,all sectors,5784847,11.28,1524.94172,13520.57609,number of customers,cents per kilowatt-hour,million dollars,million kilowatt hours
2024-06,OH,Ohio,COM,commercial,627368,10.46,467.89813,4474.49069,number of customers,cents per kilowatt-hour,million dollars,million kilowatt hours
2024-06,OH,Ohio,IND,industrial,18118,7.03,298.99655,4255.5169,number of customers,cents per kilowatt-hour,million dollars,million kilowatt hours
2024-06,OH,Ohio,OTH,other,,,,,number of customers,cents per kilowatt-hour,million dollars,million kilowatt hours
2024-06,OH,Ohio,RES,residential,5139359,15.83,757.89133,4788.34842,number of customers,cents per kilowatt-hour,million dollars,million kilowatt hours
2024-06,OH,Ohio,TRA,transportation,2,7.01,.15572,2.22008,number of customers,cents per kilowatt-hour,million dollars,million kilowatt hours
2024-06,OK,Oklahoma,ALL,all sectors,2195104,9.59,649.47642,6774.34687,number of customers,cents per kilowatt-hour,million dollars,million kilowatt hours
2024-06,OK,Oklahoma,COM,commercial,298244,9.56,223.44085,2337.39391,number of customers,cents per kilowatt-hour,million dollars,million kilowatt hours
2024-06,OK,Oklahoma,IND,industrial,20198,6.19,118.18922,1909.2009,number of customers,cents per kilowatt-hour,million dollars,million kilowatt hours
2024-06,OK,Oklahoma,OTH,other,,,,,number of customers,cents per kilowatt-hour,million dollars,million kilowatt hours
2024-06,OK,Oklahoma,RES,residential,1876662,12.18,307.84635,2527.75207,number of customers,cents per kilowatt-hour,million dollars,million kilowatt hours
2024-06,OK,Oklahoma,TRA,transportation,0,0,0,0,number of customers,cents per kilowatt-hour,million dollars,million kilowatt hours
2024-06,OR,Oregon,ALL,all sectors,2140168,11.03,506.22045,4587.57054,number of customers,cents per kilowatt-hour,million dollars,million kilowatt hours
2024-06,OR,Oregon,COM,commercial,247523,10.2,201.85273,1978.05016,number of customers,cents per kilowatt-hour,million dollars,million kilowatt hours
2024-06,OR,Oregon,IND,industrial,26930,7.98,102.173,1279.57552,number of customers,cents per kilowatt-hour,million dollars,million kilowatt hours
2024-06,OR,Oregon,OTH,other,,,,,number of customers,cents per kilowatt-hour,million dollars,million kilowatt hours
2024-06,OR,Oregon,RES,residential,1865713,15.21,201.9536,1328.01988,number of customers,cents per kilowatt-hour,million dollars,million kilowatt hours
2024-06,OR,Oregon,TRA,transportation,2,12.53,.24112,1.92499,number of customers,cents per kilowatt-hour,million dollars,million kilowatt hours
2024-06,PA,Pennsylvania,ALL,all sectors,6285090,12.43,1462.13896,11762.37344,number of customers,cents per kilowatt-hour,million dollars,million kilowatt hours
2024-06,PA,Pennsylvania,COM,commercial,741783,10.75,336.06765,3126.26932,number of customers,cents per kilowatt-hour,million dollars,million kilowatt hours
2024-06,PA,Pennsylvania,IND,industrial,11632,7.77,311.4985,4009.66065,number of customers,cents per kilowatt-hour,million dollars,million kilowatt hours
2024-06,PA,Pennsylvania,OTH,other,,,,,number of customers,cents per kilowatt-hour,million dollars,million kilowatt hours
2024-06,PA,Pennsylvania,RES,residential,5531670,17.67,811.23937,4592.05552,number of customers,cents per kilowatt-hour,million dollars,million kilowatt hours
2024-06,PA,Pennsylvania,TRA,transportation,5,9.69,3.33344,34.38795,number of customers,cents per kilowatt-hour,million dollars,million kilowatt hours
2024-06,PACC,Pacific Contiguous,ALL,all sectors,21758743,21.54,6783.24887,31494.80217,number of customers,cents per kilowatt-hour,million dollars,million kilowatt hours
2024-06,PACC,Pacific Contiguous,COM,commercial,2393177,20.87,2971.82774,14241.93518,number of customers,cents per kilowatt-hour,million dollars,million kilowatt hours
2024-06,PACC,Pacific Contiguous,IND,industrial,193410,16.05,1079.95325,6730.35538,number of customers,cents per kilowatt-hour,million dollars,million kilowatt hours
2024-06,PACC,Pacific Contiguous,OTH,other,,,,,number of customers,cents per kilowatt-hour,million dollars,million kilowatt hours
2024-06,PACC,Pacific Contiguous,RES,residential,19172136,26.02,2720.78728,10455.75765,number of customers,cents per kilowatt-hour,million dollars,million kilowatt hours
2024-06,PACC,Pacific Contiguous,TRA,transportation,20,16,10.6806,66.75396,number of customers,cents per kilowatt-hour,million dollars,million kilowatt hours
2024-06,PACN,Pacific Noncontiguous,ALL,all sectors,862163,31.97,382.26283,1195.68317,number of customers,cents per kilowatt-hour,million dollars,million kilowatt hours
2024-06,PACN,Pacific Noncontiguous,COM,commercial,116616,30.46,132.84265,436.08655,number of customers,cents per kilowatt-hour,million dollars,million kilowatt hours
2024-06,PACN,Pacific Noncontiguous,IND,industrial,2018,29.96,119.66247,399.43372,number of customers,cents per kilowatt-hour,million dollars,million kilowatt hours
2024-06,PACN,Pacific Noncontiguous,OTH,other,,,,,number of customers,cents per kilowatt-hour,million dollars,million kilowatt hours
2024-06,PACN,Pacific Noncontiguous,RES,residential,743529,36.03,129.75771,360.1629,number of customers,cents per kilowatt-hour,million dollars,million kilowatt hours
2024-06,PACN,Pacific Noncontiguous,TRA,transportation,0,0,0,0,number of customers,cents per kilowatt-hour,million dollars,million kilowatt hours
2024-06,RI,Rhode Island,ALL,all sectors,516697,22.39,141.99722,634.30853,number of customers,cents per kilowatt-hour,million dollars,million kilowatt hours
2024-06,RI,Rhode Island,COM,commercial,63387,19.44,64.54583,331.94468,number of customers,cents per kilowatt-hour,million dollars,million kilowatt hours
2024-06,RI,Rhode Island,IND,industrial,1616,18.99,11.23867,59.19432,number of customers,cents per kilowatt-hour,million dollars,million kilowatt hours
2024-06,RI,Rhode Island,OTH,other,,,,,number of customers,cents per kilowatt-hour,million dollars,million kilowatt hours
2024-06,RI,Rhode Island,RES,residential,451693,27.27,65.80596,241.29404,number of customers,cents per kilowatt-hour,million dollars,million kilowatt hours
2024-06,RI,Rhode Island,TRA,transportation,1,21.69,.40675,1.87549,number of customers,cents per kilowatt-hour,million dollars,million kilowatt hours
2024-06,SAT,South Atlantic,ALL,all sectors,34827291,12.08,9860.47842,81656.6997,number of customers,cents per kilowatt-hour,million dollars,million kilowatt hours
2024-06,SAT,South Atlantic,COM,commercial,4045383,10.66,3470.57635,32552.85097,number of customers,cents per kilowatt-hour,million dollars,million kilowatt hours
2024-06,SAT,South Atlantic,IND,industrial,89806,8.11,933.58824,11508.98006,number of customers,cents per kilowatt-hour,million dollars,million kilowatt hours
2024-06,SAT,South Atlantic,OTH,other,,,,,number of customers,cents per kilowatt-hour,million dollars,million kilowatt hours
2024-06,SAT,South Atlantic,RES,residential,30692089,14.53,5445.94012,37489.38809,number of customers,cents per kilowatt-hour,million dollars,million kilowatt hours
2024-06,SAT,South Atlantic,TRA,transportation,13,9.83,10.37371,105.48059,number of customers,cents per kilowatt-hour,million dollars,million kilowatt hours
2024-06,SC,South Carolina,ALL,all sectors,3054917,11.04,854.83778,7739.86336,number of customers,cents per kilowatt-hour,million dollars,million kilowatt hours
2024-06,SC,South Carolina,COM,commercial,420771,10.65,256.349,2406.55229,number of customers,cents per kilowatt-hour,million dollars,million kilowatt hours
2024-06,SC,South Carolina,IND,industrial,3682,7.02,145.50537,2073.93318,number of customers,cents per kilowatt-hour,million dollars,million kilowatt hours
2024-06,SC,South Carolina,OTH,other,,,,,number of customers,cents per kilowatt-hour,million dollars,million kilowatt hours
2024-06,SC,South Carolina,RES,residential,2630464,13.9,452.98342,3259.37789,number of customers,cents per kilowatt-hour,million dollars,million kilowatt hours
2024-06,SC,South Carolina,TRA,transportation,0,0,0,0,number of customers,cents per kilowatt-hour,million dollars,million kilowatt hours
2024-06,SD,South Dakota,ALL,all sectors,514977,11.38,121.94199,1071.26101,number of customers,cents per kilowatt-hour,million dollars,million kilowatt hours
2024-06,SD,South Dakota,COM,commercial,78166,11.07,46.10313,416.64878,number of customers,cents per kilowatt-hour,million dollars,million kilowatt hours
2024-06,SD,South Dakota,IND,industrial,4376,8.48,24.05378,283.67118,number of customers,cents per kilowatt-hour,million dollars,million kilowatt hours
2024-06,SD,South Dakota,OTH,other,,,,,number of customers,cents per kilowatt-hour,million dollars,million kilowatt hours
2024-06,SD,South Dakota,RES,residential,432435,13.96,51.78507,370.94105,number of customers,cents per kilowatt-hour,million dollars,million kilowatt hours
2024-06,SD,South Dakota,TRA,transportation,0,0,0,0,number of customers,cents per kilowatt-hour,million dollars,million kilowatt hours
2024-06,TN,Tennessee,ALL,all sectors,3713472,10.85,970.46673,8941.4919,number of customers,cents per kilowatt-hour,million dollars,million kilowatt hours
2024-06,TN,Tennessee,COM,commercial,542294,12.03,387.83219,3224.45143,number of customers,cents per kilowatt-hour,million dollars,million kilowatt hours
2024-06,TN,Tennessee,IND,industrial,1001,6.09,121.08647,1987.08837,number of customers,cents per kilowatt-hour,million dollars,million kilowatt hours
2024-06,TN,Tennessee,OTH,other,,,,,number of customers,cents per kilowatt-hour,million dollars,million kilowatt hours
2024-06,TN,Tennessee,RES,residential,3170177,12.37,461.54808,3729.9521,number of customers,cents per kilowatt-hour,million dollars,million kilowatt hours
2024-06,TN,Tennessee,TRA,transportation,0,0,0,0,number of customers,cents per kilowatt-hour,million dollars,million kilowatt hours
2024-06,TX,Texas,ALL,all sectors,14502998,10.1,4710.27106,46615.2822,number of customers,cents per kilowatt-hour,million dollars,million kilowatt hours
2024-06,TX,Texas,COM,commercial,1551549,8.79,1255.21232,14278.92156,number of customers,cents per kilowatt-hour,million dollars,million kilowatt hours
2024-06,TX,Texas,IND,industrial,377429,6.34,964.5761,15220.99708,number of customers,cents per kilowatt-hour,million dollars,million kilowatt hours
2024-06,TX,Texas,OTH,other,,,,,number of customers,cents per kilowatt-hour,million dollars,million kilowatt hours
2024-06,TX,Texas,RES,residential,12574017,14.55,2490.44615,17114.45145,number of customers,cents per kilowatt-hour,million dollars,million kilowatt hours
2024-06,TX,Texas,TRA,transportation,3,4,.03649,.91213,number of customers,cents per kilowatt-hour,million dollars,million kilowatt hours
2024-06,US,U.S. Total,ALL,all sectors,163343870,13.14,46760.89821,355881.96752,number of customers,cents per kilowatt-hour,million dollars,million kilowatt hours
2024-06,US,U.S. Total,COM,commercial,19427774,12.89,16498.42476,127949.05253,number of customers,cents per kilowatt-hour,million dollars,million kilowatt hours
2024-06,US,U.S. Total,IND,industrial,1119460,8.41,7434.11444,88445.98477,number of customers,cents per kilowatt-hour,million dollars,million kilowatt hours
2024-06,US,U.S. Total,OTH,other,,,,,number of customers,cents per kilowatt-hour,million dollars,million kilowatt hours
2024-06,US,U.S. Total,RES,residential,142796555,16.38,22756.50856,138920.46024,number of customers,cents per kilowatt-hour,million dollars,million kilowatt hours
2024-06,US,U.S. Total,TRA,transportation,81,12.68,71.85044,566.46998,number of customers,cents per kilowatt-hour,million dollars,million kilowatt hours
2024-06,UT,Utah,ALL,all sectors,1429208,9.58,313.17441,3269.35971,number of customers,cents per kilowatt-hour,million dollars,million kilowatt hours
2024-06,UT,Utah,COM,commercial,145772,8.91,116.92941,1312.71366,number of customers,cents per kilowatt-hour,million dollars,million kilowatt hours
2024-06,UT,Utah,IND,industrial,10896,7.14,54.43024,762.76798,number of customers,cents per kilowatt-hour,million dollars,million kilowatt hours
2024-06,UT,Utah,OTH,other,,,,,number of customers,cents per kilowatt-hour,million dollars,million kilowatt hours
2024-06,UT,Utah,RES,residential,1272539,11.88,141.28237,1189.45015,number of customers,cents per kilowatt-hour,million dollars,million kilowatt hours
2024-06,UT,Utah,TRA,transportation,1,12.02,.5324,4.42793,number of customers,cents per kilowatt-hour,million dollars,million kilowatt hours
2024-06,VA,Virginia,ALL,all sectors,4100428,11.05,1392.44797,12598.2016,number of customers,cents per kilowatt-hour,million dollars,million kilowatt hours
2024-06,VA,Virginia,COM,commercial,445446,9.01,647.65858,7184.68331,number of customers,cents per kilowatt-hour,million dollars,million kilowatt hours
2024-06,VA,Virginia,IND,industrial,3793,9.07,108.06401,1191.78324,number of customers,cents per kilowatt-hour,million dollars,million kilowatt hours
2024-06,VA,Virginia,OTH,other,,,,,number of customers,cents per kilowatt-hour,million dollars,million kilowatt hours
2024-06,VA,Virginia,RES,residential,3651188,15.1,635.1233,4205.07463,number of customers,cents per kilowatt-hour,million dollars,million kilowatt hours
2024-06,VA,Virginia,TRA,transportation,1,9.62,1.60208,16.66043,number of customers,cents per kilowatt-hour,million dollars,million kilowatt hours
2024-06,VT,Vermont,ALL,all sectors,389345,18.31,81.67198,445.97014,number of customers,cents per kilowatt-hour,million dollars,million kilowatt hours
2024-06,VT,Vermont,COM,commercial,64243,18.9,31.49327,166.66251,number of customers,cents per kilowatt-hour,million dollars,million kilowatt hours
2024-06,VT,Vermont,IND,industrial,239,11.66,12.25653,105.07225,number of customers,cents per kilowatt-hour,million dollars,million kilowatt hours
2024-06,VT,Vermont,OTH,other,,,,,number of customers,cents per kilowatt-hour,million dollars,million kilowatt hours
2024-06,VT,Vermont,RES,residential,324863,21.76,37.92219,174.23538,number of customers,cents per kilowatt-hour,million dollars,million kilowatt hours
2024-06,VT,Vermont,TRA,transportation,0,0,0,0,number of customers,cents per kilowatt-hour,million dollars,million kilowatt hours
2024-06,WA,Washington,ALL,all sectors,3771129,9.92,650.90238,6563.27901,number of customers,cents per kilowatt-hour,million dollars,million kilowatt hours
2024-06,WA,Washington,COM,commercial,402693,9.68,252.84,2613.13873,number of customers,cents per kilowatt-hour,million dollars,million kilowatt hours
2024-06,WA,Washington,IND,industrial,26461,6.36,94.13402,1480.03044,number of customers,cents per kilowatt-hour,million dollars,million kilowatt hours
2024-06,WA,Washington,OTH,other,,,,,number of customers,cents per kilowatt-hour,million dollars,million kilowatt hours
2024-06,WA,Washington,RES,residential,3341970,12.31,303.04105,2462.5833,number of customers,cents per kilowatt-hour,million dollars,million kilowatt hours
2024-06,WA,Washington,TRA,transportation,5,11.79,.88732,7.52655,number of customers,cents per kilowatt-hour,million dollars,million kilowatt hours
2024-06,WI,Wisconsin,ALL,all sectors,3215957,13.12,767.14452,5845.58049,number of customers,cents per kilowatt-hour,million dollars,million kilowatt hours
2024-06,WI,Wisconsin,COM,commercial,369092,12.89,260.14007,2018.10073,number of customers,cents per kilowatt-hour,million dollars,million kilowatt hours
2024-06,WI,Wisconsin,IND,industrial,5789,8.99,174.42347,1940.08427,number of customers,cents per kilowatt-hour,million dollars,million kilowatt hours
2024-06,WI,Wisconsin,OTH,other,,,,,number of customers,cents per kilowatt-hour,million dollars,million kilowatt hours
2024-06,WI,Wisconsin,RES,residential,2841074,17.62,332.55892,1887.27563,number of customers,cents per kilowatt-hour,million dollars,million kilowatt hours
2024-06,WI,Wisconsin,TRA,transportation,2,18.41,.02207,.11987,number of customers,cents per kilowatt-hour,million dollars,million kilowatt hours
2024-06,WNC,West North Central,ALL,all sectors,11662963,11.53,3184.48002,27622.3015,number of customers,cents per kilowatt-hour,million dollars,million kilowatt hours
2024-06,WNC,West North Central,COM,commercial,1524421,11.17,1070.27846,9582.31826,number of customers,cents per kilowatt-hour,million dollars,million kilowatt hours
2024-06,WNC,West North Central,IND,industrial,135680,8.44,717.39878,8503.1839,number of customers,cents per kilowatt-hour,million dollars,million kilowatt hours
2024-06,WNC,West North Central,OTH,other,,,,,number of customers,cents per kilowatt-hour,million dollars,million kilowatt hours
2024-06,WNC,West North Central,RES,residential,10002859,14.65,1396.47557,9533.92617,number of customers,cents per kilowatt-hour,million dollars,million kilowatt hours
2024-06,WNC,West North Central,TRA,transportation,3,11.39,.32721,2.87317,number of customers,cents per kilowatt-hour,million dollars,million kilowatt hours
2024-06,WSC,West South Central,ALL,all sectors,20886825,9.84,6558.79952,66678.89378,number of customers,cents per kilowatt-hour,million dollars,million kilowatt hours
2024-06,WSC,West South Central,COM,commercial,2357544,9.07,1807.70976,19932.10072,number of customers,cents per kilowatt-hour,million dollars,million kilowatt hours
2024-06,WSC,West South Central,IND,industrial,454824,6.2,1379.47716,22261.94186,number of customers,cents per kilowatt-hour,million dollars,million kilowatt hours
2024-06,WSC,West South Central,OTH,other,,,,,number of customers,cents per kilowatt-hour,million dollars,million kilowatt hours
2024-06,WSC,West South Central,RES,residential,18074451,13.77,3371.46641,24482.97878,number of customers,cents per kilowatt-hour,million dollars,million kilowatt hours
2024-06,WSC,West South Central,TRA,transportation,6,7.81,.14619,1.87242,number of customers,cents per kilowatt-hour,million dollars,million kilowatt hours
2024-06,WV,West Virginia,ALL,all sectors,1028197,11.1,299.6198,2699.81795,number of customers,cents per kilowatt-hour,million dollars,million kilowatt hours
2024-06,WV,West Virginia,COM,commercial,151850,11.57,76.82006,664.15819,number of customers,cents per kilowatt-hour,million dollars,million kilowatt hours
2024-06,WV,West Virginia,IND,industrial,10982,7.85,94.82112,1207.54873,number of customers,cents per kilowatt-hour,million dollars,million kilowatt hours
2024-06,WV,West Virginia,OTH,other,,,,,number of customers,cents per kilowatt-hour,million dollars,million kilowatt hours
2024-06,WV,West Virginia,RES,residential,865365,15.45,127.97862,828.11104,number of customers,cents per kilowatt-hour,million dollars,million kilowatt hours
2024-06,WV,West Virginia,TRA,transportation,0,0,0,0,number of customers,cents per kilowatt-hour,million dollars,million kilowatt hours
2024-06,WY,Wyoming,ALL,all sectors,357190,8.9,123.99539,1393.55622,number of customers,cents per kilowatt-hour,million dollars,million kilowatt hours
2024-06,WY,Wyoming,COM,commercial,59063,9.25,39.26589,424.71169,number of customers,cents per kilowatt-hour,million dollars,million kilowatt hours
2024-06,WY,Wyoming,IND,industrial,12085,7.63,58.16213,762.419,number of customers,cents per kilowatt-hour,million dollars,million kilowatt hours
2024-06,WY,Wyoming,OTH,other,,,,,number of customers,cents per kilowatt-hour,million dollars,million kilowatt hours
2024-06,WY,Wyoming,RES,residential,286042,12.87,26.56738,206.42553,number of customers,cents per kilowatt-hour,million dollars,million kilowatt hours
2024-06,WY,Wyoming,TRA,transportation,0,0,0,0,number of customers,cents per kilowatt-hour,million dollars,million kilowatt hours
2024-05,AK,Alaska,ALL,all sectors,356235,22.11,103.02121,466.01218,number of customers,cents per kilowatt-hour,million dollars,million kilowatt hours
2024-05,AK,Alaska,COM,commercial,57025,21.16,43.83154,207.18636,number of customers,cents per kilowatt-hour,million dollars,million kilowatt hours
2024-05,AK,Alaska,IND,industrial,1197,19.78,21.72281,109.84823,number of customers,cents per kilowatt-hour,million dollars,million kilowatt hours
2024-05,AK,Alaska,OTH,other,,,,,number of customers,cents per kilowatt-hour,million dollars,million kilowatt hours
2024-05,AK,Alaska,RES,residential,298013,25.15,37.46686,148.97758,number of customers,cents per kilowatt-hour,million dollars,million kilowatt hours
2024-05,AK,Alaska,TRA,transportation,0,0,0,0,number of customers,cents per kilowatt-hour,million dollars,million kilowatt hours
2024-05,AL,Alabama,ALL,all sectors,2791229,11.39,827.38992,7265.72973,number of customers,cents per kilowatt-hour,million dollars,million kilowatt hours
2024-05,AL,Alabama,COM,commercial,390381,13.08,258.88821,1979.11355,number of customers,cents per kilowatt-hour,million dollars,million kilowatt hours
2024-05,AL,Alabama,IND,industrial,7287,7.07,196.00079,2772.49381,number of customers,cents per kilowatt-hour,million dollars,million kilowatt hours
2024-05,AL,Alabama,OTH,other,,,,,number of customers,cents per kilowatt-hour,million dollars,million kilowatt hours
2024-05,AL,Alabama,RES,residential,2393561,14.82,372.50091,2514.12238,number of customers,cents per kilowatt-hour,million dollars,million kilowatt hours
2024-05,AL,Alabama,TRA,transportation,0,0,0,0,number of customers,cents per kilowatt-hour,million dollars,million kilowatt hours
2024-05,AR,Arkansas,ALL,all sectors,1710994,9.06,342.31041,3779.62832,number of customers,cents per kilowatt-hour,million dollars,million kilowatt hours
2024-05,AR,Arkansas,COM,commercial,206230,10.11,95.13728,941.03877,number of customers,cents per kilowatt-hour,million dollars,million kilowatt hours
2024-05,AR,Arkansas,IND,industrial,32831,5.99,97.0138,1619.38241,number of customers,cents per kilowatt-hour,million dollars,million kilowatt hours
2024-05,AR,Arkansas,OTH,other,,,,,number of customers,cents per kilowatt-hour,million dollars,million kilowatt hours
2024-05,AR,Arkansas,RES,residential,1471931,12.32,150.15693,1219.18926,number of customers,cents per kilowatt-hour,million dollars,million kilowatt hours
2024-05,AR,Arkansas,TRA,transportation,2,13.42,.0024,.01789,number of customers,cents per kilowatt-hour,million dollars,million kilowatt hours
2024-05,AZ,Arizona,ALL,all sectors,3475448,13.05,955.64861,7324.66129,number of customers,cents per kilowatt-hour,million dollars,million kilowatt hours
2024-05,AZ,Arizona,COM,commercial,347934,12.73,381.42583,2997.14929,number of customers,cents per kilowatt-hour,million dollars,million kilowatt hours
2024-05,AZ,Arizona,IND,industrial,7607,7.75,95.07289,1226.73134,number of customers,cents per kilowatt-hour,million dollars,million kilowatt hours
2024-05,AZ,Arizona,OTH,other,,,,,number of customers,cents per kilowatt-hour,million dollars,million kilowatt hours
2024-05,AZ,Arizona,RES,residential,3119905,15.45,479.05088,3099.91485,number of customers,cents per kilowatt-hour,million dollars,million kilowatt hours
2024-05,AZ,Arizona,TRA,transportation,2,11.44,.09901,.8658,number of customers,cents per kilowatt-hour,million dollars,million kilowatt hours
2024-05,CA,California,ALL,all sectors,16346354,26.38,4713.08595,17863.14501,number of customers,cents per kilowatt-hour,million dollars,million kilowatt hours
2024-05,CA,California,COM,commercial,1799639,23.8,2148.37534,9027.87148,number of customers,cents per kilowatt-hour,million dollars,million kilowatt hours
2024-05,CA,California,IND,industrial,149502,21.08,746.32162,3541.14943,number of customers,cents per kilowatt-hour,million dollars,million kilowatt hours
2024-05,CA,California,OTH,other,,,,,number of customers,cents per kilowatt-hour,million dollars,million kilowatt hours
2024-05,CA,California,RES,residential,14397201,34.55,1808.82671,5235.22476,number of customers,cents per kilowatt-hour,million dollars,million kilowatt hours
2024-05,CA,California,TRA,transportation,12,16.24,9.56228,58.89934,number of customers,cents per kilowatt-hour,million dollars,million kilowatt hours
2024-05,CO,Colorado,ALL,all sectors,2972576,11.59,503.42619,4342.31516,number of customers,cents per kilowatt-hour,million dollars,million kilowatt hours
2024-05,CO,Colorado,COM,commercial,405777,11.38,185.82412,1632.7202,number of customers,cents per kilowatt-hour,million dollars,million kilowatt hours
2024-05,CO,Colorado,IND,industrial,14685,8.52,107.23273,1258.02709,number of customers,cents per kilowatt-hour,million dollars,million kilowatt hours
2024-05,CO,Colorado,OTH,other,,,,,number of customers,cents per kilowatt-hour,million dollars,million kilowatt hours
2024-05,CO,Colorado,RES,residential,2552113,14.52,209.72401,1444.80779,number of customers,cents per kilowatt-hour,million dollars,million kilowatt hours
2024-05,CO,Colorado,TRA,transportation,1,9.55,.64534,6.76008,number of customers,cents per kilowatt-hour,million dollars,million kilowatt hours
2024-05,CT,Connecticut,ALL,all sectors,1711993,22.06,454.44998,2059.99168,number of customers,cents per kilowatt-hour,million dollars,million kilowatt hours
2024-05,CT,Connecticut,COM,commercial,156883,19.31,183.95853,952.88696,number of customers,cents per kilowatt-hour,million dollars,million kilowatt hours
2024-05,CT,Connecticut,IND,industrial,3889,15.42,32.44153,210.41357,number of customers,cents per kilowatt-hour,million dollars,million kilowatt hours
2024-05,CT,Connecticut,OTH,other,,,,,number of customers,cents per kilowatt-hour,million dollars,million kilowatt hours
2024-05,CT,Connecticut,RES,residential,1551218,26.75,235.31844,879.65058,number of customers,cents per kilowatt-hour,million dollars,million kilowatt hours
2024-05,CT,Connecticut,TRA,transportation,3,16.03,2.73148,17.04057,number of customers,cents per kilowatt-hour,million dollars,million kilowatt hours
2024-05,DC,District of Columbia,ALL,all sectors,345486,16.78,129.80164,773.76627,number of customers,cents per kilowatt-hour,million dollars,million kilowatt hours
2024-05,DC,District of Columbia,COM,commercial,27492,16.94,94.76722,559.50573,number of customers,cents per kilowatt-hour,million dollars,million kilowatt hours
2024-05,DC,District of Columbia,IND,industrial,1,11.31,1.83891,16.26243,number of customers,cents per kilowatt-hour,million dollars,million kilowatt hours
2024-05,DC,District of Columbia,OTH,other,,,,,number of customers,cents per kilowatt-hour,million dollars,million kilowatt hours
2024-05,DC,District of Columbia,RES,residential,317990,17.84,30.67844,171.96937,number of customers,cents per kilowatt-hour,million dollars,million kilowatt hours
2024-05,DC,District of Columbia,TRA,transportation,3,9.67,2.51706,26.02874,number of customers,cents per kilowatt-hour,million dollars,million kilowatt hours
2024-05,DE,Delaware,ALL,all sectors,534757,13.19,107.64987,815.88157,number of customers,cents per kilowatt-hour,million dollars,million kilowatt hours
2024-05,DE,Delaware,COM,commercial,60701,11.45,39.00378,340.79228,number of customers,cents per kilowatt-hour,million dollars,million kilowatt hours
2024-05,DE,Delaware,IND,industrial,1151,8.06,12.07021,149.70993,number of customers,cents per kilowatt-hour,million dollars,million kilowatt hours
2024-05,DE,Delaware,OTH,other,,,,,number of customers,cents per kilowatt-hour,million dollars,million kilowatt hours
2024-05,DE,Delaware,RES,residential,472905,17.39,56.57588,325.37935,number of customers,cents per kilowatt-hour,million dollars,million kilowatt hours
2024-05,DE,Delaware,TRA,transportation,0,0,0,0,number of customers,cents per kilowatt-hour,million dollars,million kilowatt hours
2024-05,ENC,East North Central,ALL,all sectors,23516563,12.17,5337.74622,43845.82173,number of customers,cents per kilowatt-hour,million dollars,million kilowatt hours
2024-05,ENC,East North Central,COM,commercial,2569538,12.38,1774.71328,14337.00893,number of customers,cents per kilowatt-hour,million dollars,million kilowatt hours
2024-05,ENC,East North Central,IND,industrial,54157,7.91,1265.32567,15992.52723,number of customers,cents per kilowatt-hour,million dollars,million kilowatt hours
2024-05,ENC,East North Central,OTH,other,,,,,number of customers,cents per kilowatt-hour,million dollars,million kilowatt hours
2024-05,ENC,East North Central,RES,residential,20892858,17.02,2294.72187,13480.4328,number of customers,cents per kilowatt-hour,million dollars,million kilowatt hours
2024-05,ENC,East North Central,TRA,transportation,10,8.33,2.98541,35.85278,number of customers,cents per kilowatt-hour,million dollars,million kilowatt hours
2024-05,ESC,East South Central,ALL,all sectors,10507183,10.58,2613.73396,24696.53438,number of customers,cents per kilowatt-hour,million dollars,million kilowatt hours
2024-05,ESC,East South Central,COM,commercial,1507532,11.96,921.32093,7700.37388,number of customers,cents per kilowatt-hour,million dollars,million kilowatt hours
2024-05,ESC,East South Central,IND,industrial,25912,6.42,537.19147,8369.92504,number of customers,cents per kilowatt-hour,million dollars,million kilowatt hours
2024-05,ESC,East South Central,OTH,other,,,,,number of customers,cents per kilowatt-hour,million dollars,million kilowatt hours
2024-05,ESC,East South Central,RES,residential,8973739,13.39,1155.22156,8626.23546,number of customers,cents per kilowatt-hour,million dollars,million kilowatt hours
2024-05,ESC,East South Central,TRA,transportation,0,0,0,0,number of customers,cents per kilowatt-hour,million dollars,million kilowatt hours
2024-05,FL,Florida,ALL,all sectors,11748335,12.01,2743.37229,22838.85354,number of customers,cents per kilowatt-hour,million dollars,million kilowatt hours
2024-05,FL,Florida,COM,commercial,1307721,10.5,946.73847,9020.52465,number of customers,cents per kilowatt-hour,million dollars,million kilowatt hours
2024-05,FL,Florida,IND,industrial,26972,8.22,127.06778,1546.33905,number of customers,cents per kilowatt-hour,million dollars,million kilowatt hours
2024-05,FL,Florida,OTH,other,,,,,number of customers,cents per kilowatt-hour,million dollars,million kilowatt hours
2024-05,FL,Florida,RES,residential,10413640,13.61,1668.87643,12265.05254,number of customers,cents per kilowatt-hour,million dollars,million kilowatt hours
2024-05,FL,Florida,TRA,transportation,2,9.94,.68961,6.93731,number of customers,cents per kilowatt-hour,million dollars,million kilowatt hours
2024-05,GA,Georgia,ALL,all sectors,5445307,11.12,1345.83582,12103.28434,number of customers,cents per kilowatt-hour,million dollars,million kilowatt hours
2024-05,GA,Georgia,COM,commercial,618849,10.32,476.2273,4615.26284,number of customers,cents per kilowatt-hour,million dollars,million kilowatt hours
2024-05,GA,Georgia,IND,industrial,24830,6.36,181.34289,2849.62602,number of customers,cents per kilowatt-hour,million dollars,million kilowatt hours
2024-05,GA,Georgia,OTH,other,,,,,number of customers,cents per kilowatt-hour,million dollars,million kilowatt hours
2024-05,GA,Georgia,RES,residential,4801627,14.86,687.53516,4625.63666,number of customers,cents per kilowatt-hour,million dollars,million kilowatt hours
2024-05,GA,Georgia,TRA,transportation,1,5.73,.73048,12.75883,number of customers,cents per kilowatt-hour,million dollars,million kilowatt hours
2024-05,HI,Hawaii,ALL,all sectors,507023,39.21,287.16303,732.38722,number of customers,cents per kilowatt-hour,million dollars,million kilowatt hours
2024-05,HI,Hawaii,COM,commercial,59610,39.13,92.00185,235.10691,number of customers,cents per kilowatt-hour,million dollars,million kilowatt hours
2024-05,HI,Hawaii,IND,industrial,814,35.56,102.11191,287.1393,number of customers,cents per kilowatt-hour,million dollars,million kilowatt hours
2024-05,HI,Hawaii,OTH,other,,,,,number of customers,cents per kilowatt-hour,million dollars,million kilowatt hours
2024-05,HI,Hawaii,RES,residential,446599,44.28,93.04928,210.14102,number of customers,cents per kilowatt-hour,million dollars,million kilowatt hours
2024-05,HI,Hawaii,TRA,transportation,0,0,0,0,number of customers,cents per kilowatt-hour,million dollars,million kilowatt hours
2024-05,IA,Iowa,ALL,all sectors,1710474,8.89,383.6761,4314.97853,number of customers,cents per kilowatt-hour,million dollars,million kilowatt hours
2024-05,IA,Iowa,COM,commercial,251826,9.99,101.31553,1014.22999,number of customers,cents per kilowatt-hour,million dollars,million kilowatt hours
2024-05,IA,Iowa,IND,industrial,9684,6.2,143.95572,2322.63004,number of customers,cents per kilowatt-hour,million dollars,million kilowatt hours
2024-05,IA,Iowa,OTH,other,,,,,number of customers,cents per kilowatt-hour,million dollars,million kilowatt hours
2024-05,IA,Iowa,RES,residential,1448964,14.15,138.40485,978.1185,number of customers,cents per kilowatt-hour,million dollars,million kilowatt hours
2024-05,IA,Iowa,TRA,transportation,0,0,0,0,number of customers,cents per kilowatt-hour,million dollars,million kilowatt hours
2024-05,ID,Idaho,ALL,all sectors,1019260,9,185.25385,2058.74244,number of customers,cents per kilowatt-hour,million dollars,million kilowatt hours
2024-05,ID,Idaho,COM,commercial,123880,9.16,49.22596,537.13676,number of customers,cents per kilowatt-hour,million dollars,million kilowatt hours
2024-05,ID,Idaho,IND,industrial,29820,7.08,62.25598,878.85634,number of customers,cents per kilowatt-hour,million dollars,million kilowatt hours
2024-05,ID,Idaho,OTH,other,,,,,number of customers,cents per kilowatt-hour,million dollars,million kilowatt hours
2024-05,ID,Idaho,RES,residential,865560,11.48,73.77191,642.74934,number of customers,cents per kilowatt-hour,million dollars,million kilowatt hours
2024-05,ID,Idaho,TRA,transportation,0,0,0,0,number of customers,cents per kilowatt-hour,million dollars,million kilowatt hours
2024-05,IL,Illinois,ALL,all sectors,6032507,12.52,1289.32989,10295.21263,number of customers,cents per kilowatt-hour,million dollars,million kilowatt hours
2024-05,IL,Illinois,COM,commercial,638996,12.65,415.24376,3281.75558,number of customers,cents per kilowatt-hour,million dollars,million kilowatt hours
2024-05,IL,Illinois,IND,industrial,5607,8.26,281.89171,3413.28002,number of customers,cents per kilowatt-hour,million dollars,million kilowatt hours
2024-05,IL,Illinois,OTH,other,,,,,number of customers,cents per kilowatt-hour,million dollars,million kilowatt hours
2024-05,IL,Illinois,RES,residential,5387901,16.52,589.65143,3568.89992,number of customers,cents per kilowatt-hour,million dollars,million kilowatt hours
2024-05,IL,Illinois,TRA,transportation,3,8.13,2.54299,31.27711,number of customers,cents per kilowatt-hour,million dollars,million kilowatt hours
2024-05,IN,Indiana,ALL,all sectors,3395988,11.13,881.85273,7922.65442,number of customers,cents per kilowatt-hour,million dollars,million kilowatt hours
2024-05,IN,Indiana,COM,commercial,368876,12.54,219.7557,1753.03341,number of customers,cents per kilowatt-hour,million dollars,million kilowatt hours
2024-05,IN,Indiana,IND,industrial,18701,8.04,311.05843,3868.25716,number of customers,cents per kilowatt-hour,million dollars,million kilowatt hours
2024-05,IN,Indiana,OTH,other,,,,,number of customers,cents per kilowatt-hour,million dollars,million kilowatt hours
2024-05,IN,Indiana,RES,residential,3008410,15.26,350.86076,2299.95204,number of customers,cents per kilowatt-hour,million dollars,million kilowatt hours
2024-05,IN,Indiana,TRA,transportation,1,12.6,.17785,1.41181,number of customers,cents per kilowatt-hour,million dollars,million kilowatt hours
2024-05,KS,Kansas,ALL,all sectors,1584514,10.55,348.24734,3299.55241,number of customers,cents per kilowatt-hour,million dollars,million kilowatt hours
2024-05,KS,Kansas,COM,commercial,244927,10.51,137.49762,1308.68978,number of customers,cents per kilowatt-hour,million dollars,million kilowatt hours
2024-05,KS,Kansas,IND,industrial,24423,7.37,75.59867,1025.37578,number of customers,cents per kilowatt-hour,million dollars,million kilowatt hours
2024-05,KS,Kansas,OTH,other,,,,,number of customers,cents per kilowatt-hour,million dollars,million kilowatt hours
2024-05,KS,Kansas,RES,residential,1315164,14,135.15106,965.48685,number of customers,cents per kilowatt-hour,million dollars,million kilowatt hours
2024-05,KS,Kansas,TRA,transportation,0,0,0,0,number of customers,cents per kilowatt-hour,million dollars,million kilowatt hours
2024-05,KY,Kentucky,ALL,all sectors,2407973,9.74,571.80671,5872.76286,number of customers,cents per kilowatt-hour,million dollars,million kilowatt hours
2024-05,KY,Kentucky,COM,commercial,327397,11.42,187.12595,1639.09087,number of customers,cents per kilowatt-hour,million dollars,million kilowatt hours
2024-05,KY,Kentucky,IND,industrial,4794,6.1,145.45536,2384.12119,number of customers,cents per kilowatt-hour,million dollars,million kilowatt hours
2024-05,KY,Kentucky,OTH,other,,,,,number of customers,cents per kilowatt-hour,million dollars,million kilowatt hours
2024-05,KY,Kentucky,RES,residential,2075782,12.93,239.2254,1849.5508,number of customers,cents per kilowatt-hour,million dollars,million kilowatt hours
2024-05,KY,Kentucky,TRA,transportation,0,0,0,0,number of customers,cents per kilowatt-hour,million dollars,million kilowatt hours
2024-05,LA,Louisiana,ALL,all sectors,2465177,8.35,653.82345,7834.66378,number of customers,cents per kilowatt-hour,million dollars,million kilowatt hours
2024-05,LA,Louisiana,COM,commercial,301427,10.14,195.47754,1927.3137,number of customers,cents per kilowatt-hour,million dollars,million kilowatt hours
2024-05,LA,Louisiana,IND,industrial,18479,5.31,192.0159,3613.29854,number of customers,cents per kilowatt-hour,million dollars,million kilowatt hours
2024-05,LA,Louisiana,OTH,other,,,,,number of customers,cents per kilowatt-hour,million dollars,million kilowatt hours
2024-05,LA,Louisiana,RES,residential,2145270,11.61,266.2348,2293.27864,number of customers,cents per kilowatt-hour,million dollars,million kilowatt hours
2024-05,LA,Louisiana,TRA,transportation,1,12.32,.09521,.7729,number of customers,cents per kilowatt-hour,million dollars,million kilowatt hours
2024-05,MA,Massachusetts,ALL,all sectors,3346829,23.28,887.38581,3812.25217,number of customers,cents per kilowatt-hour,million dollars,million kilowatt hours
2024-05,MA,Massachusetts,COM,commercial,445437,20.66,390.34418,1889.14131,number of customers,cents per kilowatt-hour,million dollars,million kilowatt hours
2024-05,MA,Massachusetts,IND,industrial,10090,17.57,80.99654,460.93865,number of customers,cents per kilowatt-hour,million dollars,million kilowatt hours
2024-05,MA,Massachusetts,OTH,other,,,,,number of customers,cents per kilowatt-hour,million dollars,million kilowatt hours
2024-05,MA,Massachusetts,RES,residential,2891300,28.77,413.9979,1438.7468,number of customers,cents per kilowatt-hour,million dollars,million kilowatt hours
2024-05,MA,Massachusetts,TRA,transportation,2,8.74,2.0472,23.42541,number of customers,cents per kilowatt-hour,million dollars,million kilowatt hours
2024-05,MAT,Middle Atlantic,ALL,all sectors,19166832,15.36,4090.03197,26624.14028,number of customers,cents per kilowatt-hour,million dollars,million kilowatt hours
2024-05,MAT,Middle Atlantic,COM,commercial,2442282,15.17,1684.697,11102.77987,number of customers,cents per kilowatt-hour,million dollars,million kilowatt hours
2024-05,MAT,Middle Atlantic,IND,industrial,42522,8.28,506.77339,6117.82604,number of customers,cents per kilowatt-hour,million dollars,million kilowatt hours
2024-05,MAT,Middle Atlantic,OTH,other,,,,,number of customers,cents per kilowatt-hour,million dollars,million kilowatt hours
2024-05,MAT,Middle Atlantic,RES,residential,16682010,20.45,1856.90098,9079.72058,number of customers,cents per kilowatt-hour,million dollars,million kilowatt hours
2024-05,MAT,Middle Atlantic,TRA,transportation,18,12.87,41.6606,323.8138,number of customers,cents per kilowatt-hour,million dollars,million kilowatt hours
2024-05,MD,Maryland,ALL,all sectors,2719658,14.42,642.58442,4456.05652,number of customers,cents per kilowatt-hour,million dollars,million kilowatt hours
2024-05,MD,Maryland,COM,commercial,261572,12.48,285.16024,2285.27919,number of customers,cents per kilowatt-hour,million dollars,million kilowatt hours
2024-05,MD,Maryland,IND,industrial,9273,9.57,27.36001,285.89186,number of customers,cents per kilowatt-hour,million dollars,million kilowatt hours
2024-05,MD,Maryland,OTH,other,,,,,number of customers,cents per kilowatt-hour,million dollars,million kilowatt hours
2024-05,MD,Maryland,RES,residential,2448808,17.62,325.99397,1849.86296,number of customers,cents per kilowatt-hour,million dollars,million kilowatt hours
2024-05,MD,Maryland,TRA,transportation,5,11.62,4.0702,35.02251,number of customers,cents per kilowatt-hour,million dollars,million kilowatt hours
2024-05,ME,Maine,ALL,all sectors,867765,17.96,162.23639,903.39538,number of customers,cents per kilowatt-hour,million dollars,million kilowatt hours
2024-05,ME,Maine,COM,commercial,112320,18.32,57.46137,313.69419,number of customers,cents per kilowatt-hour,million dollars,million kilowatt hours
2024-05,ME,Maine,IND,industrial,1981,11.55,23.03286,199.35709,number of customers,cents per kilowatt-hour,million dollars,million kilowatt hours
2024-05,ME,Maine,OTH,other,,,,,number of customers,cents per kilowatt-hour,million dollars,million kilowatt hours
2024-05,ME,Maine,RES,residential,753464,20.94,81.74216,390.34411,number of customers,cents per kilowatt-hour,million dollars,million kilowatt hours
2024-05,ME,Maine,TRA,transportation,0,0,0,0,number of customers,cents per kilowatt-hour,million dollars,million kilowatt hours
2024-05,MI,Michigan,ALL,all sectors,5083368,14.31,1138.90428,7956.19654,number of customers,cents per kilowatt-hour,million dollars,million kilowatt hours
2024-05,MI,Michigan,COM,commercial,564680,14.5,448.70564,3094.0501,number of customers,cents per kilowatt-hour,million dollars,million kilowatt hours
2024-05,MI,Michigan,IND,industrial,5858,8.66,207.28929,2393.65902,number of customers,cents per kilowatt-hour,million dollars,million kilowatt hours
2024-05,MI,Michigan,OTH,other,,,,,number of customers,cents per kilowatt-hour,million dollars,million kilowatt hours
2024-05,MI,Michigan,RES,residential,4512828,19.56,482.84388,2468.03983,number of customers,cents per kilowatt-hour,million dollars,million kilowatt hours
2024-05,MI,Michigan,TRA,transportation,2,14.63,.06547,.44758,number of customers,cents per kilowatt-hour,million dollars,million kilowatt hours
2024-05,MN,Minnesota,ALL,all sectors,2900743,12.34,616.88875,4997.18769,number of customers,cents per kilowatt-hour,million dollars,million kilowatt hours
2024-05,MN,Minnesota,COM,commercial,308854,12.23,218.96062,1789.9045,number of customers,cents per kilowatt-hour,million dollars,million kilowatt hours
2024-05,MN,Minnesota,IND,industrial,9634,9.29,156.58583,1685.87594,number of customers,cents per kilowatt-hour,million dollars,million kilowatt hours
2024-05,MN,Minnesota,OTH,other,,,,,number of customers,cents per kilowatt-hour,million dollars,million kilowatt hours
2024-05,MN,Minnesota,RES,residential,2582254,15.86,241.18333,1520.25228,number of customers,cents per kilowatt-hour,million dollars,million kilowatt hours
2024-05,MN,Minnesota,TRA,transportation,1,13.76,.15897,1.15498,number of customers,cents per kilowatt-hour,million dollars,million kilowatt hours
2024-05,MO,Missouri,ALL,all sectors,3344960,10.21,607.27825,5948.02446,number of customers,cents per kilowatt-hour,million dollars,million kilowatt hours
2024-05,MO,Missouri,COM,commercial,403981,9.41,226.09024,2402.85704,number of customers,cents per kilowatt-hour,million dollars,million kilowatt hours
2024-05,MO,Missouri,IND,industrial,9285,7.22,83.26551,1152.96893,number of customers,cents per kilowatt-hour,million dollars,million kilowatt hours
2024-05,MO,Missouri,OTH,other,,,,,number of customers,cents per kilowatt-hour,million dollars,million kilowatt hours
2024-05,MO,Missouri,RES,residential,2931692,12.46,297.75251,2390.18286,number of customers,cents per kilowatt-hour,million dollars,million kilowatt hours
2024-05,MO,Missouri,TRA,transportation,2,8.43,.16998,2.01563,number of customers,cents per kilowatt-hour,million dollars,million kilowatt hours
2024-05,MS,Mississippi,ALL,all sectors,1597129,10.8,417.83029,3868.55445,number of customers,cents per kilowatt-hour,million dollars,million kilowatt hours
2024-05,MS,Mississippi,COM,commercial,246830,12.15,144.03454,1185.09051,number of customers,cents per kilowatt-hour,million dollars,million kilowatt hours
2024-05,MS,Mississippi,IND,industrial,12834,6.61,88.79842,1342.9874,number of customers,cents per kilowatt-hour,million dollars,million kilowatt hours
2024-05,MS,Mississippi,OTH,other,,,,,number of customers,cents per kilowatt-hour,million dollars,million kilowatt hours
2024-05,MS,Mississippi,RES,residential,1337465,13.8,184.99734,1340.47653,number of customers,cents per kilowatt-hour,million dollars,million kilowatt hours
2024-05,MS,Mississippi,TRA,transportation,0,0,0,0,number of customers,cents per kilowatt-hour,million dollars,million kilowatt hours
2024-05,MT,Montana,ALL,all sectors,686072,10.74,128.74889,1199.28995,number of customers,cents per kilowatt-hour,million dollars,million kilowatt hours
2024-05,MT,Montana,COM,commercial,117494,12.3,48.84365,397.09584,number of customers,cents per kilowatt-hour,million dollars,million kilowatt hours
2024-05,MT,Montana,IND,industrial,11886,6.82,27.94104,409.65439,number of customers,cents per kilowatt-hour,million dollars,million kilowatt hours
2024-05,MT,Montana,OTH,other,,,,,number of customers,cents per kilowatt-hour,million dollars,million kilowatt hours
2024-05,MT,Montana,RES,residential,556692,13.24,51.96421,392.53972,number of customers,cents per kilowatt-hour,million dollars,million kilowatt hours
2024-05,MT,Montana,TRA,transportation,0,0,0,0,number of customers,cents per kilowatt-hour,million dollars,million kilowatt hours
2024-05,MTN,Mountain,ALL,all sectors,12521169,11.05,2726.08014,24662.45316,number of customers,cents per kilowatt-hour,million dollars,million kilowatt hours
2024-05,MTN,Mountain,COM,commercial,1524506,11.05,1004.80026,9091.90993,number of customers,cents per kilowatt-hour,million dollars,million kilowatt hours
2024-05,MTN,Mountain,IND,industrial,101134,7.37,545.17919,7398.71079,number of customers,cents per kilowatt-hour,million dollars,million kilowatt hours
2024-05,MTN,Mountain,OTH,other,,,,,number of customers,cents per kilowatt-hour,million dollars,million kilowatt hours
2024-05,MTN,Mountain,RES,residential,10895524,14.4,1174.75513,8159.21146,number of customers,cents per kilowatt-hour,million dollars,million kilowatt hours
2024-05,MTN,Mountain,TRA,transportation,5,10.66,1.34556,12.62098,number of customers,cents per kilowatt-hour,million dollars,million kilowatt hours
2024-05,NC,North Carolina,ALL,all sectors,5812498,11.18,1221.48625,10927.88524,number of customers,cents per kilowatt-hour,million dollars,million kilowatt hours
2024-05,NC,North Carolina,COM,commercial,751096,10.17,423.62338,4165.47751,number of customers,cents per kilowatt-hour,million dollars,million kilowatt hours
2024-05,NC,North Carolina,IND,industrial,9004,7.47,165.9624,2222.58565,number of customers,cents per kilowatt-hour,million dollars,million kilowatt hours
2024-05,NC,North Carolina,OTH,other,,,,,number of customers,cents per kilowatt-hour,million dollars,million kilowatt hours
2024-05,NC,North Carolina,RES,residential,5052397,13.92,631.79343,4538.77383,number of customers,cents per kilowatt-hour,million dollars,million kilowatt hours
2024-05,NC,North Carolina,TRA,transportation,1,10.21,.10704,1.04825,number of customers,cents per kilowatt-hour,million dollars,million kilowatt hours
2024-05,ND,North Dakota,ALL,all sectors,485884,7.96,187.90029,2359.73975,number of customers,cents per kilowatt-hour,million dollars,million kilowatt hours
2024-05,ND,North Dakota,COM,commercial,77203,7.2,66.90537,929.1624,number of customers,cents per kilowatt-hour,million dollars,million kilowatt hours
2024-05,ND,North Dakota,IND,industrial,10930,7.21,81.40675,1128.47736,number of customers,cents per kilowatt-hour,million dollars,million kilowatt hours
2024-05,ND,North Dakota,OTH,other,,,,,number of customers,cents per kilowatt-hour,million dollars,million kilowatt hours
2024-05,ND,North Dakota,RES,residential,397751,13.1,39.58816,302.09999,number of customers,cents per kilowatt-hour,million dollars,million kilowatt hours
2024-05,ND,North Dakota,TRA,transportation,0,0,0,0,number of customers,cents per kilowatt-hour,million dollars,million kilowatt hours
2024-05,NE,Nebraska,ALL,all sectors,1134828,8.88,234.53272,2642.61259,number of customers,cents per kilowatt-hour,million dollars,million kilowatt hours
2024-05,NE,Nebraska,COM,commercial,161855,8,81.82485,1023.08578,number of customers,cents per kilowatt-hour,million dollars,million kilowatt hours
2024-05,NE,Nebraska,IND,industrial,67471,7.63,72.13226,945.66612,number of customers,cents per kilowatt-hour,million dollars,million kilowatt hours
2024-05,NE,Nebraska,OTH,other,,,,,number of customers,cents per kilowatt-hour,million dollars,million kilowatt hours
2024-05,NE,Nebraska,RES,residential,905502,11.96,80.57562,673.86069,number of customers,cents per kilowatt-hour,million dollars,million kilowatt hours
2024-05,NE,Nebraska,TRA,transportation,0,0,0,0,number of customers,cents per kilowatt-hour,million dollars,million kilowatt hours
2024-05,NEW,New England,ALL,all sectors,7602514,21.84,1870.08611,8564.07846,number of customers,cents per kilowatt-hour,million dollars,million kilowatt hours
2024-05,NEW,New England,COM,commercial,953848,19.87,780.88017,3929.88309,number of customers,cents per kilowatt-hour,million dollars,million kilowatt hours
2024-05,NEW,New England,IND,industrial,20878,15.47,185.08307,1196.77329,number of customers,cents per kilowatt-hour,million dollars,million kilowatt hours
2024-05,NEW,New England,OTH,other,,,,,number of customers,cents per kilowatt-hour,million dollars,million kilowatt hours
2024-05,NEW,New England,RES,residential,6627782,26.48,898.93241,3394.94246,number of customers,cents per kilowatt-hour,million dollars,million kilowatt hours
2024-05,NEW,New England,TRA,transportation,6,12.22,5.19047,42.47962,number of customers,cents per kilowatt-hour,million dollars,million kilowatt hours
2024-05,NH,New Hampshire,ALL,all sectors,767631,20.07,161.83884,806.46665,number of customers,cents per kilowatt-hour,million dollars,million kilowatt hours
2024-05,NH,New Hampshire,COM,commercial,112344,19.18,59.99053,312.73263,number of customers,cents per kilowatt-hour,million dollars,million kilowatt hours
2024-05,NH,New Hampshire,IND,industrial,3103,15.81,26.52061,167.71737,number of customers,cents per kilowatt-hour,million dollars,million kilowatt hours
2024-05,NH,New Hampshire,OTH,other,,,,,number of customers,cents per kilowatt-hour,million dollars,million kilowatt hours
2024-05,NH,New Hampshire,RES,residential,652184,23.11,75.3277,326.01665,number of customers,cents per kilowatt-hour,million dollars,million kilowatt hours
2024-05,NH,New Hampshire,TRA,transportation,0,0,0,0,number of customers,cents per kilowatt-hour,million dollars,million kilowatt hours
2024-05,NJ,New Jersey,ALL,all sectors,4278123,15.89,885.51093,5573.67317,number of customers,cents per kilowatt-hour,million dollars,million kilowatt hours
2024-05,NJ,New Jersey,COM,commercial,539811,14.74,424.23883,2878.01472,number of customers,cents per kilowatt-hour,million dollars,million kilowatt hours
2024-05,NJ,New Jersey,IND,industrial,11348,11.58,61.24821,529.01873,number of customers,cents per kilowatt-hour,million dollars,million kilowatt hours
2024-05,NJ,New Jersey,OTH,other,,,,,number of customers,cents per kilowatt-hour,million dollars,million kilowatt hours
2024-05,NJ,New Jersey,RES,residential,3726957,18.57,396.41538,2134.24909,number of customers,cents per kilowatt-hour,million dollars,million kilowatt hours
2024-05,NJ,New Jersey,TRA,transportation,7,11.14,3.60851,32.39062,number of customers,cents per kilowatt-hour,million dollars,million kilowatt hours
2024-05,NM,New Mexico,ALL,all sectors,1093627,8.96,214.06859,2389.02941,number of customers,cents per kilowatt-hour,million dollars,million kilowatt hours
2024-05,NM,New Mexico,COM,commercial,148413,10.26,80.80664,787.85721,number of customers,cents per kilowatt-hour,million dollars,million kilowatt hours
2024-05,NM,New Mexico,IND,industrial,9274,5.75,62.09926,1079.06081,number of customers,cents per kilowatt-hour,million dollars,million kilowatt hours
2024-05,NM,New Mexico,OTH,other,,,,,number of customers,cents per kilowatt-hour,million dollars,million kilowatt hours
2024-05,NM,New Mexico,RES,residential,935940,13.63,71.16268,522.11139,number of customers,cents per kilowatt-hour,million dollars,million kilowatt hours
2024-05,NM,New Mexico,TRA,transportation,0,0,0,0,number of customers,cents per kilowatt-hour,million dollars,million kilowatt hours
2024-05,NV,Nevada,ALL,all sectors,1489452,11.46,373.63715,3259.90203,number of customers,cents per kilowatt-hour,million dollars,million kilowatt hours
2024-05,NV,Nevada,COM,commercial,176389,10.13,119.60467,1180.26055,number of customers,cents per kilowatt-hour,million dollars,million kilowatt hours
2024-05,NV,Nevada,IND,industrial,4906,8.02,81.08378,1010.72415,number of customers,cents per kilowatt-hour,million dollars,million kilowatt hours
2024-05,NV,Nevada,OTH,other,,,,,number of customers,cents per kilowatt-hour,million dollars,million kilowatt hours
2024-05,NV,Nevada,RES,residential,1308156,16.18,172.87965,1068.33439,number of customers,cents per kilowatt-hour,million dollars,million kilowatt hours
2024-05,NV,Nevada,TRA,transportation,1,11.85,.06905,.58295,number of customers,cents per kilowatt-hour,million dollars,million kilowatt hours
2024-05,NY,New York,ALL,all sectors,8598260,18.47,1867.06883,10107.8233,number of customers,cents per kilowatt-hour,million dollars,million kilowatt hours
2024-05,NY,New York,COM,commercial,1163452,17.73,925.80679,5220.46939,number of customers,cents per kilowatt-hour,million dollars,million kilowatt hours
2024-05,NY,New York,IND,industrial,16489,8.86,115.10817,1298.61759,number of customers,cents per kilowatt-hour,million dollars,million kilowatt hours
2024-05,NY,New York,OTH,other,,,,,number of customers,cents per kilowatt-hour,million dollars,million kilowatt hours
2024-05,NY,New York,RES,residential,7418313,23.68,793.44662,3351.29737,number of customers,cents per kilowatt-hour,million dollars,million kilowatt hours
2024-05,NY,New York,TRA,transportation,6,13.78,32.70726,237.43896,number of customers,cents per kilowatt-hour,million dollars,million kilowatt hours
2024-05,OH,Ohio,ALL,all sectors,5784237,10.98,1357.96492,12370.86964,number of customers,cents per kilowatt-hour,million dollars,million kilowatt hours
2024-05,OH,Ohio,COM,commercial,627652,10.44,453.36251,4341.3801,number of customers,cents per kilowatt-hour,million dollars,million kilowatt hours
2024-05,OH,Ohio,IND,industrial,18179,6.91,304.27639,4402.14488,number of customers,cents per kilowatt-hour,million dollars,million kilowatt hours
2024-05,OH,Ohio,OTH,other,,,,,number of customers,cents per kilowatt-hour,million dollars,million kilowatt hours
2024-05,OH,Ohio,RES,residential,5138404,16.56,600.1465,3624.73493,number of customers,cents per kilowatt-hour,million dollars,million kilowatt hours
2024-05,OH,Ohio,TRA,transportation,2,6.88,.17953,2.60973,number of customers,cents per kilowatt-hour,million dollars,million kilowatt hours
2024-05,OK,Oklahoma,ALL,all sectors,2193538,8.16,469.90695,5756.14928,number of customers,cents per kilowatt-hour,million dollars,million kilowatt hours
2024-05,OK,Oklahoma,COM,commercial,298355,8.05,168.00907,2087.39,number of customers,cents per kilowatt-hour,million dollars,million kilowatt hours
2024-05,OK,Oklahoma,IND,industrial,20235,5.25,100.67322,1917.90509,number of customers,cents per kilowatt-hour,million dollars,million kilowatt hours
2024-05,OK,Oklahoma,OTH,other,,,,,number of customers,cents per kilowatt-hour,million dollars,million kilowatt hours
2024-05,OK,Oklahoma,RES,residential,1874948,11.49,201.22467,1750.85419,number of customers,cents per kilowatt-hour,million dollars,million kilowatt hours
2024-05,OK,Oklahoma,TRA,transportation,0,0,0,0,number of customers,cents per kilowatt-hour,million dollars,million kilowatt hours
2024-05,OR,Oregon,ALL,all sectors,2142481,10.99,501.52768,4565.01398,number of customers,cents per kilowatt-hour,million dollars,million kilowatt hours
2024-05,OR,Oregon,COM,commercial,247797,10.18,199.7828,1962.88263,number of customers,cents per kilowatt-hour,million dollars,million kilowatt hours
2024-05,OR,Oregon,IND,industrial,26917,7.81,97.98764,1253.86468,number of customers,cents per kilowatt-hour,million dollars,million kilowatt hours
2024-05,OR,Oregon,OTH,other,,,,,number of customers,cents per kilowatt-hour,million dollars,million kilowatt hours
2024-05,OR,Oregon,RES,residential,1867765,15.12,203.52362,1346.41383,number of customers,cents per kilowatt-hour,million dollars,million kilowatt hours
2024-05,OR,Oregon,TRA,transportation,2,12.61,.23362,1.85284,number of customers,cents per kilowatt-hour,million dollars,million kilowatt hours
2024-05,PA,Pennsylvania,ALL,all sectors,6290449,12.22,1337.45221,10942.64381,number of customers,cents per kilowatt-hour,million dollars,million kilowatt hours
2024-05,PA,Pennsylvania,COM,commercial,739019,11.14,334.65139,3004.29575,number of customers,cents per kilowatt-hour,million dollars,million kilowatt hours
2024-05,PA,Pennsylvania,IND,industrial,14685,7.7,330.41701,4290.18972,number of customers,cents per kilowatt-hour,million dollars,million kilowatt hours
2024-05,PA,Pennsylvania,OTH,other,,,,,number of customers,cents per kilowatt-hour,million dollars,million kilowatt hours
2024-05,PA,Pennsylvania,RES,residential,5536740,18.56,667.03898,3594.17411,number of customers,cents per kilowatt-hour,million dollars,million kilowatt hours
2024-05,PA,Pennsylvania,TRA,transportation,5,9.9,5.34484,53.98422,number of customers,cents per kilowatt-hour,million dollars,million kilowatt hours
2024-05,PACC,Pacific Contiguous,ALL,all sectors,22307590,20.11,5901.17434,29349.48765,number of customers,cents per kilowatt-hour,million dollars,million kilowatt hours
2024-05,PACC,Pacific Contiguous,COM,commercial,2456152,19.07,2607.32827,13673.04559,number of customers,cents per kilowatt-hour,million dollars,million kilowatt hours
2024-05,PACC,Pacific Contiguous,IND,industrial,203271,14.91,940.82983,6308.25908,number of customers,cents per kilowatt-hour,million dollars,million kilowatt hours
2024-05,PACC,Pacific Contiguous,OTH,other,,,,,number of customers,cents per kilowatt-hour,million dollars,million kilowatt hours
2024-05,PACC,Pacific Contiguous,RES,residential,19648148,25.19,2342.33915,9299.90967,number of customers,cents per kilowatt-hour,million dollars,million kilowatt hours
2024-05,PACC,Pacific Contiguous,TRA,transportation,19,15.64,10.67709,68.27332,number of customers,cents per kilowatt-hour,million dollars,million kilowatt hours
2024-05,PACN,Pacific Noncontiguous,ALL,all sectors,863258,32.56,390.18424,1198.39939,number of customers,cents per kilowatt-hour,million dollars,million kilowatt hours
2024-05,PACN,Pacific Noncontiguous,COM,commercial,116635,30.71,135.83339,442.29326,number of customers,cents per kilowatt-hour,million dollars,million kilowatt hours
2024-05,PACN,Pacific Noncontiguous,IND,industrial,2011,31.19,123.83472,396.98753,number of customers,cents per kilowatt-hour,million dollars,million kilowatt hours
2024-05,PACN,Pacific Noncontiguous,OTH,other,,,,,number of customers,cents per kilowatt-hour,million dollars,million kilowatt hours
2024-05,PACN,Pacific Noncontiguous,RES,residential,744612,36.34,130.51614,359.1186,number of customers,cents per kilowatt-hour,million dollars,million kilowatt hours
2024-05,PACN,Pacific Noncontiguous,TRA,transportation,0,0,0,0,number of customers,cents per kilowatt-hour,million dollars,million kilowatt hours
2024-05,RI,Rhode Island,ALL,all sectors,519709,22.77,129.57135,569.05489,number of customers,cents per kilowatt-hour,million dollars,million kilowatt hours
2024-05,RI,Rhode Island,COM,commercial,62861,19.59,59.76083,304.99905,number of customers,cents per kilowatt-hour,million dollars,million kilowatt hours
2024-05,RI,Rhode Island,IND,industrial,1577,19.53,10.57055,54.11109,number of customers,cents per kilowatt-hour,million dollars,million kilowatt hours
2024-05,RI,Rhode Island,OTH,other,,,,,number of customers,cents per kilowatt-hour,million dollars,million kilowatt hours
2024-05,RI,Rhode Island,RES,residential,455270,28.29,58.82818,207.9311,number of customers,cents per kilowatt-hour,million dollars,million kilowatt hours
2024-05,RI,Rhode Island,TRA,transportation,1,20.45,.4118,2.01364,number of customers,cents per kilowatt-hour,million dollars,million kilowatt hours
2024-05,SAT,South Atlantic,ALL,all sectors,34678081,11.57,8301.56081,71764.89307,number of customers,cents per kilowatt-hour,million dollars,million kilowatt hours
2024-05,SAT,South Atlantic,COM,commercial,4032176,10.41,3124.965,30028.90584,number of customers,cents per kilowatt-hour,million dollars,million kilowatt hours
2024-05,SAT,South Atlantic,IND,industrial,89650,7.41,862.25364,11643.94009,number of customers,cents per kilowatt-hour,million dollars,million kilowatt hours
2024-05,SAT,South Atlantic,OTH,other,,,,,number of customers,cents per kilowatt-hour,million dollars,million kilowatt hours
2024-05,SAT,South Atlantic,RES,residential,30556242,14.35,4303.88589,29987.92063,number of customers,cents per kilowatt-hour,million dollars,million kilowatt hours
2024-05,SAT,South Atlantic,TRA,transportation,13,10.04,10.45628,104.12652,number of customers,cents per kilowatt-hour,million dollars,million kilowatt hours
2024-05,SC,South Carolina,ALL,all sectors,2946282,10.2,705.04113,6914.4425,number of customers,cents per kilowatt-hour,million dollars,million kilowatt hours
2024-05,SC,South Carolina,COM,commercial,407282,9.96,227.31959,2281.92968,number of customers,cents per kilowatt-hour,million dollars,million kilowatt hours
2024-05,SC,South Carolina,IND,industrial,3625,6.4,139.56674,2179.18031,number of customers,cents per kilowatt-hour,million dollars,million kilowatt hours
2024-05,SC,South Carolina,OTH,other,,,,,number of customers,cents per kilowatt-hour,million dollars,million kilowatt hours
2024-05,SC,South Carolina,RES,residential,2535375,13.78,338.1548,2453.33251,number of customers,cents per kilowatt-hour,million dollars,million kilowatt hours
2024-05,SC,South Carolina,TRA,transportation,0,0,0,0,number of customers,cents per kilowatt-hour,million dollars,million kilowatt hours
2024-05,SD,South Dakota,ALL,all sectors,515899,10.77,107.89112,1001.65021,number of customers,cents per kilowatt-hour,million dollars,million kilowatt hours
2024-05,SD,South Dakota,COM,commercial,78395,10.28,40.08201,389.7715,number of customers,cents per kilowatt-hour,million dollars,million kilowatt hours
2024-05,SD,South Dakota,IND,industrial,4394,8.15,22.16295,272.08183,number of customers,cents per kilowatt-hour,million dollars,million kilowatt hours
2024-05,SD,South Dakota,OTH,other,,,,,number of customers,cents per kilowatt-hour,million dollars,million kilowatt hours
2024-05,SD,South Dakota,RES,residential,433110,13.43,45.64617,339.79688,number of customers,cents per kilowatt-hour,million dollars,million kilowatt hours
2024-05,SD,South Dakota,TRA,transportation,0,0,0,0,number of customers,cents per kilowatt-hour,million dollars,million kilowatt hours
2024-05,TN,Tennessee,ALL,all sectors,3710852,10.36,796.70704,7689.48735,number of customers,cents per kilowatt-hour,million dollars,million kilowatt hours
2024-05,TN,Tennessee,COM,commercial,542924,11.43,331.27223,2897.07895,number of customers,cents per kilowatt-hour,million dollars,million kilowatt hours
2024-05,TN,Tennessee,IND,industrial,997,5.72,106.9369,1870.32264,number of customers,cents per kilowatt-hour,million dollars,million kilowatt hours
2024-05,TN,Tennessee,OTH,other,,,,,number of customers,cents per kilowatt-hour,million dollars,million kilowatt hours
2024-05,TN,Tennessee,RES,residential,3166931,12.27,358.49791,2922.08576,number of customers,cents per kilowatt-hour,million dollars,million kilowatt hours
2024-05,TN,Tennessee,TRA,transportation,0,0,0,0,number of customers,cents per kilowatt-hour,million dollars,million kilowatt hours
2024-05,TX,Texas,ALL,all sectors,14462685,9.63,3981.04635,41321.45798,number of customers,cents per kilowatt-hour,million dollars,million kilowatt hours
2024-05,TX,Texas,COM,commercial,1555757,8.41,1155.55958,13744.04441,number of customers,cents per kilowatt-hour,million dollars,million kilowatt hours
2024-05,TX,Texas,IND,industrial,371996,6.29,929.85065,14792.48915,number of customers,cents per kilowatt-hour,million dollars,million kilowatt hours
2024-05,TX,Texas,OTH,other,,,,,number of customers,cents per kilowatt-hour,million dollars,million kilowatt hours
2024-05,TX,Texas,RES,residential,12534929,14.83,1895.60149,12784.10366,number of customers,cents per kilowatt-hour,million dollars,million kilowatt hours
2024-05,TX,Texas,TRA,transportation,3,4.22,.03462,.82077,number of customers,cents per kilowatt-hour,million dollars,million kilowatt hours
2024-05,US,U.S. Total,ALL,all sectors,163672886,12.47,39164.09953,313961.45312,number of customers,cents per kilowatt-hour,million dollars,million kilowatt hours
2024-05,US,U.S. Total,COM,commercial,19491479,12.32,14521.398,117863.68825,number of customers,cents per kilowatt-hour,million dollars,million kilowatt hours
2024-05,US,U.S. Total,IND,industrial,1118897,7.87,6921.13223,87901.10025,number of customers,cents per kilowatt-hour,million dollars,million kilowatt hours
2024-05,US,U.S. Total,OTH,other,,,,,number of customers,cents per kilowatt-hour,million dollars,million kilowatt hours
2024-05,US,U.S. Total,RES,residential,143062430,16.4,17648.79269,107604.71543,number of customers,cents per kilowatt-hour,million dollars,million kilowatt hours
2024-05,US,U.S. Total,TRA,transportation,80,12.29,72.7766,591.94918,number of customers,cents per kilowatt-hour,million dollars,million kilowatt hours
2024-05,UT,Utah,ALL,all sectors,1427369,9.01,240.82043,2672.57192,number of customers,cents per kilowatt-hour,million dollars,million kilowatt hours
2024-05,UT,Utah,COM,commercial,145653,8.85,99.93752,1129.79477,number of customers,cents per kilowatt-hour,million dollars,million kilowatt hours
2024-05,UT,Utah,IND,industrial,10860,6.64,49.87406,750.96857,number of customers,cents per kilowatt-hour,million dollars,million kilowatt hours
2024-05,UT,Utah,OTH,other,,,,,number of customers,cents per kilowatt-hour,million dollars,million kilowatt hours
2024-05,UT,Utah,RES,residential,1270855,11.49,90.47669,787.39643,number of customers,cents per kilowatt-hour,million dollars,million kilowatt hours
2024-05,UT,Utah,TRA,transportation,1,12.06,.53216,4.41215,number of customers,cents per kilowatt-hour,million dollars,million kilowatt hours
2024-05,VA,Virginia,ALL,all sectors,4097327,10.81,1120.95727,10365.04978,number of customers,cents per kilowatt-hour,million dollars,million kilowatt hours
2024-05,VA,Virginia,COM,commercial,445520,9.09,554.80713,6106.14491,number of customers,cents per kilowatt-hour,million dollars,million kilowatt hours
2024-05,VA,Virginia,IND,industrial,3794,9.34,108.55429,1162.24388,number of customers,cents per kilowatt-hour,million dollars,million kilowatt hours
2024-05,VA,Virginia,OTH,other,,,,,number of customers,cents per kilowatt-hour,million dollars,million kilowatt hours
2024-05,VA,Virginia,RES,residential,3648012,14.81,455.25396,3074.3301,number of customers,cents per kilowatt-hour,million dollars,million kilowatt hours
2024-05,VA,Virginia,TRA,transportation,1,10.49,2.3419,22.33089,number of customers,cents per kilowatt-hour,million dollars,million kilowatt hours
2024-05,VT,Vermont,ALL,all sectors,388587,18.07,74.60374,412.91769,number of customers,cents per kilowatt-hour,million dollars,million kilowatt hours
2024-05,VT,Vermont,COM,commercial,64003,18.77,29.36473,156.42895,number of customers,cents per kilowatt-hour,million dollars,million kilowatt hours
2024-05,VT,Vermont,IND,industrial,238,11.05,11.52098,104.23551,number of customers,cents per kilowatt-hour,million dollars,million kilowatt hours
2024-05,VT,Vermont,OTH,other,,,,,number of customers,cents per kilowatt-hour,million dollars,million kilowatt hours
2024-05,VT,Vermont,RES,residential,324346,22.15,33.71802,152.25322,number of customers,cents per kilowatt-hour,million dollars,million kilowatt hours
2024-05,VT,Vermont,TRA,transportation,0,0,0,0,number of customers,cents per kilowatt-hour,million dollars,million kilowatt hours
2024-05,WA,Washington,ALL,all sectors,3818755,9.92,686.56071,6921.32866,number of customers,cents per kilowatt-hour,million dollars,million kilowatt hours
2024-05,WA,Washington,COM,commercial,408716,9.66,259.17012,2682.29147,number of customers,cents per kilowatt-hour,million dollars,million kilowatt hours
2024-05,WA,Washington,IND,industrial,26852,6.38,96.52057,1513.24497,number of customers,cents per kilowatt-hour,million dollars,million kilowatt hours
2024-05,WA,Washington,OTH,other,,,,,number of customers,cents per kilowatt-hour,million dollars,million kilowatt hours
2024-05,WA,Washington,RES,residential,3383182,12.14,329.98883,2718.27108,number of customers,cents per kilowatt-hour,million dollars,million kilowatt hours
2024-05,WA,Washington,TRA,transportation,5,11.72,.88119,7.52114,number of customers,cents per kilowatt-hour,million dollars,million kilowatt hours
2024-05,WI,Wisconsin,ALL,all sectors,3220463,12.63,669.6944,5300.88851,number of customers,cents per kilowatt-hour,million dollars,million kilowatt hours
2024-05,WI,Wisconsin,COM,commercial,369334,12.73,237.64567,1866.78974,number of customers,cents per kilowatt-hour,million dollars,million kilowatt hours
2024-05,WI,Wisconsin,IND,industrial,5812,8.4,160.80985,1915.18614,number of customers,cents per kilowatt-hour,million dollars,million kilowatt hours
2024-05,WI,Wisconsin,OTH,other,,,,,number of customers,cents per kilowatt-hour,million dollars,million kilowatt hours
2024-05,WI,Wisconsin,RES,residential,2845315,17.86,271.2193,1518.80607,number of customers,cents per kilowatt-hour,million dollars,million kilowatt hours
2024-05,WI,Wisconsin,TRA,transportation,2,18.38,.01958,.10656,number of customers,cents per kilowatt-hour,million dollars,million kilowatt hours
2024-05,WNC,West North Central,ALL,all sectors,11677302,10.12,2486.41457,24563.74564,number of customers,cents per kilowatt-hour,million dollars,million kilowatt hours
2024-05,WNC,West North Central,COM,commercial,1527041,9.85,872.67624,8857.70099,number of customers,cents per kilowatt-hour,million dollars,million kilowatt hours
2024-05,WNC,West North Central,IND,industrial,135821,7.44,635.10768,8533.07598,number of customers,cents per kilowatt-hour,million dollars,million kilowatt hours
2024-05,WNC,West North Central,OTH,other,,,,,number of customers,cents per kilowatt-hour,million dollars,million kilowatt hours
2024-05,WNC,West North Central,RES,residential,10014437,13.64,978.30169,7169.79805,number of customers,cents per kilowatt-hour,million dollars,million kilowatt hours
2024-05,WNC,West North Central,TRA,transportation,3,10.38,.32896,3.17061,number of customers,cents per kilowatt-hour,million dollars,million kilowatt hours
2024-05,WSC,West South Central,ALL,all sectors,20832394,9.28,5447.08717,58691.89936,number of customers,cents per kilowatt-hour,million dollars,million kilowatt hours
2024-05,WSC,West South Central,COM,commercial,2361769,8.63,1614.18347,18699.78688,number of customers,cents per kilowatt-hour,million dollars,million kilowatt hours
2024-05,WSC,West South Central,IND,industrial,443541,6.01,1319.55358,21943.07518,number of customers,cents per kilowatt-hour,million dollars,million kilowatt hours
2024-05,WSC,West South Central,OTH,other,,,,,number of customers,cents per kilowatt-hour,million dollars,million kilowatt hours
2024-05,WSC,West South Central,RES,residential,18027078,13.93,2513.21788,18047.42574,number of customers,cents per kilowatt-hour,million dollars,million kilowatt hours
2024-05,WSC,West South Central,TRA,transportation,6,8.21,.13224,1.61156,number of customers,cents per kilowatt-hour,million dollars,million kilowatt hours
2024-05,WV,West Virginia,ALL,all sectors,1028431,11.08,284.83212,2569.67331,number of customers,cents per kilowatt-hour,million dollars,million kilowatt hours
2024-05,WV,West Virginia,COM,commercial,151943,11.82,77.3179,653.98905,number of customers,cents per kilowatt-hour,million dollars,million kilowatt hours
2024-05,WV,West Virginia,IND,industrial,11000,7.99,98.4904,1232.10094,number of customers,cents per kilowatt-hour,million dollars,million kilowatt hours
2024-05,WV,West Virginia,OTH,other,,,,,number of customers,cents per kilowatt-hour,million dollars,million kilowatt hours
2024-05,WV,West Virginia,RES,residential,865488,15.95,109.02381,683.58331,number of customers,cents per kilowatt-hour,million dollars,million kilowatt hours
2024-05,WV,West Virginia,TRA,transportation,0,0,0,0,number of customers,cents per kilowatt-hour,million dollars,million kilowatt hours
2024-05,WY,Wyoming,ALL,all sectors,357365,8.79,124.47643,1415.94097,number of customers,cents per kilowatt-hour,million dollars,million kilowatt hours
2024-05,WY,Wyoming,COM,commercial,58966,9.1,39.13188,429.89532,number of customers,cents per kilowatt-hour,million dollars,million kilowatt hours
2024-05,WY,Wyoming,IND,industrial,12096,7.6,59.61945,784.68811,number of customers,cents per kilowatt-hour,million dollars,million kilowatt hours
2024-05,WY,Wyoming,OTH,other,,,,,number of customers,cents per kilowatt-hour,million dollars,million kilowatt hours
2024-05,WY,Wyoming,RES,residential,286303,12.78,25.72511,201.35754,number of customers,cents per kilowatt-hour,million dollars,million kilowatt hours
2024-05,WY,Wyoming,TRA,transportation,0,0,0,0,number of customers,cents per kilowatt-hour,million dollars,million kilowatt hours
2024-04,AK,Alaska,ALL,all sectors,355572,22.25,108.97516,489.88301,number of customers,cents per kilowatt-hour,million dollars,million kilowatt hours
2024-04,AK,Alaska,COM,commercial,56833,21.63,45.98555,212.59278,number of customers,cents per kilowatt-hour,million dollars,million kilowatt hours
2024-04,AK,Alaska,IND,industrial,1190,19.44,22.22906,114.33812,number of customers,cents per kilowatt-hour,million dollars,million kilowatt hours
2024-04,AK,Alaska,OTH,other,,,,,number of customers,cents per kilowatt-hour,million dollars,million kilowatt hours
2024-04,AK,Alaska,RES,residential,297549,25.01,40.76056,162.95211,number of customers,cents per kilowatt-hour,million dollars,million kilowatt hours
2024-04,AK,Alaska,TRA,transportation,0,0,0,0,number of customers,cents per kilowatt-hour,million dollars,million kilowatt hours
2024-04,AL,Alabama,ALL,all sectors,2788292,11.85,728.04154,6144.93617,number of customers,cents per kilowatt-hour,million dollars,million kilowatt hours
2024-04,AL,Alabama,COM,commercial,389995,13.79,230.69978,1673.08859,number of customers,cents per kilowatt-hour,million dollars,million kilowatt hours
2024-04,AL,Alabama,IND,industrial,7237,7.45,189.2883,2540.08475,number of customers,cents per kilowatt-hour,million dollars,million kilowatt hours
2024-04,AL,Alabama,OTH,other,,,,,number of customers,cents per kilowatt-hour,million dollars,million kilowatt hours
2024-04,AL,Alabama,RES,residential,2391060,15.95,308.05345,1931.76283,number of customers,cents per kilowatt-hour,million dollars,million kilowatt hours
2024-04,AL,Alabama,TRA,transportation,0,0,0,0,number of customers,cents per kilowatt-hour,million dollars,million kilowatt hours
2024-04,AR,Arkansas,ALL,all sectors,1709306,9.11,310.36313,3405.52808,number of customers,cents per kilowatt-hour,million dollars,million kilowatt hours
2024-04,AR,Arkansas,COM,commercial,206923,10.23,85.67095,837.32749,number of customers,cents per kilowatt-hour,million dollars,million kilowatt hours
2024-04,AR,Arkansas,IND,industrial,30453,5.93,88.41908,1490.67674,number of customers,cents per kilowatt-hour,million dollars,million kilowatt hours
2024-04,AR,Arkansas,OTH,other,,,,,number of customers,cents per kilowatt-hour,million dollars,million kilowatt hours
2024-04,AR,Arkansas,RES,residential,1471928,12.65,136.2705,1077.50429,number of customers,cents per kilowatt-hour,million dollars,million kilowatt hours
2024-04,AR,Arkansas,TRA,transportation,2,13.29,.0026,.01957,number of customers,cents per kilowatt-hour,million dollars,million kilowatt hours
2024-04,AZ,Arizona,ALL,all sectors,3471083,12.32,740.85463,6014.53417,number of customers,cents per kilowatt-hour,million dollars,million kilowatt hours
2024-04,AZ,Arizona,COM,commercial,347269,12.06,310.27689,2573.52015,number of customers,cents per kilowatt-hour,million dollars,million kilowatt hours
2024-04,AZ,Arizona,IND,industrial,7608,7.13,81.44681,1143.08975,number of customers,cents per kilowatt-hour,million dollars,million kilowatt hours
2024-04,AZ,Arizona,OTH,other,,,,,number of customers,cents per kilowatt-hour,million dollars,million kilowatt hours
2024-04,AZ,Arizona,RES,residential,3116204,15.2,349.04048,2297.06175,number of customers,cents per kilowatt-hour,million dollars,million kilowatt hours
2024-04,AZ,Arizona,TRA,transportation,2,10.49,.09045,.86252,number of customers,cents per kilowatt-hour,million dollars,million kilowatt hours
2024-04,CA,California,ALL,all sectors,16048719,25.66,4505.04142,17553.59016,number of customers,cents per kilowatt-hour,million dollars,million kilowatt hours
2024-04,CA,California,COM,commercial,1772847,22.87,2003.67751,8759.4484,number of customers,cents per kilowatt-hour,million dollars,million kilowatt hours
2024-04,CA,California,IND,industrial,146128,18.96,636.38556,3355.70007,number of customers,cents per kilowatt-hour,million dollars,million kilowatt hours
2024-04,CA,California,OTH,other,,,,,number of customers,cents per kilowatt-hour,million dollars,million kilowatt hours
2024-04,CA,California,RES,residential,14129732,34.49,1855.48327,5379.80097,number of customers,cents per kilowatt-hour,million dollars,million kilowatt hours
2024-04,CA,California,TRA,transportation,12,16.19,9.49508,58.64072,number of customers,cents per kilowatt-hour,million dollars,million kilowatt hours
2024-04,CO,Colorado,ALL,all sectors,2968980,11.67,479.15001,4106.94771,number of customers,cents per kilowatt-hour,million dollars,million kilowatt hours
2024-04,CO,Colorado,COM,commercial,405297,11.43,183.13593,1602.41941,number of customers,cents per kilowatt-hour,million dollars,million kilowatt hours
2024-04,CO,Colorado,IND,industrial,14677,8.67,99.24726,1144.45777,number of customers,cents per kilowatt-hour,million dollars,million kilowatt hours
2024-04,CO,Colorado,OTH,other,,,,,number of customers,cents per kilowatt-hour,million dollars,million kilowatt hours
2024-04,CO,Colorado,RES,residential,2549005,14.49,196.03606,1352.9445,number of customers,cents per kilowatt-hour,million dollars,million kilowatt hours
2024-04,CO,Colorado,TRA,transportation,1,10.25,.73076,7.12603,number of customers,cents per kilowatt-hour,million dollars,million kilowatt hours
2024-04,CT,Connecticut,ALL,all sectors,1710615,24.14,465.43163,1927.92945,number of customers,cents per kilowatt-hour,million dollars,million kilowatt hours
2024-04,CT,Connecticut,COM,commercial,156825,20.59,171.03591,830.48773,number of customers,cents per kilowatt-hour,million dollars,million kilowatt hours
2024-04,CT,Connecticut,IND,industrial,3898,15.93,32.81345,206.00614,number of customers,cents per kilowatt-hour,million dollars,million kilowatt hours
2024-04,CT,Connecticut,OTH,other,,,,,number of customers,cents per kilowatt-hour,million dollars,million kilowatt hours
2024-04,CT,Connecticut,RES,residential,1549889,29.59,259.21935,876.01541,number of customers,cents per kilowatt-hour,million dollars,million kilowatt hours
2024-04,CT,Connecticut,TRA,transportation,3,15.32,2.36293,15.42017,number of customers,cents per kilowatt-hour,million dollars,million kilowatt hours
2024-04,DC,District of Columbia,ALL,all sectors,345129,16.95,119.07507,702.32981,number of customers,cents per kilowatt-hour,million dollars,million kilowatt hours
2024-04,DC,District of Columbia,COM,commercial,27480,17.13,87.47023,510.59715,number of customers,cents per kilowatt-hour,million dollars,million kilowatt hours
2024-04,DC,District of Columbia,IND,industrial,1,9.87,1.37535,13.93076,number of customers,cents per kilowatt-hour,million dollars,million kilowatt hours
2024-04,DC,District of Columbia,OTH,other,,,,,number of customers,cents per kilowatt-hour,million dollars,million kilowatt hours
2024-04,DC,District of Columbia,RES,residential,317645,17.93,27.98276,156.07196,number of customers,cents per kilowatt-hour,million dollars,million kilowatt hours
2024-04,DC,District of Columbia,TRA,transportation,3,10.34,2.24673,21.72994,number of customers,cents per kilowatt-hour,million dollars,million kilowatt hours
2024-04,DE,Delaware,ALL,all sectors,533901,14.16,109.85781,776.07001,number of customers,cents per kilowatt-hour,million dollars,million kilowatt hours
2024-04,DE,Delaware,COM,commercial,60561,12.67,37.23465,293.80943,number of customers,cents per kilowatt-hour,million dollars,million kilowatt hours
2024-04,DE,Delaware,IND,industrial,1165,8.8,12.44638,141.50006,number of customers,cents per kilowatt-hour,million dollars,million kilowatt hours
2024-04,DE,Delaware,OTH,other,,,,,number of customers,cents per kilowatt-hour,million dollars,million kilowatt hours
2024-04,DE,Delaware,RES,residential,472175,17.66,60.17678,340.76052,number of customers,cents per kilowatt-hour,million dollars,million kilowatt hours
2024-04,DE,Delaware,TRA,transportation,0,0,0,0,number of customers,cents per kilowatt-hour,million dollars,million kilowatt hours
2024-04,ENC,East North Central,ALL,all sectors,23635349,12.01,4880.04453,40632.84034,number of customers,cents per kilowatt-hour,million dollars,million kilowatt hours
2024-04,ENC,East North Central,COM,commercial,2576246,11.93,1633.29436,13689.29683,number of customers,cents per kilowatt-hour,million dollars,million kilowatt hours
2024-04,ENC,East North Central,IND,industrial,54951,8.01,1180.18866,14739.81665,number of customers,cents per kilowatt-hour,million dollars,million kilowatt hours
2024-04,ENC,East North Central,OTH,other,,,,,number of customers,cents per kilowatt-hour,million dollars,million kilowatt hours
2024-04,ENC,East North Central,RES,residential,21004142,16.99,2062.08765,12140.63068,number of customers,cents per kilowatt-hour,million dollars,million kilowatt hours
2024-04,ENC,East North Central,TRA,transportation,10,7.09,4.47386,63.09618,number of customers,cents per kilowatt-hour,million dollars,million kilowatt hours
2024-04,ESC,East South Central,ALL,all sectors,10485877,10.85,2403.15272,22152.92178,number of customers,cents per kilowatt-hour,million dollars,million kilowatt hours
2024-04,ESC,East South Central,COM,commercial,1504250,12.42,849.27684,6839.85559,number of customers,cents per kilowatt-hour,million dollars,million kilowatt hours
2024-04,ESC,East South Central,IND,industrial,25516,6.7,530.41094,7916.0204,number of customers,cents per kilowatt-hour,million dollars,million kilowatt hours
2024-04,ESC,East South Central,OTH,other,,,,,number of customers,cents per kilowatt-hour,million dollars,million kilowatt hours
2024-04,ESC,East South Central,RES,residential,8956111,13.84,1023.46493,7397.04579,number of customers,cents per kilowatt-hour,million dollars,million kilowatt hours
2024-04,ESC,East South Central,TRA,transportation,0,0,0,0,number of customers,cents per kilowatt-hour,million dollars,million kilowatt hours
2024-04,FL,Florida,ALL,all sectors,11727675,12.85,2338.68162,18203.63003,number of customers,cents per kilowatt-hour,million dollars,million kilowatt hours
2024-04,FL,Florida,COM,commercial,1306160,11.44,869.44215,7602.73806,number of customers,cents per kilowatt-hour,million dollars,million kilowatt hours
2024-04,FL,Florida,IND,industrial,26658,8.73,120.21305,1376.66491,number of customers,cents per kilowatt-hour,million dollars,million kilowatt hours
2024-04,FL,Florida,OTH,other,,,,,number of customers,cents per kilowatt-hour,million dollars,million kilowatt hours
2024-04,FL,Florida,RES,residential,10394855,14.63,1348.35329,9218.29365,number of customers,cents per kilowatt-hour,million dollars,million kilowatt hours
2024-04,FL,Florida,TRA,transportation,2,11.34,.67314,5.93342,number of customers,cents per kilowatt-hour,million dollars,million kilowatt hours
2024-04,GA,Georgia,ALL,all sectors,5433594,10.62,1131.73698,10659.05334,number of customers,cents per kilowatt-hour,million dollars,million kilowatt hours
2024-04,GA,Georgia,COM,commercial,617767,10.43,437.87174,4197.12073,number of customers,cents per kilowatt-hour,million dollars,million kilowatt hours
2024-04,GA,Georgia,IND,industrial,24221,6.01,158.78644,2642.96674,number of customers,cents per kilowatt-hour,million dollars,million kilowatt hours
2024-04,GA,Georgia,OTH,other,,,,,number of customers,cents per kilowatt-hour,million dollars,million kilowatt hours
2024-04,GA,Georgia,RES,residential,4791605,14.04,534.40221,3807.45351,number of customers,cents per kilowatt-hour,million dollars,million kilowatt hours
2024-04,GA,Georgia,TRA,transportation,1,5.88,.67658,11.51237,number of customers,cents per kilowatt-hour,million dollars,million kilowatt hours
2024-04,HI,Hawaii,ALL,all sectors,507027,40.02,273.88991,684.44115,number of customers,cents per kilowatt-hour,million dollars,million kilowatt hours
2024-04,HI,Hawaii,COM,commercial,59773,40.15,87.74149,218.55336,number of customers,cents per kilowatt-hour,million dollars,million kilowatt hours
2024-04,HI,Hawaii,IND,industrial,819,36.09,98.038,271.62679,number of customers,cents per kilowatt-hour,million dollars,million kilowatt hours
2024-04,HI,Hawaii,OTH,other,,,,,number of customers,cents per kilowatt-hour,million dollars,million kilowatt hours
2024-04,HI,Hawaii,RES,residential,446435,45.36,88.11043,194.26099,number of customers,cents per kilowatt-hour,million dollars,million kilowatt hours
2024-04,HI,Hawaii,TRA,transportation,0,0,0,0,number of customers,cents per kilowatt-hour,million dollars,million kilowatt hours
2024-04,IA,Iowa,ALL,all sectors,1706571,8.46,358.82207,4240.69301,number of customers,cents per kilowatt-hour,million dollars,million kilowatt hours
2024-04,IA,Iowa,COM,commercial,251333,9.28,90.79922,978.5758,number of customers,cents per kilowatt-hour,million dollars,million kilowatt hours
2024-04,IA,Iowa,IND,industrial,9716,6.07,136.6303,2252.31831,number of customers,cents per kilowatt-hour,million dollars,million kilowatt hours
2024-04,IA,Iowa,OTH,other,,,,,number of customers,cents per kilowatt-hour,million dollars,million kilowatt hours
2024-04,IA,Iowa,RES,residential,1445522,13.01,131.39254,1009.7989,number of customers,cents per kilowatt-hour,million dollars,million kilowatt hours
2024-04,IA,Iowa,TRA,transportation,0,0,0,0,number of customers,cents per kilowatt-hour,million dollars,million kilowatt hours
2024-04,ID,Idaho,ALL,all sectors,1016776,9.21,170.36804,1849.33531,number of customers,cents per kilowatt-hour,million dollars,million kilowatt hours
2024-04,ID,Idaho,COM,commercial,123772,9.21,48.85729,530.20978,number of customers,cents per kilowatt-hour,million dollars,million kilowatt hours
2024-04,ID,Idaho,IND,industrial,29755,6.97,45.16474,647.66404,number of customers,cents per kilowatt-hour,million dollars,million kilowatt hours
2024-04,ID,Idaho,OTH,other,,,,,number of customers,cents per kilowatt-hour,million dollars,million kilowatt hours
2024-04,ID,Idaho,RES,residential,863249,11.37,76.34602,671.46149,number of customers,cents per kilowatt-hour,million dollars,million kilowatt hours
2024-04,ID,Idaho,TRA,transportation,0,0,0,0,number of customers,cents per kilowatt-hour,million dollars,million kilowatt hours
2024-04,IL,Illinois,ALL,all sectors,6117269,11.9,1131.7563,9507.30674,number of customers,cents per kilowatt-hour,million dollars,million kilowatt hours
2024-04,IL,Illinois,COM,commercial,643256,11.6,379.83459,3275.50059,number of customers,cents per kilowatt-hour,million dollars,million kilowatt hours
2024-04,IL,Illinois,IND,industrial,5681,8.52,289.34233,3396.10271,number of customers,cents per kilowatt-hour,million dollars,million kilowatt hours
2024-04,IL,Illinois,OTH,other,,,,,number of customers,cents per kilowatt-hour,million dollars,million kilowatt hours
2024-04,IL,Illinois,RES,residential,5468329,16.51,458.48732,2776.8129,number of customers,cents per kilowatt-hour,million dollars,million kilowatt hours
2024-04,IL,Illinois,TRA,transportation,3,6.95,4.09206,58.89055,number of customers,cents per kilowatt-hour,million dollars,million kilowatt hours
2024-04,IN,Indiana,ALL,all sectors,3442398,11.32,817.97543,7223.8302,number of customers,cents per kilowatt-hour,million dollars,million kilowatt hours
2024-04,IN,Indiana,COM,commercial,374026,11.21,222.27976,1983.51785,number of customers,cents per kilowatt-hour,million dollars,million kilowatt hours
2024-04,IN,Indiana,IND,industrial,19258,8.7,272.71394,3133.01148,number of customers,cents per kilowatt-hour,million dollars,million kilowatt hours
2024-04,IN,Indiana,OTH,other,,,,,number of customers,cents per kilowatt-hour,million dollars,million kilowatt hours
2024-04,IN,Indiana,RES,residential,3049113,15.33,322.83665,2106.11041,number of customers,cents per kilowatt-hour,million dollars,million kilowatt hours
2024-04,IN,Indiana,TRA,transportation,1,12.19,.14508,1.19046,number of customers,cents per kilowatt-hour,million dollars,million kilowatt hours
2024-04,KS,Kansas,ALL,all sectors,1582585,10.74,308.77256,2874.6895,number of customers,cents per kilowatt-hour,million dollars,million kilowatt hours
2024-04,KS,Kansas,COM,commercial,244664,10.84,125.38632,1156.59567,number of customers,cents per kilowatt-hour,million dollars,million kilowatt hours
2024-04,KS,Kansas,IND,industrial,23880,7.54,68.89707,913.38954,number of customers,cents per kilowatt-hour,million dollars,million kilowatt hours
2024-04,KS,Kansas,OTH,other,,,,,number of customers,cents per kilowatt-hour,million dollars,million kilowatt hours
2024-04,KS,Kansas,RES,residential,1314041,14.23,114.48917,804.70429,number of customers,cents per kilowatt-hour,million dollars,million kilowatt hours
2024-04,KS,Kansas,TRA,transportation,0,0,0,0,number of customers,cents per kilowatt-hour,million dollars,million kilowatt hours
2024-04,KY,Kentucky,ALL,all sectors,2404007,9.77,532.72217,5453.2998,number of customers,cents per kilowatt-hour,million dollars,million kilowatt hours
2024-04,KY,Kentucky,COM,commercial,326706,11.46,174.09126,1518.85528,number of customers,cents per kilowatt-hour,million dollars,million kilowatt hours
2024-04,KY,Kentucky,IND,industrial,4817,6.35,145.73489,2295.9965,number of customers,cents per kilowatt-hour,million dollars,million kilowatt hours
2024-04,KY,Kentucky,OTH,other,,,,,number of customers,cents per kilowatt-hour,million dollars,million kilowatt hours
2024-04,KY,Kentucky,RES,residential,2072484,12.99,212.89602,1638.44802,number of customers,cents per kilowatt-hour,million dollars,million kilowatt hours
2024-04,KY,Kentucky,TRA,transportation,0,0,0,0,number of customers,cents per kilowatt-hour,million dollars,million kilowatt hours
2024-04,LA,Louisiana,ALL,all sectors,2461660,8.96,599.93875,6698.90775,number of customers,cents per kilowatt-hour,million dollars,million kilowatt hours
2024-04,LA,Louisiana,COM,commercial,300737,10.88,185.36247,1703.26451,number of customers,cents per kilowatt-hour,million dollars,million kilowatt hours
2024-04,LA,Louisiana,IND,industrial,18276,6.17,199.29603,3232.47627,number of customers,cents per kilowatt-hour,million dollars,million kilowatt hours
2024-04,LA,Louisiana,OTH,other,,,,,number of customers,cents per kilowatt-hour,million dollars,million kilowatt hours
2024-04,LA,Louisiana,RES,residential,2142646,12.21,215.19903,1762.50376,number of customers,cents per kilowatt-hour,million dollars,million kilowatt hours
2024-04,LA,Louisiana,TRA,transportation,1,12.25,.08123,.66321,number of customers,cents per kilowatt-hour,million dollars,million kilowatt hours
2024-04,MA,Massachusetts,ALL,all sectors,3348669,23.2,884.23815,3811.20232,number of customers,cents per kilowatt-hour,million dollars,million kilowatt hours
2024-04,MA,Massachusetts,COM,commercial,446682,19.68,370.3752,1881.52767,number of customers,cents per kilowatt-hour,million dollars,million kilowatt hours
2024-04,MA,Massachusetts,IND,industrial,10351,17.92,78.87472,440.26091,number of customers,cents per kilowatt-hour,million dollars,million kilowatt hours
2024-04,MA,Massachusetts,OTH,other,,,,,number of customers,cents per kilowatt-hour,million dollars,million kilowatt hours
2024-04,MA,Massachusetts,RES,residential,2891634,29.51,432.85507,1466.68386,number of customers,cents per kilowatt-hour,million dollars,million kilowatt hours
2024-04,MA,Massachusetts,TRA,transportation,2,9.38,2.13316,22.72987,number of customers,cents per kilowatt-hour,million dollars,million kilowatt hours
2024-04,MAT,Middle Atlantic,ALL,all sectors,19183111,15.16,3965.46822,26154.5768,number of customers,cents per kilowatt-hour,million dollars,million kilowatt hours
2024-04,MAT,Middle Atlantic,COM,commercial,2441743,14.98,1628.19214,10866.50643,number of customers,cents per kilowatt-hour,million dollars,million kilowatt hours
2024-04,MAT,Middle Atlantic,IND,industrial,42737,7.95,473.96739,5961.84753,number of customers,cents per kilowatt-hour,million dollars,million kilowatt hours
2024-04,MAT,Middle Atlantic,OTH,other,,,,,number of customers,cents per kilowatt-hour,million dollars,million kilowatt hours
2024-04,MAT,Middle Atlantic,RES,residential,16698613,20.16,1826.65102,9059.74003,number of customers,cents per kilowatt-hour,million dollars,million kilowatt hours
2024-04,MAT,Middle Atlantic,TRA,transportation,18,13.76,36.65767,266.48282,number of customers,cents per kilowatt-hour,million dollars,million kilowatt hours
2024-04,MD,Maryland,ALL,all sectors,2719230,14.6,591.325,4049.52309,number of customers,cents per kilowatt-hour,million dollars,million kilowatt hours
2024-04,MD,Maryland,COM,commercial,261475,12.59,254.04768,2017.35904,number of customers,cents per kilowatt-hour,million dollars,million kilowatt hours
2024-04,MD,Maryland,IND,industrial,9289,9.53,26.78232,281.15064,number of customers,cents per kilowatt-hour,million dollars,million kilowatt hours
2024-04,MD,Maryland,OTH,other,,,,,number of customers,cents per kilowatt-hour,million dollars,million kilowatt hours
2024-04,MD,Maryland,RES,residential,2448461,17.85,306.75791,1718.73142,number of customers,cents per kilowatt-hour,million dollars,million kilowatt hours
2024-04,MD,Maryland,TRA,transportation,5,11.58,3.73709,32.28199,number of customers,cents per kilowatt-hour,million dollars,million kilowatt hours
2024-04,ME,Maine,ALL,all sectors,866401,18.38,173.6686,944.82459,number of customers,cents per kilowatt-hour,million dollars,million kilowatt hours
2024-04,ME,Maine,COM,commercial,112041,17.96,58.87566,327.76043,number of customers,cents per kilowatt-hour,million dollars,million kilowatt hours
2024-04,ME,Maine,IND,industrial,1992,11.89,22.07245,185.60509,number of customers,cents per kilowatt-hour,million dollars,million kilowatt hours
2024-04,ME,Maine,OTH,other,,,,,number of customers,cents per kilowatt-hour,million dollars,million kilowatt hours
2024-04,ME,Maine,RES,residential,752368,21.49,92.72049,431.45906,number of customers,cents per kilowatt-hour,million dollars,million kilowatt hours
2024-04,ME,Maine,TRA,transportation,0,0,0,0,number of customers,cents per kilowatt-hour,million dollars,million kilowatt hours
2024-04,MI,Michigan,ALL,all sectors,5080300,13.9,1027.70616,7395.99681,number of customers,cents per kilowatt-hour,million dollars,million kilowatt hours
2024-04,MI,Michigan,COM,commercial,563660,14.24,400.73457,2814.60878,number of customers,cents per kilowatt-hour,million dollars,million kilowatt hours
2024-04,MI,Michigan,IND,industrial,5857,8.23,192.53977,2339.96133,number of customers,cents per kilowatt-hour,million dollars,million kilowatt hours
2024-04,MI,Michigan,OTH,other,,,,,number of customers,cents per kilowatt-hour,million dollars,million kilowatt hours
2024-04,MI,Michigan,RES,residential,4510781,19.38,434.36447,2240.9533,number of customers,cents per kilowatt-hour,million dollars,million kilowatt hours
2024-04,MI,Michigan,TRA,transportation,2,14.23,.06735,.4734,number of customers,cents per kilowatt-hour,million dollars,million kilowatt hours
2024-04,MN,Minnesota,ALL,all sectors,2890367,12.02,580.38995,4830.52425,number of customers,cents per kilowatt-hour,million dollars,million kilowatt hours
2024-04,MN,Minnesota,COM,commercial,307769,11.82,198.83713,1681.86509,number of customers,cents per kilowatt-hour,million dollars,million kilowatt hours
2024-04,MN,Minnesota,IND,industrial,9649,8.97,141.22308,1573.60744,number of customers,cents per kilowatt-hour,million dollars,million kilowatt hours
2024-04,MN,Minnesota,OTH,other,,,,,number of customers,cents per kilowatt-hour,million dollars,million kilowatt hours
2024-04,MN,Minnesota,RES,residential,2572948,15.26,240.16721,1573.84051,number of customers,cents per kilowatt-hour,million dollars,million kilowatt hours
2024-04,MN,Minnesota,TRA,transportation,1,13.42,.16253,1.21121,number of customers,cents per kilowatt-hour,million dollars,million kilowatt hours
2024-04,MO,Missouri,ALL,all sectors,3340836,10.26,547.76021,5338.8021,number of customers,cents per kilowatt-hour,million dollars,million kilowatt hours
2024-04,MO,Missouri,COM,commercial,402948,9.53,207.86588,2181.05095,number of customers,cents per kilowatt-hour,million dollars,million kilowatt hours
2024-04,MO,Missouri,IND,industrial,9507,7.29,72.12997,989.63637,number of customers,cents per kilowatt-hour,million dollars,million kilowatt hours
2024-04,MO,Missouri,OTH,other,,,,,number of customers,cents per kilowatt-hour,million dollars,million kilowatt hours
2024-04,MO,Missouri,RES,residential,2928379,12.35,267.60993,2166.31891,number of customers,cents per kilowatt-hour,million dollars,million kilowatt hours
2024-04,MO,Missouri,TRA,transportation,2,8.6,.15443,1.79588,number of customers,cents per kilowatt-hour,million dollars,million kilowatt hours
2024-04,MS,Mississippi,ALL,all sectors,1595474,11.07,367.84409,3322.92874,number of customers,cents per kilowatt-hour,million dollars,million kilowatt hours
2024-04,MS,Mississippi,COM,commercial,246737,12.73,128.19069,1007.29241,number of customers,cents per kilowatt-hour,million dollars,million kilowatt hours
2024-04,MS,Mississippi,IND,industrial,12460,6.79,85.51009,1258.55872,number of customers,cents per kilowatt-hour,million dollars,million kilowatt hours
2024-04,MS,Mississippi,OTH,other,,,,,number of customers,cents per kilowatt-hour,million dollars,million kilowatt hours
2024-04,MS,Mississippi,RES,residential,1336277,14.58,154.1433,1057.07762,number of customers,cents per kilowatt-hour,million dollars,million kilowatt hours
2024-04,MS,Mississippi,TRA,transportation,0,0,0,0,number of customers,cents per kilowatt-hour,million dollars,million kilowatt hours
2024-04,MT,Montana,ALL,all sectors,683570,10.33,128.58769,1244.73641,number of customers,cents per kilowatt-hour,million dollars,million kilowatt hours
2024-04,MT,Montana,COM,commercial,117884,11.77,46.83133,397.9707,number of customers,cents per kilowatt-hour,million dollars,million kilowatt hours
2024-04,MT,Montana,IND,industrial,10356,6.67,27.51875,412.70634,number of customers,cents per kilowatt-hour,million dollars,million kilowatt hours
2024-04,MT,Montana,OTH,other,,,,,number of customers,cents per kilowatt-hour,million dollars,million kilowatt hours
2024-04,MT,Montana,RES,residential,555330,12.5,54.23761,434.05936,number of customers,cents per kilowatt-hour,million dollars,million kilowatt hours
2024-04,MT,Montana,TRA,transportation,0,0,0,0,number of customers,cents per kilowatt-hour,million dollars,million kilowatt hours
2024-04,MTN,Mountain,ALL,all sectors,12499466,10.75,2365.14528,21998.43504,number of customers,cents per kilowatt-hour,million dollars,million kilowatt hours
2024-04,MTN,Mountain,COM,commercial,1523114,10.77,897.06771,8329.26105,number of customers,cents per kilowatt-hour,million dollars,million kilowatt hours
2024-04,MTN,Mountain,IND,industrial,99397,7.23,484.52344,6700.14163,number of customers,cents per kilowatt-hour,million dollars,million kilowatt hours
2024-04,MTN,Mountain,OTH,other,,,,,number of customers,cents per kilowatt-hour,million dollars,million kilowatt hours
2024-04,MTN,Mountain,RES,residential,10876950,14.12,982.12812,6956.00077,number of customers,cents per kilowatt-hour,million dollars,million kilowatt hours
2024-04,MTN,Mountain,TRA,transportation,5,10.94,1.426,13.03159,number of customers,cents per kilowatt-hour,million dollars,million kilowatt hours
2024-04,NC,North Carolina,ALL,all sectors,5801785,11.52,1116.86218,9697.24333,number of customers,cents per kilowatt-hour,million dollars,million kilowatt hours
2024-04,NC,North Carolina,COM,commercial,750370,10.54,390.02586,3699.82002,number of customers,cents per kilowatt-hour,million dollars,million kilowatt hours
2024-04,NC,North Carolina,IND,industrial,8954,7.56,164.53366,2176.8412,number of customers,cents per kilowatt-hour,million dollars,million kilowatt hours
2024-04,NC,North Carolina,OTH,other,,,,,number of customers,cents per kilowatt-hour,million dollars,million kilowatt hours
2024-04,NC,North Carolina,RES,residential,5042460,14.72,562.20353,3819.61702,number of customers,cents per kilowatt-hour,million dollars,million kilowatt hours
2024-04,NC,North Carolina,TRA,transportation,1,10.27,.09914,.96509,number of customers,cents per kilowatt-hour,million dollars,million kilowatt hours
2024-04,ND,North Dakota,ALL,all sectors,485227,7.85,183.97233,2343.32948,number of customers,cents per kilowatt-hour,million dollars,million kilowatt hours
2024-04,ND,North Dakota,COM,commercial,77077,7.11,62.2815,875.63708,number of customers,cents per kilowatt-hour,million dollars,million kilowatt hours
2024-04,ND,North Dakota,IND,industrial,10918,7.28,80.67548,1107.78964,number of customers,cents per kilowatt-hour,million dollars,million kilowatt hours
2024-04,ND,North Dakota,OTH,other,,,,,number of customers,cents per kilowatt-hour,million dollars,million kilowatt hours
2024-04,ND,North Dakota,RES,residential,397232,11.4,41.01536,359.90277,number of customers,cents per kilowatt-hour,million dollars,million kilowatt hours
2024-04,ND,North Dakota,TRA,transportation,0,0,0,0,number of customers,cents per kilowatt-hour,million dollars,million kilowatt hours
2024-04,NE,Nebraska,ALL,all sectors,1131585,8.93,224.64683,2516.10006,number of customers,cents per kilowatt-hour,million dollars,million kilowatt hours
2024-04,NE,Nebraska,COM,commercial,161152,7.82,74.19881,948.6579,number of customers,cents per kilowatt-hour,million dollars,million kilowatt hours
2024-04,NE,Nebraska,IND,industrial,67506,8.06,71.21159,883.09833,number of customers,cents per kilowatt-hour,million dollars,million kilowatt hours
2024-04,NE,Nebraska,OTH,other,,,,,number of customers,cents per kilowatt-hour,million dollars,million kilowatt hours
2024-04,NE,Nebraska,RES,residential,902927,11.58,79.23644,684.34383,number of customers,cents per kilowatt-hour,million dollars,million kilowatt hours
2024-04,NE,Nebraska,TRA,transportation,0,0,0,0,number of customers,cents per kilowatt-hour,million dollars,million kilowatt hours
2024-04,NEW,New England,ALL,all sectors,7602066,22.28,1879.60791,8435.66091,number of customers,cents per kilowatt-hour,million dollars,million kilowatt hours
2024-04,NEW,New England,COM,commercial,954843,19.58,739.18552,3774.62468,number of customers,cents per kilowatt-hour,million dollars,million kilowatt hours
2024-04,NEW,New England,IND,industrial,21180,15.7,176.4966,1124.46526,number of customers,cents per kilowatt-hour,million dollars,million kilowatt hours
2024-04,NEW,New England,OTH,other,,,,,number of customers,cents per kilowatt-hour,million dollars,million kilowatt hours
2024-04,NEW,New England,RES,residential,6626037,27.43,959.08286,3496.62005,number of customers,cents per kilowatt-hour,million dollars,million kilowatt hours
2024-04,NEW,New England,TRA,transportation,6,12.12,4.84294,39.95093,number of customers,cents per kilowatt-hour,million dollars,million kilowatt hours
2024-04,NH,New Hampshire,ALL,all sectors,765858,20.11,161.2683,802.11558,number of customers,cents per kilowatt-hour,million dollars,million kilowatt hours
2024-04,NH,New Hampshire,COM,commercial,111947,19.07,58.02833,304.30619,number of customers,cents per kilowatt-hour,million dollars,million kilowatt hours
2024-04,NH,New Hampshire,IND,industrial,3107,15.81,23.50523,148.66643,number of customers,cents per kilowatt-hour,million dollars,million kilowatt hours
2024-04,NH,New Hampshire,OTH,other,,,,,number of customers,cents per kilowatt-hour,million dollars,million kilowatt hours
2024-04,NH,New Hampshire,RES,residential,650804,22.84,79.73474,349.14296,number of customers,cents per kilowatt-hour,million dollars,million kilowatt hours
2024-04,NH,New Hampshire,TRA,transportation,0,0,0,0,number of customers,cents per kilowatt-hour,million dollars,million kilowatt hours
2024-04,NJ,New Jersey,ALL,all sectors,4281452,15.35,783.03275,5099.87925,number of customers,cents per kilowatt-hour,million dollars,million kilowatt hours
2024-04,NJ,New Jersey,COM,commercial,541046,14.12,387.50556,2743.89068,number of customers,cents per kilowatt-hour,million dollars,million kilowatt hours
2024-04,NJ,New Jersey,IND,industrial,11286,11.01,54.51506,495.13525,number of customers,cents per kilowatt-hour,million dollars,million kilowatt hours
2024-04,NJ,New Jersey,OTH,other,,,,,number of customers,cents per kilowatt-hour,million dollars,million kilowatt hours
2024-04,NJ,New Jersey,RES,residential,3729113,18.46,337.76025,1830.13836,number of customers,cents per kilowatt-hour,million dollars,million kilowatt hours
2024-04,NJ,New Jersey,TRA,transportation,7,10.59,3.25189,30.71496,number of customers,cents per kilowatt-hour,million dollars,million kilowatt hours
2024-04,NM,New Mexico,ALL,all sectors,1092053,8.66,189.87708,2191.57568,number of customers,cents per kilowatt-hour,million dollars,million kilowatt hours
2024-04,NM,New Mexico,COM,commercial,148700,10,69.88364,698.84965,number of customers,cents per kilowatt-hour,million dollars,million kilowatt hours
2024-04,NM,New Mexico,IND,industrial,9269,5.53,57.56281,1040.65471,number of customers,cents per kilowatt-hour,million dollars,million kilowatt hours
2024-04,NM,New Mexico,OTH,other,,,,,number of customers,cents per kilowatt-hour,million dollars,million kilowatt hours
2024-04,NM,New Mexico,RES,residential,934084,13.81,62.43063,452.07132,number of customers,cents per kilowatt-hour,million dollars,million kilowatt hours
2024-04,NM,New Mexico,TRA,transportation,0,0,0,0,number of customers,cents per kilowatt-hour,million dollars,million kilowatt hours
2024-04,NV,Nevada,ALL,all sectors,1486458,11.34,312.70978,2757.2525,number of customers,cents per kilowatt-hour,million dollars,million kilowatt hours
2024-04,NV,Nevada,COM,commercial,176010,10.27,108.81648,1059.64522,number of customers,cents per kilowatt-hour,million dollars,million kilowatt hours
2024-04,NV,Nevada,IND,industrial,4807,7.93,71.20047,897.55538,number of customers,cents per kilowatt-hour,million dollars,million kilowatt hours
2024-04,NV,Nevada,OTH,other,,,,,number of customers,cents per kilowatt-hour,million dollars,million kilowatt hours
2024-04,NV,Nevada,RES,residential,1305640,16.59,132.62594,799.47438,number of customers,cents per kilowatt-hour,million dollars,million kilowatt hours
2024-04,NV,Nevada,TRA,transportation,1,11.58,.06689,.57751,number of customers,cents per kilowatt-hour,million dollars,million kilowatt hours
2024-04,NY,New York,ALL,all sectors,8589913,17.99,1857.20103,10322.54637,number of customers,cents per kilowatt-hour,million dollars,million kilowatt hours
2024-04,NY,New York,COM,commercial,1161074,17.38,926.12659,5327.74707,number of customers,cents per kilowatt-hour,million dollars,million kilowatt hours
2024-04,NY,New York,IND,industrial,16638,7.39,95.33106,1290.13196,number of customers,cents per kilowatt-hour,million dollars,million kilowatt hours
2024-04,NY,New York,OTH,other,,,,,number of customers,cents per kilowatt-hour,million dollars,million kilowatt hours
2024-04,NY,New York,RES,residential,7412195,23.03,804.87375,3494.45159,number of customers,cents per kilowatt-hour,million dollars,million kilowatt hours
2024-04,NY,New York,TRA,transportation,6,14.68,30.86963,210.21576,number of customers,cents per kilowatt-hour,million dollars,million kilowatt hours
2024-04,OH,Ohio,ALL,all sectors,5783671,11.16,1263.1771,11317.83242,number of customers,cents per kilowatt-hour,million dollars,million kilowatt hours
2024-04,OH,Ohio,COM,commercial,627115,10.69,412.83577,3860.41724,number of customers,cents per kilowatt-hour,million dollars,million kilowatt hours
2024-04,OH,Ohio,IND,industrial,18324,6.81,271.17584,3979.14844,number of customers,cents per kilowatt-hour,million dollars,million kilowatt hours
2024-04,OH,Ohio,OTH,other,,,,,number of customers,cents per kilowatt-hour,million dollars,million kilowatt hours
2024-04,OH,Ohio,RES,residential,5138230,16.66,579.01516,3475.8325,number of customers,cents per kilowatt-hour,million dollars,million kilowatt hours
2024-04,OH,Ohio,TRA,transportation,2,6.18,.15033,2.43425,number of customers,cents per kilowatt-hour,million dollars,million kilowatt hours
2024-04,OK,Oklahoma,ALL,all sectors,2190687,8.22,409.08036,4975.84428,number of customers,cents per kilowatt-hour,million dollars,million kilowatt hours
2024-04,OK,Oklahoma,COM,commercial,297843,8.12,146.62953,1805.08874,number of customers,cents per kilowatt-hour,million dollars,million kilowatt hours
2024-04,OK,Oklahoma,IND,industrial,20029,5.29,95.47948,1805.57199,number of customers,cents per kilowatt-hour,million dollars,million kilowatt hours
2024-04,OK,Oklahoma,OTH,other,,,,,number of customers,cents per kilowatt-hour,million dollars,million kilowatt hours
2024-04,OK,Oklahoma,RES,residential,1872815,12.23,166.97135,1365.18355,number of customers,cents per kilowatt-hour,million dollars,million kilowatt hours
2024-04,OK,Oklahoma,TRA,transportation,0,0,0,0,number of customers,cents per kilowatt-hour,million dollars,million kilowatt hours
2024-04,OR,Oregon,ALL,all sectors,2136811,10.96,499.52924,4556.17409,number of customers,cents per kilowatt-hour,million dollars,million kilowatt hours
2024-04,OR,Oregon,COM,commercial,247202,10.16,195.76203,1926.73943,number of customers,cents per kilowatt-hour,million dollars,million kilowatt hours
2024-04,OR,Oregon,IND,industrial,26890,7.74,91.73835,1185.73187,number of customers,cents per kilowatt-hour,million dollars,million kilowatt hours
2024-04,OR,Oregon,OTH,other,,,,,number of customers,cents per kilowatt-hour,million dollars,million kilowatt hours
2024-04,OR,Oregon,RES,residential,1862717,14.69,211.80448,1441.9247,number of customers,cents per kilowatt-hour,million dollars,million kilowatt hours
2024-04,OR,Oregon,TRA,transportation,2,12.62,.22437,1.77809,number of customers,cents per kilowatt-hour,million dollars,million kilowatt hours
2024-04,PA,Pennsylvania,ALL,all sectors,6311746,12.35,1325.23444,10732.15118,number of customers,cents per kilowatt-hour,million dollars,million kilowatt hours
2024-04,PA,Pennsylvania,COM,commercial,739623,11.25,314.56,2794.86869,number of customers,cents per kilowatt-hour,million dollars,million kilowatt hours
2024-04,PA,Pennsylvania,IND,industrial,14813,7.76,324.12127,4176.58032,number of customers,cents per kilowatt-hour,million dollars,million kilowatt hours
2024-04,PA,Pennsylvania,OTH,other,,,,,number of customers,cents per kilowatt-hour,million dollars,million kilowatt hours
2024-04,PA,Pennsylvania,RES,residential,5557305,18.31,684.01703,3735.15007,number of customers,cents per kilowatt-hour,million dollars,million kilowatt hours
2024-04,PA,Pennsylvania,TRA,transportation,5,9.93,2.53615,25.5521,number of customers,cents per kilowatt-hour,million dollars,million kilowatt hours
2024-04,PACC,Pacific Contiguous,ALL,all sectors,21975525,19.5,5720.43258,29328.3271,number of customers,cents per kilowatt-hour,million dollars,million kilowatt hours
2024-04,PACC,Pacific Contiguous,COM,commercial,2425973,18.38,2459.17706,13382.59691,number of customers,cents per kilowatt-hour,million dollars,million kilowatt hours
2024-04,PACC,Pacific Contiguous,IND,industrial,200166,13.7,823.98978,6015.92963,number of customers,cents per kilowatt-hour,million dollars,million kilowatt hours
2024-04,PACC,Pacific Contiguous,OTH,other,,,,,number of customers,cents per kilowatt-hour,million dollars,million kilowatt hours
2024-04,PACC,Pacific Contiguous,RES,residential,19349367,24.61,2426.67419,9861.74362,number of customers,cents per kilowatt-hour,million dollars,million kilowatt hours
2024-04,PACC,Pacific Contiguous,TRA,transportation,19,15.56,10.59154,68.05695,number of customers,cents per kilowatt-hour,million dollars,million kilowatt hours
2024-04,PACN,Pacific Noncontiguous,ALL,all sectors,862599,32.6,382.86507,1174.32416,number of customers,cents per kilowatt-hour,million dollars,million kilowatt hours
2024-04,PACN,Pacific Noncontiguous,COM,commercial,116606,31.02,133.72704,431.14615,number of customers,cents per kilowatt-hour,million dollars,million kilowatt hours
2024-04,PACN,Pacific Noncontiguous,IND,industrial,2009,31.16,120.26706,385.96491,number of customers,cents per kilowatt-hour,million dollars,million kilowatt hours
2024-04,PACN,Pacific Noncontiguous,OTH,other,,,,,number of customers,cents per kilowatt-hour,million dollars,million kilowatt hours
2024-04,PACN,Pacific Noncontiguous,RES,residential,743984,36.08,128.87098,357.2131,number of customers,cents per kilowatt-hour,million dollars,million kilowatt hours
2024-04,PACN,Pacific Noncontiguous,TRA,transportation,0,0,0,0,number of customers,cents per kilowatt-hour,million dollars,million kilowatt hours
2024-04,RI,Rhode Island,ALL,all sectors,523147,22.42,120.91114,539.3506,number of customers,cents per kilowatt-hour,million dollars,million kilowatt hours
2024-04,RI,Rhode Island,COM,commercial,63454,18.84,53.4016,283.39176,number of customers,cents per kilowatt-hour,million dollars,million kilowatt hours
2024-04,RI,Rhode Island,IND,industrial,1589,18.23,8.04838,44.15407,number of customers,cents per kilowatt-hour,million dollars,million kilowatt hours
2024-04,RI,Rhode Island,OTH,other,,,,,number of customers,cents per kilowatt-hour,million dollars,million kilowatt hours
2024-04,RI,Rhode Island,RES,residential,458103,28.15,59.1143,210.00388,number of customers,cents per kilowatt-hour,million dollars,million kilowatt hours
2024-04,RI,Rhode Island,TRA,transportation,1,19.26,.34686,1.80089,number of customers,cents per kilowatt-hour,million dollars,million kilowatt hours
2024-04,SAT,South Atlantic,ALL,all sectors,34667611,11.76,7342.37747,62423.25543,number of customers,cents per kilowatt-hour,million dollars,million kilowatt hours
2024-04,SAT,South Atlantic,COM,commercial,4033315,10.72,2887.74617,26932.30629,number of customers,cents per kilowatt-hour,million dollars,million kilowatt hours
2024-04,SAT,South Atlantic,IND,industrial,88680,7.38,808.43246,10960.61951,number of customers,cents per kilowatt-hour,million dollars,million kilowatt hours
2024-04,SAT,South Atlantic,OTH,other,,,,,number of customers,cents per kilowatt-hour,million dollars,million kilowatt hours
2024-04,SAT,South Atlantic,RES,residential,30545603,14.88,3638.29393,24453.10673,number of customers,cents per kilowatt-hour,million dollars,million kilowatt hours
2024-04,SAT,South Atlantic,TRA,transportation,13,10.24,7.9049,77.2229,number of customers,cents per kilowatt-hour,million dollars,million kilowatt hours
2024-04,SC,South Carolina,ALL,all sectors,2985598,10.37,621.11398,5989.24615,number of customers,cents per kilowatt-hour,million dollars,million kilowatt hours
2024-04,SC,South Carolina,COM,commercial,412441,10.21,205.25297,2010.6781,number of customers,cents per kilowatt-hour,million dollars,million kilowatt hours
2024-04,SC,South Carolina,IND,industrial,3602,6.42,129.34039,2015.65672,number of customers,cents per kilowatt-hour,million dollars,million kilowatt hours
2024-04,SC,South Carolina,OTH,other,,,,,number of customers,cents per kilowatt-hour,million dollars,million kilowatt hours
2024-04,SC,South Carolina,RES,residential,2569555,14.6,286.52062,1962.91132,number of customers,cents per kilowatt-hour,million dollars,million kilowatt hours
2024-04,SC,South Carolina,TRA,transportation,0,0,0,0,number of customers,cents per kilowatt-hour,million dollars,million kilowatt hours
2024-04,SD,South Dakota,ALL,all sectors,514078,10.55,112.0857,1062.45039,number of customers,cents per kilowatt-hour,million dollars,million kilowatt hours
2024-04,SD,South Dakota,COM,commercial,77940,10.17,40.43521,397.74154,number of customers,cents per kilowatt-hour,million dollars,million kilowatt hours
2024-04,SD,South Dakota,IND,industrial,4377,8.05,21.85686,271.56886,number of customers,cents per kilowatt-hour,million dollars,million kilowatt hours
2024-04,SD,South Dakota,OTH,other,,,,,number of customers,cents per kilowatt-hour,million dollars,million kilowatt hours
2024-04,SD,South Dakota,RES,residential,431761,12.67,49.79364,393.13999,number of customers,cents per kilowatt-hour,million dollars,million kilowatt hours
2024-04,SD,South Dakota,TRA,transportation,0,0,0,0,number of customers,cents per kilowatt-hour,million dollars,million kilowatt hours
2024-04,TN,Tennessee,ALL,all sectors,3698104,10.71,774.54493,7231.75707,number of customers,cents per kilowatt-hour,million dollars,million kilowatt hours
2024-04,TN,Tennessee,COM,commercial,540812,11.98,316.29511,2640.61932,number of customers,cents per kilowatt-hour,million dollars,million kilowatt hours
2024-04,TN,Tennessee,IND,industrial,1002,6.03,109.87766,1821.38044,number of customers,cents per kilowatt-hour,million dollars,million kilowatt hours
2024-04,TN,Tennessee,OTH,other,,,,,number of customers,cents per kilowatt-hour,million dollars,million kilowatt hours
2024-04,TN,Tennessee,RES,residential,3156290,12.58,348.37216,2769.75732,number of customers,cents per kilowatt-hour,million dollars,million kilowatt hours
2024-04,TN,Tennessee,TRA,transportation,0,0,0,0,number of customers,cents per kilowatt-hour,million dollars,million kilowatt hours
2024-04,TX,Texas,ALL,all sectors,14407565,9.28,3310.95304,35669.58662,number of customers,cents per kilowatt-hour,million dollars,million kilowatt hours
2024-04,TX,Texas,COM,commercial,1555010,8.32,1011.87062,12161.09289,number of customers,cents per kilowatt-hour,million dollars,million kilowatt hours
2024-04,TX,Texas,IND,industrial,367126,5.98,822.82001,13753.11785,number of customers,cents per kilowatt-hour,million dollars,million kilowatt hours
2024-04,TX,Texas,OTH,other,,,,,number of customers,cents per kilowatt-hour,million dollars,million kilowatt hours
2024-04,TX,Texas,RES,residential,12485426,15.13,1476.23282,9754.68291,number of customers,cents per kilowatt-hour,million dollars,million kilowatt hours
2024-04,TX,Texas,TRA,transportation,3,4.27,.0296,.69296,number of customers,cents per kilowatt-hour,million dollars,million kilowatt hours
2024-04,US,U.S. Total,ALL,all sectors,163332071,12.54,35885.87871,286256.79709,number of customers,cents per kilowatt-hour,million dollars,million kilowatt hours
2024-04,US,U.S. Total,COM,commercial,19459486,12.35,13457.00447,108972.49159,number of customers,cents per kilowatt-hour,million dollars,million kilowatt hours
2024-04,US,U.S. Total,IND,industrial,1106073,7.79,6396.91526,82078.05685,number of customers,cents per kilowatt-hour,million dollars,million kilowatt hours
2024-04,US,U.S. Total,OTH,other,,,,,number of customers,cents per kilowatt-hour,million dollars,million kilowatt hours
2024-04,US,U.S. Total,RES,residential,142766432,16.86,15965.63168,94674.02447,number of customers,cents per kilowatt-hour,million dollars,million kilowatt hours
2024-04,US,U.S. Total,TRA,transportation,80,12.46,66.32731,532.22419,number of customers,cents per kilowatt-hour,million dollars,million kilowatt hours
2024-04,UT,Utah,ALL,all sectors,1423661,9.13,223.59972,2448.34569,number of customers,cents per kilowatt-hour,million dollars,million kilowatt hours
2024-04,UT,Utah,COM,commercial,145355,8.76,90.62059,1034.71676,number of customers,cents per kilowatt-hour,million dollars,million kilowatt hours
2024-04,UT,Utah,IND,industrial,10832,7.08,48.72337,687.87146,number of customers,cents per kilowatt-hour,million dollars,million kilowatt hours
2024-04,UT,Utah,OTH,other,,,,,number of customers,cents per kilowatt-hour,million dollars,million kilowatt hours
2024-04,UT,Utah,RES,residential,1267473,11.61,83.71786,721.29194,number of customers,cents per kilowatt-hour,million dollars,million kilowatt hours
2024-04,UT,Utah,TRA,transportation,1,12.05,.5379,4.46553,number of customers,cents per kilowatt-hour,million dollars,million kilowatt hours
2024-04,VA,Virginia,ALL,all sectors,4091624,10.57,1051.12004,9941.70098,number of customers,cents per kilowatt-hour,million dollars,million kilowatt hours
2024-04,VA,Virginia,COM,commercial,445138,8.93,540.73058,6057.84102,number of customers,cents per kilowatt-hour,million dollars,million kilowatt hours
2024-04,VA,Virginia,IND,industrial,3758,9.17,103.51011,1129.11047,number of customers,cents per kilowatt-hour,million dollars,million kilowatt hours
2024-04,VA,Virginia,OTH,other,,,,,number of customers,cents per kilowatt-hour,million dollars,million kilowatt hours
2024-04,VA,Virginia,RES,residential,3642727,14.78,406.40712,2749.9494,number of customers,cents per kilowatt-hour,million dollars,million kilowatt hours
2024-04,VA,Virginia,TRA,transportation,1,9.84,.47224,4.8001,number of customers,cents per kilowatt-hour,million dollars,million kilowatt hours
2024-04,VT,Vermont,ALL,all sectors,387376,18.06,74.0901,410.23838,number of customers,cents per kilowatt-hour,million dollars,million kilowatt hours
2024-04,VT,Vermont,COM,commercial,63894,18.67,27.46883,147.15089,number of customers,cents per kilowatt-hour,million dollars,million kilowatt hours
2024-04,VT,Vermont,IND,industrial,243,11.21,11.18236,99.77261,number of customers,cents per kilowatt-hour,million dollars,million kilowatt hours
2024-04,VT,Vermont,OTH,other,,,,,number of customers,cents per kilowatt-hour,million dollars,million kilowatt hours
2024-04,VT,Vermont,RES,residential,323239,21.7,35.43891,163.31488,number of customers,cents per kilowatt-hour,million dollars,million kilowatt hours
2024-04,VT,Vermont,TRA,transportation,0,0,0,0,number of customers,cents per kilowatt-hour,million dollars,million kilowatt hours
2024-04,WA,Washington,ALL,all sectors,3789995,9.92,715.86192,7218.56285,number of customers,cents per kilowatt-hour,million dollars,million kilowatt hours
2024-04,WA,Washington,COM,commercial,405924,9.63,259.73752,2696.40908,number of customers,cents per kilowatt-hour,million dollars,million kilowatt hours
2024-04,WA,Washington,IND,industrial,27148,6.5,95.86587,1474.49768,number of customers,cents per kilowatt-hour,million dollars,million kilowatt hours
2024-04,WA,Washington,OTH,other,,,,,number of customers,cents per kilowatt-hour,million dollars,million kilowatt hours
2024-04,WA,Washington,RES,residential,3356918,11.82,359.38644,3040.01796,number of customers,cents per kilowatt-hour,million dollars,million kilowatt hours
2024-04,WA,Washington,TRA,transportation,5,11.42,.87208,7.63814,number of customers,cents per kilowatt-hour,million dollars,million kilowatt hours
2024-04,WI,Wisconsin,ALL,all sectors,3211711,12.33,639.42955,5187.87417,number of customers,cents per kilowatt-hour,million dollars,million kilowatt hours
2024-04,WI,Wisconsin,COM,commercial,368189,12.4,217.60966,1755.25238,number of customers,cents per kilowatt-hour,million dollars,million kilowatt hours
2024-04,WI,Wisconsin,IND,industrial,5831,8.16,154.41678,1891.5927,number of customers,cents per kilowatt-hour,million dollars,million kilowatt hours
2024-04,WI,Wisconsin,OTH,other,,,,,number of customers,cents per kilowatt-hour,million dollars,million kilowatt hours
2024-04,WI,Wisconsin,RES,residential,2837689,17.35,267.38405,1540.92157,number of customers,cents per kilowatt-hour,million dollars,million kilowatt hours
2024-04,WI,Wisconsin,TRA,transportation,2,17.72,.01905,.10752,number of customers,cents per kilowatt-hour,million dollars,million kilowatt hours
2024-04,WNC,West North Central,ALL,all sectors,11651249,9.98,2316.44965,23206.5888,number of customers,cents per kilowatt-hour,million dollars,million kilowatt hours
2024-04,WNC,West North Central,COM,commercial,1522883,9.73,799.80407,8220.12403,number of customers,cents per kilowatt-hour,million dollars,million kilowatt hours
2024-04,WNC,West North Central,IND,industrial,135553,7.42,592.62434,7991.40849,number of customers,cents per kilowatt-hour,million dollars,million kilowatt hours
2024-04,WNC,West North Central,OTH,other,,,,,number of customers,cents per kilowatt-hour,million dollars,million kilowatt hours
2024-04,WNC,West North Central,RES,residential,9992810,13.21,923.70428,6992.04919,number of customers,cents per kilowatt-hour,million dollars,million kilowatt hours
2024-04,WNC,West North Central,TRA,transportation,3,10.54,.31696,3.00709,number of customers,cents per kilowatt-hour,million dollars,million kilowatt hours
2024-04,WSC,West South Central,ALL,all sectors,20769218,9.12,4630.33529,50749.86672,number of customers,cents per kilowatt-hour,million dollars,million kilowatt hours
2024-04,WSC,West South Central,COM,commercial,2360513,8.66,1429.53357,16506.77363,number of customers,cents per kilowatt-hour,million dollars,million kilowatt hours
2024-04,WSC,West South Central,IND,industrial,435884,5.95,1206.01459,20281.84285,number of customers,cents per kilowatt-hour,million dollars,million kilowatt hours
2024-04,WSC,West South Central,OTH,other,,,,,number of customers,cents per kilowatt-hour,million dollars,million kilowatt hours
2024-04,WSC,West South Central,RES,residential,17972815,14.29,1994.6737,13959.87451,number of customers,cents per kilowatt-hour,million dollars,million kilowatt hours
2024-04,WSC,West South Central,TRA,transportation,6,8.25,.11343,1.37573,number of customers,cents per kilowatt-hour,million dollars,million kilowatt hours
2024-04,WV,West Virginia,ALL,all sectors,1029075,10.92,262.6048,2404.45869,number of customers,cents per kilowatt-hour,million dollars,million kilowatt hours
2024-04,WV,West Virginia,COM,commercial,151923,12.11,65.67032,542.34274,number of customers,cents per kilowatt-hour,million dollars,million kilowatt hours
2024-04,WV,West Virginia,IND,industrial,11032,7.73,91.44476,1182.79803,number of customers,cents per kilowatt-hour,million dollars,million kilowatt hours
2024-04,WV,West Virginia,OTH,other,,,,,number of customers,cents per kilowatt-hour,million dollars,million kilowatt hours
2024-04,WV,West Virginia,RES,residential,866120,15.53,105.48972,679.31792,number of customers,cents per kilowatt-hour,million dollars,million kilowatt hours
2024-04,WV,West Virginia,TRA,transportation,0,0,0,0,number of customers,cents per kilowatt-hour,million dollars,million kilowatt hours
2024-04,WY,Wyoming,ALL,all sectors,356885,8.66,119.99833,1385.70759,number of customers,cents per kilowatt-hour,million dollars,million kilowatt hours
2024-04,WY,Wyoming,COM,commercial,58827,8.95,38.64557,431.92938,number of customers,cents per kilowatt-hour,million dollars,million kilowatt hours
2024-04,WY,Wyoming,IND,industrial,12093,7.39,53.65923,726.14217,number of customers,cents per kilowatt-hour,million dollars,million kilowatt hours
2024-04,WY,Wyoming,OTH,other,,,,,number of customers,cents per kilowatt-hour,million dollars,million kilowatt hours
2024-04,WY,Wyoming,RES,residential,285965,12.17,27.69354,227.63604,number of customers,cents per kilowatt-hour,million dollars,million kilowatt hours
2024-04,WY,Wyoming,TRA,transportation,0,0,0,0,number of customers,cents per kilowatt-hour,million dollars,million kilowatt hours
2024-03,AK,Alaska,ALL,all sectors,354951,23.21,121.03968,521.58158,number of customers,cents per kilowatt-hour,million dollars,million kilowatt hours
2024-03,AK,Alaska,COM,commercial,56743,22.74,48.69871,214.19366,number of customers,cents per kilowatt-hour,million dollars,million kilowatt hours
2024-03,AK,Alaska,IND,industrial,1161,21.42,25.16465,117.46278,number of customers,cents per kilowatt-hour,million dollars,million kilowatt hours
2024-03,AK,Alaska,OTH,other,,,,,number of customers,cents per kilowatt-hour,million dollars,million kilowatt hours
2024-03,AK,Alaska,RES,residential,297047,24.84,47.17633,189.92513,number of customers,cents per kilowatt-hour,million dollars,million kilowatt hours
2024-03,AK,Alaska,TRA,transportation,0,0,0,0,number of customers,cents per kilowatt-hour,million dollars,million kilowatt hours
2024-03,AL,Alabama,ALL,all sectors,2779424,11.81,737.67301,6245.46655,number of customers,cents per kilowatt-hour,million dollars,million kilowatt hours
2024-03,AL,Alabama,COM,commercial,387335,13.94,227.4076,1631.88019,number of customers,cents per kilowatt-hour,million dollars,million kilowatt hours
2024-03,AL,Alabama,IND,industrial,7216,7.18,184.80644,2574.09996,number of customers,cents per kilowatt-hour,million dollars,million kilowatt hours
2024-03,AL,Alabama,OTH,other,,,,,number of customers,cents per kilowatt-hour,million dollars,million kilowatt hours
2024-03,AL,Alabama,RES,residential,2384873,15.96,325.45897,2039.48641,number of customers,cents per kilowatt-hour,million dollars,million kilowatt hours
2024-03,AL,Alabama,TRA,transportation,0,0,0,0,number of customers,cents per kilowatt-hour,million dollars,million kilowatt hours
2024-03,AR,Arkansas,ALL,all sectors,1706394,9.5,342.74419,3607.31478,number of customers,cents per kilowatt-hour,million dollars,million kilowatt hours
2024-03,AR,Arkansas,COM,commercial,206314,10.7,90.37635,844.37053,number of customers,cents per kilowatt-hour,million dollars,million kilowatt hours
2024-03,AR,Arkansas,IND,industrial,30678,6.28,98.89168,1574.93087,number of customers,cents per kilowatt-hour,million dollars,million kilowatt hours
2024-03,AR,Arkansas,OTH,other,,,,,number of customers,cents per kilowatt-hour,million dollars,million kilowatt hours
2024-03,AR,Arkansas,RES,residential,1469400,12.92,153.47371,1187.99475,number of customers,cents per kilowatt-hour,million dollars,million kilowatt hours
2024-03,AR,Arkansas,TRA,transportation,2,13.14,.00245,.01863,number of customers,cents per kilowatt-hour,million dollars,million kilowatt hours
2024-03,AZ,Arizona,ALL,all sectors,3475847,11.95,688.57583,5760.00771,number of customers,cents per kilowatt-hour,million dollars,million kilowatt hours
2024-03,AZ,Arizona,COM,commercial,347625,11.67,285.86879,2449.72288,number of customers,cents per kilowatt-hour,million dollars,million kilowatt hours
2024-03,AZ,Arizona,IND,industrial,7564,7.16,83.29616,1163.83549,number of customers,cents per kilowatt-hour,million dollars,million kilowatt hours
2024-03,AZ,Arizona,OTH,other,,,,,number of customers,cents per kilowatt-hour,million dollars,million kilowatt hours
2024-03,AZ,Arizona,RES,residential,3120656,14.88,319.32987,2145.61222,number of customers,cents per kilowatt-hour,million dollars,million kilowatt hours
2024-03,AZ,Arizona,TRA,transportation,2,9.68,.08101,.83712,number of customers,cents per kilowatt-hour,million dollars,million kilowatt hours
2024-03,CA,California,ALL,all sectors,16096640,25.86,4584.15236,17729.19839,number of customers,cents per kilowatt-hour,million dollars,million kilowatt hours
2024-03,CA,California,COM,commercial,1774289,23.77,2077.58833,8741.59624,number of customers,cents per kilowatt-hour,million dollars,million kilowatt hours
2024-03,CA,California,IND,industrial,145929,19.14,574.09125,2999.7684,number of customers,cents per kilowatt-hour,million dollars,million kilowatt hours
2024-03,CA,California,OTH,other,,,,,number of customers,cents per kilowatt-hour,million dollars,million kilowatt hours
2024-03,CA,California,RES,residential,14176410,32.46,1922.66915,5923.29164,number of customers,cents per kilowatt-hour,million dollars,million kilowatt hours
2024-03,CA,California,TRA,transportation,12,15.19,9.80363,64.54211,number of customers,cents per kilowatt-hour,million dollars,million kilowatt hours
2024-03,CO,Colorado,ALL,all sectors,2965602,11.27,506.30664,4494.4941,number of customers,cents per kilowatt-hour,million dollars,million kilowatt hours
2024-03,CO,Colorado,COM,commercial,404418,10.77,185.55891,1723.01696,number of customers,cents per kilowatt-hour,million dollars,million kilowatt hours
2024-03,CO,Colorado,IND,industrial,14746,8.1,100.59262,1241.36898,number of customers,cents per kilowatt-hour,million dollars,million kilowatt hours
2024-03,CO,Colorado,OTH,other,,,,,number of customers,cents per kilowatt-hour,million dollars,million kilowatt hours
2024-03,CO,Colorado,RES,residential,2546437,14.41,219.41575,1522.75028,number of customers,cents per kilowatt-hour,million dollars,million kilowatt hours
2024-03,CO,Colorado,TRA,transportation,1,10.05,.73936,7.35788,number of customers,cents per kilowatt-hour,million dollars,million kilowatt hours
2024-03,CT,Connecticut,ALL,all sectors,1707779,23.94,499.93688,2088.61481,number of customers,cents per kilowatt-hour,million dollars,million kilowatt hours
2024-03,CT,Connecticut,COM,commercial,156911,20.16,179.85661,892.28564,number of customers,cents per kilowatt-hour,million dollars,million kilowatt hours
2024-03,CT,Connecticut,IND,industrial,3878,15.98,32.40153,202.72568,number of customers,cents per kilowatt-hour,million dollars,million kilowatt hours
2024-03,CT,Connecticut,OTH,other,,,,,number of customers,cents per kilowatt-hour,million dollars,million kilowatt hours
2024-03,CT,Connecticut,RES,residential,1546987,29.12,285.73157,981.32315,number of customers,cents per kilowatt-hour,million dollars,million kilowatt hours
2024-03,CT,Connecticut,TRA,transportation,3,15.86,1.94718,12.28035,number of customers,cents per kilowatt-hour,million dollars,million kilowatt hours
2024-03,DC,District of Columbia,ALL,all sectors,344886,16.82,136.89256,813.66967,number of customers,cents per kilowatt-hour,million dollars,million kilowatt hours
2024-03,DC,District of Columbia,COM,commercial,27491,17.03,101.69849,597.08515,number of customers,cents per kilowatt-hour,million dollars,million kilowatt hours
2024-03,DC,District of Columbia,IND,industrial,1,9.58,1.49119,15.56239,number of customers,cents per kilowatt-hour,million dollars,million kilowatt hours
2024-03,DC,District of Columbia,OTH,other,,,,,number of customers,cents per kilowatt-hour,million dollars,million kilowatt hours
2024-03,DC,District of Columbia,RES,residential,317391,17.71,31.29908,176.72852,number of customers,cents per kilowatt-hour,million dollars,million kilowatt hours
2024-03,DC,District of Columbia,TRA,transportation,3,9.89,2.4038,24.29361,number of customers,cents per kilowatt-hour,million dollars,million kilowatt hours
2024-03,DE,Delaware,ALL,all sectors,533002,13.64,128.71307,943.87033,number of customers,cents per kilowatt-hour,million dollars,million kilowatt hours
2024-03,DE,Delaware,COM,commercial,60397,11.84,41.76249,352.85996,number of customers,cents per kilowatt-hour,million dollars,million kilowatt hours
2024-03,DE,Delaware,IND,industrial,1162,8.7,12.76477,146.74287,number of customers,cents per kilowatt-hour,million dollars,million kilowatt hours
2024-03,DE,Delaware,OTH,other,,,,,number of customers,cents per kilowatt-hour,million dollars,million kilowatt hours
2024-03,DE,Delaware,RES,residential,471443,16.7,74.18582,444.2675,number of customers,cents per kilowatt-hour,million dollars,million kilowatt hours
2024-03,DE,Delaware,TRA,transportation,0,0,0,0,number of customers,cents per kilowatt-hour,million dollars,million kilowatt hours
2024-03,ENC,East North Central,ALL,all sectors,23568710,11.82,5155.42294,43624.65287,number of customers,cents per kilowatt-hour,million dollars,million kilowatt hours
2024-03,ENC,East North Central,COM,commercial,2573223,12.06,1713.59275,14214.57512,number of customers,cents per kilowatt-hour,million dollars,million kilowatt hours
2024-03,ENC,East North Central,IND,industrial,54559,7.69,1219.7406,15863.6845,number of customers,cents per kilowatt-hour,million dollars,million kilowatt hours
2024-03,ENC,East North Central,OTH,other,,,,,number of customers,cents per kilowatt-hour,million dollars,million kilowatt hours
2024-03,ENC,East North Central,RES,residential,20940918,16.45,2219.01987,13489.00648,number of customers,cents per kilowatt-hour,million dollars,million kilowatt hours
2024-03,ENC,East North Central,TRA,transportation,10,5.35,3.06972,57.38677,number of customers,cents per kilowatt-hour,million dollars,million kilowatt hours
2024-03,ESC,East South Central,ALL,all sectors,10465997,11.01,2527.30052,22948.00439,number of customers,cents per kilowatt-hour,million dollars,million kilowatt hours
2024-03,ESC,East South Central,COM,commercial,1500731,12.67,858.94275,6777.5802,number of customers,cents per kilowatt-hour,million dollars,million kilowatt hours
2024-03,ESC,East South Central,IND,industrial,25241,6.74,545.29263,8089.96464,number of customers,cents per kilowatt-hour,million dollars,million kilowatt hours
2024-03,ESC,East South Central,OTH,other,,,,,number of customers,cents per kilowatt-hour,million dollars,million kilowatt hours
2024-03,ESC,East South Central,RES,residential,8940025,13.9,1123.06514,8080.45955,number of customers,cents per kilowatt-hour,million dollars,million kilowatt hours
2024-03,ESC,East South Central,TRA,transportation,0,0,0,0,number of customers,cents per kilowatt-hour,million dollars,million kilowatt hours
2024-03,FL,Florida,ALL,all sectors,11707702,12.85,2304.7002,17932.37855,number of customers,cents per kilowatt-hour,million dollars,million kilowatt hours
2024-03,FL,Florida,COM,commercial,1303618,11.5,855.42003,7438.66843,number of customers,cents per kilowatt-hour,million dollars,million kilowatt hours
2024-03,FL,Florida,IND,industrial,26479,8.6,125.0315,1453.64617,number of customers,cents per kilowatt-hour,million dollars,million kilowatt hours
2024-03,FL,Florida,OTH,other,,,,,number of customers,cents per kilowatt-hour,million dollars,million kilowatt hours
2024-03,FL,Florida,RES,residential,10377603,14.65,1323.58656,9034.58578,number of customers,cents per kilowatt-hour,million dollars,million kilowatt hours
2024-03,FL,Florida,TRA,transportation,2,12.09,.66211,5.47817,number of customers,cents per kilowatt-hour,million dollars,million kilowatt hours
2024-03,GA,Georgia,ALL,all sectors,5420824,10.32,1101.17476,10668.77976,number of customers,cents per kilowatt-hour,million dollars,million kilowatt hours
2024-03,GA,Georgia,COM,commercial,616255,10.28,418.01894,4065.20372,number of customers,cents per kilowatt-hour,million dollars,million kilowatt hours
2024-03,GA,Georgia,IND,industrial,23838,5.77,154.59334,2677.05002,number of customers,cents per kilowatt-hour,million dollars,million kilowatt hours
2024-03,GA,Georgia,OTH,other,,,,,number of customers,cents per kilowatt-hour,million dollars,million kilowatt hours
2024-03,GA,Georgia,RES,residential,4780730,13.49,527.89946,3914.29521,number of customers,cents per kilowatt-hour,million dollars,million kilowatt hours
2024-03,GA,Georgia,TRA,transportation,1,5.42,.66302,12.23081,number of customers,cents per kilowatt-hour,million dollars,million kilowatt hours
2024-03,HI,Hawaii,ALL,all sectors,507042,39.94,276.23716,691.67892,number of customers,cents per kilowatt-hour,million dollars,million kilowatt hours
2024-03,HI,Hawaii,COM,commercial,59832,40.19,90.00235,223.95099,number of customers,cents per kilowatt-hour,million dollars,million kilowatt hours
2024-03,HI,Hawaii,IND,industrial,816,35.85,97.94398,273.22624,number of customers,cents per kilowatt-hour,million dollars,million kilowatt hours
2024-03,HI,Hawaii,OTH,other,,,,,number of customers,cents per kilowatt-hour,million dollars,million kilowatt hours
2024-03,HI,Hawaii,RES,residential,446394,45.39,88.29082,194.50169,number of customers,cents per kilowatt-hour,million dollars,million kilowatt hours
2024-03,HI,Hawaii,TRA,transportation,0,0,0,0,number of customers,cents per kilowatt-hour,million dollars,million kilowatt hours
2024-03,IA,Iowa,ALL,all sectors,1704668,8.48,370.27572,4365.62958,number of customers,cents per kilowatt-hour,million dollars,million kilowatt hours
2024-03,IA,Iowa,COM,commercial,251363,9.33,94.50439,1012.42215,number of customers,cents per kilowatt-hour,million dollars,million kilowatt hours
2024-03,IA,Iowa,IND,industrial,9127,5.94,132.75589,2233.17954,number of customers,cents per kilowatt-hour,million dollars,million kilowatt hours
2024-03,IA,Iowa,OTH,other,,,,,number of customers,cents per kilowatt-hour,million dollars,million kilowatt hours
2024-03,IA,Iowa,RES,residential,1444178,12.77,143.01544,1120.02789,number of customers,cents per kilowatt-hour,million dollars,million kilowatt hours
2024-03,IA,Iowa,TRA,transportation,0,0,0,0,number of customers,cents per kilowatt-hour,million dollars,million kilowatt hours
2024-03,ID,Idaho,ALL,all sectors,1014144,9.14,182.06383,1991.04951,number of customers,cents per kilowatt-hour,million dollars,million kilowatt hours
2024-03,ID,Idaho,COM,commercial,123331,9.11,50.63899,555.68568,number of customers,cents per kilowatt-hour,million dollars,million kilowatt hours
2024-03,ID,Idaho,IND,industrial,29280,6.54,38.74367,592.28752,number of customers,cents per kilowatt-hour,million dollars,million kilowatt hours
2024-03,ID,Idaho,OTH,other,,,,,number of customers,cents per kilowatt-hour,million dollars,million kilowatt hours
2024-03,ID,Idaho,RES,residential,861533,10.99,92.68117,843.07631,number of customers,cents per kilowatt-hour,million dollars,million kilowatt hours
2024-03,ID,Idaho,TRA,transportation,0,0,0,0,number of customers,cents per kilowatt-hour,million dollars,million kilowatt hours
2024-03,IL,Illinois,ALL,all sectors,6071683,11.31,1182.06097,10455.6782,number of customers,cents per kilowatt-hour,million dollars,million kilowatt hours
2024-03,IL,Illinois,COM,commercial,642077,10.85,401.61276,3702.589,number of customers,cents per kilowatt-hour,million dollars,million kilowatt hours
2024-03,IL,Illinois,IND,industrial,5674,8.01,293.23469,3661.80454,number of customers,cents per kilowatt-hour,million dollars,million kilowatt hours
2024-03,IL,Illinois,OTH,other,,,,,number of customers,cents per kilowatt-hour,million dollars,million kilowatt hours
2024-03,IL,Illinois,RES,residential,5423929,15.95,484.56583,3038.78986,number of customers,cents per kilowatt-hour,million dollars,million kilowatt hours
2024-03,IL,Illinois,TRA,transportation,3,5.04,2.64769,52.4948,number of customers,cents per kilowatt-hour,million dollars,million kilowatt hours
2024-03,IN,Indiana,ALL,all sectors,3438441,11.15,868.11714,7784.20478,number of customers,cents per kilowatt-hour,million dollars,million kilowatt hours
2024-03,IN,Indiana,COM,commercial,374068,12.81,234.5274,1831.51548,number of customers,cents per kilowatt-hour,million dollars,million kilowatt hours
2024-03,IN,Indiana,IND,industrial,19476,8.09,289.40825,3579.21863,number of customers,cents per kilowatt-hour,million dollars,million kilowatt hours
2024-03,IN,Indiana,OTH,other,,,,,number of customers,cents per kilowatt-hour,million dollars,million kilowatt hours
2024-03,IN,Indiana,RES,residential,3044896,14.5,344.04644,2372.34906,number of customers,cents per kilowatt-hour,million dollars,million kilowatt hours
2024-03,IN,Indiana,TRA,transportation,1,12.04,.13506,1.12161,number of customers,cents per kilowatt-hour,million dollars,million kilowatt hours
2024-03,KS,Kansas,ALL,all sectors,1578399,10.72,317.5484,2962.14356,number of customers,cents per kilowatt-hour,million dollars,million kilowatt hours
2024-03,KS,Kansas,COM,commercial,244183,10.93,127.09449,1163.17326,number of customers,cents per kilowatt-hour,million dollars,million kilowatt hours
2024-03,KS,Kansas,IND,industrial,23565,7.53,72.17522,958.55429,number of customers,cents per kilowatt-hour,million dollars,million kilowatt hours
2024-03,KS,Kansas,OTH,other,,,,,number of customers,cents per kilowatt-hour,million dollars,million kilowatt hours
2024-03,KS,Kansas,RES,residential,1310651,14.07,118.27869,840.41601,number of customers,cents per kilowatt-hour,million dollars,million kilowatt hours
2024-03,KS,Kansas,TRA,transportation,0,0,0,0,number of customers,cents per kilowatt-hour,million dollars,million kilowatt hours
2024-03,KY,Kentucky,ALL,all sectors,2403151,10,573.44048,5734.40868,number of customers,cents per kilowatt-hour,million dollars,million kilowatt hours
2024-03,KY,Kentucky,COM,commercial,326832,11.69,179.67075,1537.14329,number of customers,cents per kilowatt-hour,million dollars,million kilowatt hours
2024-03,KY,Kentucky,IND,industrial,4831,6.48,150.89754,2327.70203,number of customers,cents per kilowatt-hour,million dollars,million kilowatt hours
2024-03,KY,Kentucky,OTH,other,,,,,number of customers,cents per kilowatt-hour,million dollars,million kilowatt hours
2024-03,KY,Kentucky,RES,residential,2071488,12.99,242.8722,1869.56336,number of customers,cents per kilowatt-hour,million dollars,million kilowatt hours
2024-03,KY,Kentucky,TRA,transportation,0,0,0,0,number of customers,cents per kilowatt-hour,million dollars,million kilowatt hours
2024-03,LA,Louisiana,ALL,all sectors,2458340,9.52,602.33944,6329.25376,number of customers,cents per kilowatt-hour,million dollars,million kilowatt hours
2024-03,LA,Louisiana,COM,commercial,299960,11.53,192.36826,1669.11298,number of customers,cents per kilowatt-hour,million dollars,million kilowatt hours
2024-03,LA,Louisiana,IND,industrial,18014,6.47,185.45241,2866.66878,number of customers,cents per kilowatt-hour,million dollars,million kilowatt hours
2024-03,LA,Louisiana,OTH,other,,,,,number of customers,cents per kilowatt-hour,million dollars,million kilowatt hours
2024-03,LA,Louisiana,RES,residential,2140365,12.52,224.42315,1792.71778,number of customers,cents per kilowatt-hour,million dollars,million kilowatt hours
2024-03,LA,Louisiana,TRA,transportation,1,12.68,.09562,.75423,number of customers,cents per kilowatt-hour,million dollars,million kilowatt hours
2024-03,MA,Massachusetts,ALL,all sectors,3423594,23.9,986.72537,4128.27799,number of customers,cents per kilowatt-hour,million dollars,million kilowatt hours
2024-03,MA,Massachusetts,COM,commercial,464887,20.6,411.26487,1996.60242,number of customers,cents per kilowatt-hour,million dollars,million kilowatt hours
2024-03,MA,Massachusetts,IND,industrial,10357,17.9,79.91079,446.37084,number of customers,cents per kilowatt-hour,million dollars,million kilowatt hours
2024-03,MA,Massachusetts,OTH,other,,,,,number of customers,cents per kilowatt-hour,million dollars,million kilowatt hours
2024-03,MA,Massachusetts,RES,residential,2948348,29.7,493.2325,1660.66012,number of customers,cents per kilowatt-hour,million dollars,million kilowatt hours
2024-03,MA,Massachusetts,TRA,transportation,2,9.4,2.31722,24.64462,number of customers,cents per kilowatt-hour,million dollars,million kilowatt hours
2024-03,MAT,Middle Atlantic,ALL,all sectors,19131021,15.29,4281.2491,27997.24967,number of customers,cents per kilowatt-hour,million dollars,million kilowatt hours
2024-03,MAT,Middle Atlantic,COM,commercial,2439116,14.88,1744.52736,11725.36994,number of customers,cents per kilowatt-hour,million dollars,million kilowatt hours
2024-03,MAT,Middle Atlantic,IND,industrial,42730,8.22,496.31838,6037.45229,number of customers,cents per kilowatt-hour,million dollars,million kilowatt hours
2024-03,MAT,Middle Atlantic,OTH,other,,,,,number of customers,cents per kilowatt-hour,million dollars,million kilowatt hours
2024-03,MAT,Middle Atlantic,RES,residential,16649157,20.14,2000.35144,9931.6039,number of customers,cents per kilowatt-hour,million dollars,million kilowatt hours
2024-03,MAT,Middle Atlantic,TRA,transportation,18,13.23,40.05192,302.82354,number of customers,cents per kilowatt-hour,million dollars,million kilowatt hours
2024-03,MD,Maryland,ALL,all sectors,2717879,14.93,673.79109,4512.36151,number of customers,cents per kilowatt-hour,million dollars,million kilowatt hours
2024-03,MD,Maryland,COM,commercial,261417,12.68,270.48955,2132.55982,number of customers,cents per kilowatt-hour,million dollars,million kilowatt hours
2024-03,MD,Maryland,IND,industrial,9289,9.26,25.83167,278.92312,number of customers,cents per kilowatt-hour,million dollars,million kilowatt hours
2024-03,MD,Maryland,OTH,other,,,,,number of customers,cents per kilowatt-hour,million dollars,million kilowatt hours
2024-03,MD,Maryland,RES,residential,2447168,18.07,373.46667,2066.31754,number of customers,cents per kilowatt-hour,million dollars,million kilowatt hours
2024-03,MD,Maryland,TRA,transportation,5,11.58,4.00319,34.56103,number of customers,cents per kilowatt-hour,million dollars,million kilowatt hours
2024-03,ME,Maine,ALL,all sectors,858704,19.78,189.70719,959.1138,number of customers,cents per kilowatt-hour,million dollars,million kilowatt hours
2024-03,ME,Maine,COM,commercial,111293,18.68,63.0105,337.29228,number of customers,cents per kilowatt-hour,million dollars,million kilowatt hours
2024-03,ME,Maine,IND,industrial,1939,12.28,22.88,186.33614,number of customers,cents per kilowatt-hour,million dollars,million kilowatt hours
2024-03,ME,Maine,OTH,other,,,,,number of customers,cents per kilowatt-hour,million dollars,million kilowatt hours
2024-03,ME,Maine,RES,residential,745472,23.84,103.81669,435.48538,number of customers,cents per kilowatt-hour,million dollars,million kilowatt hours
2024-03,ME,Maine,TRA,transportation,0,0,0,0,number of customers,cents per kilowatt-hour,million dollars,million kilowatt hours
2024-03,MI,Michigan,ALL,all sectors,5078483,13.72,1081.03052,7879.29564,number of customers,cents per kilowatt-hour,million dollars,million kilowatt hours
2024-03,MI,Michigan,COM,commercial,562500,13.88,407.37863,2934.55615,number of customers,cents per kilowatt-hour,million dollars,million kilowatt hours
2024-03,MI,Michigan,IND,industrial,5636,8.02,191.14032,2384.36397,number of customers,cents per kilowatt-hour,million dollars,million kilowatt hours
2024-03,MI,Michigan,OTH,other,,,,,number of customers,cents per kilowatt-hour,million dollars,million kilowatt hours
2024-03,MI,Michigan,RES,residential,4510345,18.85,482.4393,2559.86929,number of customers,cents per kilowatt-hour,million dollars,million kilowatt hours
2024-03,MI,Michigan,TRA,transportation,2,14.28,.07228,.50623,number of customers,cents per kilowatt-hour,million dollars,million kilowatt hours
2024-03,MN,Minnesota,ALL,all sectors,2885819,11.96,634.39748,5304.83138,number of customers,cents per kilowatt-hour,million dollars,million kilowatt hours
2024-03,MN,Minnesota,COM,commercial,307529,11.79,215.61281,1828.90087,number of customers,cents per kilowatt-hour,million dollars,million kilowatt hours
2024-03,MN,Minnesota,IND,industrial,9010,9.01,150.92079,1675.58014,number of customers,cents per kilowatt-hour,million dollars,million kilowatt hours
2024-03,MN,Minnesota,OTH,other,,,,,number of customers,cents per kilowatt-hour,million dollars,million kilowatt hours
2024-03,MN,Minnesota,RES,residential,2569279,14.88,267.684,1798.83991,number of customers,cents per kilowatt-hour,million dollars,million kilowatt hours
2024-03,MN,Minnesota,TRA,transportation,1,11.91,.17988,1.51047,number of customers,cents per kilowatt-hour,million dollars,million kilowatt hours
2024-03,MO,Missouri,ALL,all sectors,3338716,10.44,591.88698,5668.60235,number of customers,cents per kilowatt-hour,million dollars,million kilowatt hours
2024-03,MO,Missouri,COM,commercial,403946,9.71,214.82435,2212.36651,number of customers,cents per kilowatt-hour,million dollars,million kilowatt hours
2024-03,MO,Missouri,IND,industrial,9521,7.52,79.20085,1052.93775,number of customers,cents per kilowatt-hour,million dollars,million kilowatt hours
2024-03,MO,Missouri,OTH,other,,,,,number of customers,cents per kilowatt-hour,million dollars,million kilowatt hours
2024-03,MO,Missouri,RES,residential,2925247,12.4,297.68278,2401.12201,number of customers,cents per kilowatt-hour,million dollars,million kilowatt hours
2024-03,MO,Missouri,TRA,transportation,2,8.23,.179,2.17608,number of customers,cents per kilowatt-hour,million dollars,million kilowatt hours
2024-03,MS,Mississippi,ALL,all sectors,1592848,10.96,374.63919,3416.93094,number of customers,cents per kilowatt-hour,million dollars,million kilowatt hours
2024-03,MS,Mississippi,COM,commercial,246037,12.64,125.52133,993.07356,number of customers,cents per kilowatt-hour,million dollars,million kilowatt hours
2024-03,MS,Mississippi,IND,industrial,12192,6.87,88.66476,1290.86921,number of customers,cents per kilowatt-hour,million dollars,million kilowatt hours
2024-03,MS,Mississippi,OTH,other,,,,,number of customers,cents per kilowatt-hour,million dollars,million kilowatt hours
2024-03,MS,Mississippi,RES,residential,1334619,14.16,160.4531,1132.98818,number of customers,cents per kilowatt-hour,million dollars,million kilowatt hours
2024-03,MS,Mississippi,TRA,transportation,0,0,0,0,number of customers,cents per kilowatt-hour,million dollars,million kilowatt hours
2024-03,MT,Montana,ALL,all sectors,681743,10.54,138.93038,1317.88557,number of customers,cents per kilowatt-hour,million dollars,million kilowatt hours
2024-03,MT,Montana,COM,commercial,117663,11.61,49.04751,422.57955,number of customers,cents per kilowatt-hour,million dollars,million kilowatt hours
2024-03,MT,Montana,IND,industrial,9581,7.08,26.71261,377.51309,number of customers,cents per kilowatt-hour,million dollars,million kilowatt hours
2024-03,MT,Montana,OTH,other,,,,,number of customers,cents per kilowatt-hour,million dollars,million kilowatt hours
2024-03,MT,Montana,RES,residential,554499,12.2,63.17026,517.79293,number of customers,cents per kilowatt-hour,million dollars,million kilowatt hours
2024-03,MT,Montana,TRA,transportation,0,0,0,0,number of customers,cents per kilowatt-hour,million dollars,million kilowatt hours
2024-03,MTN,Mountain,ALL,all sectors,12488961,10.59,2396.94367,22633.90079,number of customers,cents per kilowatt-hour,million dollars,million kilowatt hours
2024-03,MTN,Mountain,COM,commercial,1521149,10.52,887.79289,8438.63372,number of customers,cents per kilowatt-hour,million dollars,million kilowatt hours
2024-03,MTN,Mountain,IND,industrial,97458,7.2,490.30824,6811.56601,number of customers,cents per kilowatt-hour,million dollars,million kilowatt hours
2024-03,MTN,Mountain,OTH,other,,,,,number of customers,cents per kilowatt-hour,million dollars,million kilowatt hours
2024-03,MTN,Mountain,RES,residential,10870349,13.8,1017.42015,7370.53637,number of customers,cents per kilowatt-hour,million dollars,million kilowatt hours
2024-03,MTN,Mountain,TRA,transportation,5,10.8,1.42239,13.16469,number of customers,cents per kilowatt-hour,million dollars,million kilowatt hours
2024-03,NC,North Carolina,ALL,all sectors,5787711,11.95,1182.0466,9893.21623,number of customers,cents per kilowatt-hour,million dollars,million kilowatt hours
2024-03,NC,North Carolina,COM,commercial,749107,10.64,394.54587,3709.2088,number of customers,cents per kilowatt-hour,million dollars,million kilowatt hours
2024-03,NC,North Carolina,IND,industrial,8931,7.79,166.30477,2134.16229,number of customers,cents per kilowatt-hour,million dollars,million kilowatt hours
2024-03,NC,North Carolina,OTH,other,,,,,number of customers,cents per kilowatt-hour,million dollars,million kilowatt hours
2024-03,NC,North Carolina,RES,residential,5029672,15.34,621.10043,4048.90913,number of customers,cents per kilowatt-hour,million dollars,million kilowatt hours
2024-03,NC,North Carolina,TRA,transportation,1,10.21,.09554,.936,number of customers,cents per kilowatt-hour,million dollars,million kilowatt hours
2024-03,ND,North Dakota,ALL,all sectors,484512,7.88,201.56196,2556.37906,number of customers,cents per kilowatt-hour,million dollars,million kilowatt hours
2024-03,ND,North Dakota,COM,commercial,76945,7.28,67.89761,933.25938,number of customers,cents per kilowatt-hour,million dollars,million kilowatt hours
2024-03,ND,North Dakota,IND,industrial,10704,7.29,83.65365,1147.22789,number of customers,cents per kilowatt-hour,million dollars,million kilowatt hours
2024-03,ND,North Dakota,OTH,other,,,,,number of customers,cents per kilowatt-hour,million dollars,million kilowatt hours
2024-03,ND,North Dakota,RES,residential,396863,10.51,50.01071,475.89179,number of customers,cents per kilowatt-hour,million dollars,million kilowatt hours
2024-03,ND,North Dakota,TRA,transportation,0,0,0,0,number of customers,cents per kilowatt-hour,million dollars,million kilowatt hours
2024-03,NE,Nebraska,ALL,all sectors,1121208,8.73,236.92321,2712.91882,number of customers,cents per kilowatt-hour,million dollars,million kilowatt hours
2024-03,NE,Nebraska,COM,commercial,160500,8.25,80.69467,978.42082,number of customers,cents per kilowatt-hour,million dollars,million kilowatt hours
2024-03,NE,Nebraska,IND,industrial,60282,7.09,67.55806,952.68413,number of customers,cents per kilowatt-hour,million dollars,million kilowatt hours
2024-03,NE,Nebraska,OTH,other,,,,,number of customers,cents per kilowatt-hour,million dollars,million kilowatt hours
2024-03,NE,Nebraska,RES,residential,900426,11.34,88.67048,781.81387,number of customers,cents per kilowatt-hour,million dollars,million kilowatt hours
2024-03,NE,Nebraska,TRA,transportation,0,0,0,0,number of customers,cents per kilowatt-hour,million dollars,million kilowatt hours
2024-03,NEW,New England,ALL,all sectors,7670544,22.77,2069.26188,9086.11609,number of customers,cents per kilowatt-hour,million dollars,million kilowatt hours
2024-03,NEW,New England,COM,commercial,972966,19.99,801.80872,4010.47182,number of customers,cents per kilowatt-hour,million dollars,million kilowatt hours
2024-03,NEW,New England,IND,industrial,21165,15.84,182.25855,1150.44551,number of customers,cents per kilowatt-hour,million dollars,million kilowatt hours
2024-03,NEW,New England,OTH,other,,,,,number of customers,cents per kilowatt-hour,million dollars,million kilowatt hours
2024-03,NEW,New England,RES,residential,6676407,27.8,1080.59012,3886.59825,number of customers,cents per kilowatt-hour,million dollars,million kilowatt hours
2024-03,NEW,New England,TRA,transportation,6,11.93,4.6045,38.6005,number of customers,cents per kilowatt-hour,million dollars,million kilowatt hours
2024-03,NH,New Hampshire,ALL,all sectors,765445,20.02,174.03615,869.10383,number of customers,cents per kilowatt-hour,million dollars,million kilowatt hours
2024-03,NH,New Hampshire,COM,commercial,111948,19.05,61.22034,321.32806,number of customers,cents per kilowatt-hour,million dollars,million kilowatt hours
2024-03,NH,New Hampshire,IND,industrial,3124,16.38,25.89077,158.03154,number of customers,cents per kilowatt-hour,million dollars,million kilowatt hours
2024-03,NH,New Hampshire,OTH,other,,,,,number of customers,cents per kilowatt-hour,million dollars,million kilowatt hours
2024-03,NH,New Hampshire,RES,residential,650373,22.3,86.92505,389.74424,number of customers,cents per kilowatt-hour,million dollars,million kilowatt hours
2024-03,NH,New Hampshire,TRA,transportation,0,0,0,0,number of customers,cents per kilowatt-hour,million dollars,million kilowatt hours
2024-03,NJ,New Jersey,ALL,all sectors,4262669,15.02,823.4628,5482.99032,number of customers,cents per kilowatt-hour,million dollars,million kilowatt hours
2024-03,NJ,New Jersey,COM,commercial,540073,13.9,429.3045,3089.36495,number of customers,cents per kilowatt-hour,million dollars,million kilowatt hours
2024-03,NJ,New Jersey,IND,industrial,11159,11.65,63.22874,542.7056,number of customers,cents per kilowatt-hour,million dollars,million kilowatt hours
2024-03,NJ,New Jersey,OTH,other,,,,,number of customers,cents per kilowatt-hour,million dollars,million kilowatt hours
2024-03,NJ,New Jersey,RES,residential,3711430,18.01,327.34181,1817.24756,number of customers,cents per kilowatt-hour,million dollars,million kilowatt hours
2024-03,NJ,New Jersey,TRA,transportation,7,10.65,3.58775,33.67221,number of customers,cents per kilowatt-hour,million dollars,million kilowatt hours
2024-03,NM,New Mexico,ALL,all sectors,1090390,8.83,200.74315,2273.79568,number of customers,cents per kilowatt-hour,million dollars,million kilowatt hours
2024-03,NM,New Mexico,COM,commercial,148443,9.99,73.85254,739.35012,number of customers,cents per kilowatt-hour,million dollars,million kilowatt hours
2024-03,NM,New Mexico,IND,industrial,8902,5.64,59.89024,1061.00067,number of customers,cents per kilowatt-hour,million dollars,million kilowatt hours
2024-03,NM,New Mexico,OTH,other,,,,,number of customers,cents per kilowatt-hour,million dollars,million kilowatt hours
2024-03,NM,New Mexico,RES,residential,933045,14.15,67.00037,473.44489,number of customers,cents per kilowatt-hour,million dollars,million kilowatt hours
2024-03,NM,New Mexico,TRA,transportation,0,0,0,0,number of customers,cents per kilowatt-hour,million dollars,million kilowatt hours
2024-03,NV,Nevada,ALL,all sectors,1483949,11.55,312.11595,2701.98464,number of customers,cents per kilowatt-hour,million dollars,million kilowatt hours
2024-03,NV,Nevada,COM,commercial,175793,10.72,110.51282,1030.91877,number of customers,cents per kilowatt-hour,million dollars,million kilowatt hours
2024-03,NV,Nevada,IND,industrial,4763,8.03,72.5488,903.12801,number of customers,cents per kilowatt-hour,million dollars,million kilowatt hours
2024-03,NV,Nevada,OTH,other,,,,,number of customers,cents per kilowatt-hour,million dollars,million kilowatt hours
2024-03,NV,Nevada,RES,residential,1303392,16.81,128.99224,767.41929,number of customers,cents per kilowatt-hour,million dollars,million kilowatt hours
2024-03,NV,Nevada,TRA,transportation,1,11.97,.06209,.51857,number of customers,cents per kilowatt-hour,million dollars,million kilowatt hours
2024-03,NY,New York,ALL,all sectors,8578835,18.38,2013.0819,10951.81448,number of customers,cents per kilowatt-hour,million dollars,million kilowatt hours
2024-03,NY,New York,COM,commercial,1160465,17.29,982.9389,5686.36715,number of customers,cents per kilowatt-hour,million dollars,million kilowatt hours
2024-03,NY,New York,IND,industrial,16768,8.38,107.92196,1287.4848,number of customers,cents per kilowatt-hour,million dollars,million kilowatt hours
2024-03,NY,New York,OTH,other,,,,,number of customers,cents per kilowatt-hour,million dollars,million kilowatt hours
2024-03,NY,New York,RES,residential,7401596,23.69,890.30101,3757.87376,number of customers,cents per kilowatt-hour,million dollars,million kilowatt hours
2024-03,NY,New York,TRA,transportation,6,14.5,31.92003,220.08879,number of customers,cents per kilowatt-hour,million dollars,million kilowatt hours
2024-03,OH,Ohio,ALL,all sectors,5778605,11.17,1343.89469,12033.44024,number of customers,cents per kilowatt-hour,million dollars,million kilowatt hours
2024-03,OH,Ohio,COM,commercial,626152,11.2,433.52032,3870.37585,number of customers,cents per kilowatt-hour,million dollars,million kilowatt hours
2024-03,OH,Ohio,IND,industrial,18248,6.78,296.10177,4369.88777,number of customers,cents per kilowatt-hour,million dollars,million kilowatt hours
2024-03,OH,Ohio,OTH,other,,,,,number of customers,cents per kilowatt-hour,million dollars,million kilowatt hours
2024-03,OH,Ohio,RES,residential,5134203,16.2,614.07664,3790.01249,number of customers,cents per kilowatt-hour,million dollars,million kilowatt hours
2024-03,OH,Ohio,TRA,transportation,2,6.19,.19596,3.16413,number of customers,cents per kilowatt-hour,million dollars,million kilowatt hours
2024-03,OK,Oklahoma,ALL,all sectors,2187330,7.87,402.61012,5116.33059,number of customers,cents per kilowatt-hour,million dollars,million kilowatt hours
2024-03,OK,Oklahoma,COM,commercial,297073,7.68,138.09593,1798.50147,number of customers,cents per kilowatt-hour,million dollars,million kilowatt hours
2024-03,OK,Oklahoma,IND,industrial,19935,5.03,92.30483,1833.40494,number of customers,cents per kilowatt-hour,million dollars,million kilowatt hours
2024-03,OK,Oklahoma,OTH,other,,,,,number of customers,cents per kilowatt-hour,million dollars,million kilowatt hours
2024-03,OK,Oklahoma,RES,residential,1870322,11.6,172.20936,1484.42417,number of customers,cents per kilowatt-hour,million dollars,million kilowatt hours
2024-03,OK,Oklahoma,TRA,transportation,0,0,0,0,number of customers,cents per kilowatt-hour,million dollars,million kilowatt hours
2024-03,OR,Oregon,ALL,all sectors,2133480,11.13,553.60396,4975.54847,number of customers,cents per kilowatt-hour,million dollars,million kilowatt hours
2024-03,OR,Oregon,COM,commercial,247006,10.26,205.04307,1999.25757,number of customers,cents per kilowatt-hour,million dollars,million kilowatt hours
2024-03,OR,Oregon,IND,industrial,26112,7.76,93.56386,1205.20647,number of customers,cents per kilowatt-hour,million dollars,million kilowatt hours
2024-03,OR,Oregon,OTH,other,,,,,number of customers,cents per kilowatt-hour,million dollars,million kilowatt hours
2024-03,OR,Oregon,RES,residential,1860360,14.4,254.77433,1769.33236,number of customers,cents per kilowatt-hour,million dollars,million kilowatt hours
2024-03,OR,Oregon,TRA,transportation,2,12.71,.2227,1.75208,number of customers,cents per kilowatt-hour,million dollars,million kilowatt hours
2024-03,PA,Pennsylvania,ALL,all sectors,6289517,12.49,1444.7044,11562.44487,number of customers,cents per kilowatt-hour,million dollars,million kilowatt hours
2024-03,PA,Pennsylvania,COM,commercial,738578,11.27,332.28396,2949.63784,number of customers,cents per kilowatt-hour,million dollars,million kilowatt hours
2024-03,PA,Pennsylvania,IND,industrial,14803,7.73,325.16769,4207.2619,number of customers,cents per kilowatt-hour,million dollars,million kilowatt hours
2024-03,PA,Pennsylvania,OTH,other,,,,,number of customers,cents per kilowatt-hour,million dollars,million kilowatt hours
2024-03,PA,Pennsylvania,RES,residential,5536131,17.97,782.70861,4356.48259,number of customers,cents per kilowatt-hour,million dollars,million kilowatt hours
2024-03,PA,Pennsylvania,TRA,transportation,5,9.26,4.54415,49.06255,number of customers,cents per kilowatt-hour,million dollars,million kilowatt hours
2024-03,PACC,Pacific Contiguous,ALL,all sectors,22010448,19.35,5937.29828,30680.32709,number of customers,cents per kilowatt-hour,million dollars,million kilowatt hours
2024-03,PACC,Pacific Contiguous,COM,commercial,2425528,18.87,2555.54329,13540.98585,number of customers,cents per kilowatt-hour,million dollars,million kilowatt hours
2024-03,PACC,Pacific Contiguous,IND,industrial,197485,13.4,764.64573,5707.12359,number of customers,cents per kilowatt-hour,million dollars,million kilowatt hours
2024-03,PACC,Pacific Contiguous,OTH,other,,,,,number of customers,cents per kilowatt-hour,million dollars,million kilowatt hours
2024-03,PACC,Pacific Contiguous,RES,residential,19387416,22.95,2606.143,11357.85828,number of customers,cents per kilowatt-hour,million dollars,million kilowatt hours
2024-03,PACC,Pacific Contiguous,TRA,transportation,19,14.75,10.96626,74.35936,number of customers,cents per kilowatt-hour,million dollars,million kilowatt hours
2024-03,PACN,Pacific Noncontiguous,ALL,all sectors,861993,32.74,397.27684,1213.26049,number of customers,cents per kilowatt-hour,million dollars,million kilowatt hours
2024-03,PACN,Pacific Noncontiguous,COM,commercial,116575,31.66,138.70106,438.14465,number of customers,cents per kilowatt-hour,million dollars,million kilowatt hours
2024-03,PACN,Pacific Noncontiguous,IND,industrial,1977,31.51,123.10863,390.68902,number of customers,cents per kilowatt-hour,million dollars,million kilowatt hours
2024-03,PACN,Pacific Noncontiguous,OTH,other,,,,,number of customers,cents per kilowatt-hour,million dollars,million kilowatt hours
2024-03,PACN,Pacific Noncontiguous,RES,residential,743441,35.24,135.46715,384.42682,number of customers,cents per kilowatt-hour,million dollars,million kilowatt hours
2024-03,PACN,Pacific Noncontiguous,TRA,transportation,0,0,0,0,number of customers,cents per kilowatt-hour,million dollars,million kilowatt hours
2024-03,RI,Rhode Island,ALL,all sectors,528092,23.17,135.44103,584.55127,number of customers,cents per kilowatt-hour,million dollars,million kilowatt hours
2024-03,RI,Rhode Island,COM,commercial,64076,18.59,56.30841,302.83896,number of customers,cents per kilowatt-hour,million dollars,million kilowatt hours
2024-03,RI,Rhode Island,IND,industrial,1623,17.47,8.79912,50.35486,number of customers,cents per kilowatt-hour,million dollars,million kilowatt hours
2024-03,RI,Rhode Island,OTH,other,,,,,number of customers,cents per kilowatt-hour,million dollars,million kilowatt hours
2024-03,RI,Rhode Island,RES,residential,462392,30.47,69.9934,229.6819,number of customers,cents per kilowatt-hour,million dollars,million kilowatt hours
2024-03,RI,Rhode Island,TRA,transportation,1,20.3,.3401,1.67554,number of customers,cents per kilowatt-hour,million dollars,million kilowatt hours
2024-03,SAT,South Atlantic,ALL,all sectors,34589460,11.82,7580.91965,64141.32679,number of customers,cents per kilowatt-hour,million dollars,million kilowatt hours
2024-03,SAT,South Atlantic,COM,commercial,4023298,10.71,2889.57852,26971.43807,number of customers,cents per kilowatt-hour,million dollars,million kilowatt hours
2024-03,SAT,South Atlantic,IND,industrial,88034,7.32,816.05092,11148.20199,number of customers,cents per kilowatt-hour,million dollars,million kilowatt hours
2024-03,SAT,South Atlantic,OTH,other,,,,,number of customers,cents per kilowatt-hour,million dollars,million kilowatt hours
2024-03,SAT,South Atlantic,RES,residential,30478115,14.91,3865.07486,25920.41752,number of customers,cents per kilowatt-hour,million dollars,million kilowatt hours
2024-03,SAT,South Atlantic,TRA,transportation,13,10.09,10.21534,101.26921,number of customers,cents per kilowatt-hour,million dollars,million kilowatt hours
2024-03,SC,South Carolina,ALL,all sectors,2961085,10.46,631.22695,6036.23286,number of customers,cents per kilowatt-hour,million dollars,million kilowatt hours
2024-03,SC,South Carolina,COM,commercial,408904,10.45,204.48773,1956.93669,number of customers,cents per kilowatt-hour,million dollars,million kilowatt hours
2024-03,SC,South Carolina,IND,industrial,3577,6.41,131.59903,2052.82804,number of customers,cents per kilowatt-hour,million dollars,million kilowatt hours
2024-03,SC,South Carolina,OTH,other,,,,,number of customers,cents per kilowatt-hour,million dollars,million kilowatt hours
2024-03,SC,South Carolina,RES,residential,2548604,14.56,295.14019,2026.46813,number of customers,cents per kilowatt-hour,million dollars,million kilowatt hours
2024-03,SC,South Carolina,TRA,transportation,0,0,0,0,number of customers,cents per kilowatt-hour,million dollars,million kilowatt hours
2024-03,SD,South Dakota,ALL,all sectors,513256,10.49,118.34709,1128.68688,number of customers,cents per kilowatt-hour,million dollars,million kilowatt hours
2024-03,SD,South Dakota,COM,commercial,77906,10.32,42.35687,410.28691,number of customers,cents per kilowatt-hour,million dollars,million kilowatt hours
2024-03,SD,South Dakota,IND,industrial,4160,7.99,21.55916,269.83431,number of customers,cents per kilowatt-hour,million dollars,million kilowatt hours
2024-03,SD,South Dakota,OTH,other,,,,,number of customers,cents per kilowatt-hour,million dollars,million kilowatt hours
2024-03,SD,South Dakota,RES,residential,431190,12.13,54.43106,448.56566,number of customers,cents per kilowatt-hour,million dollars,million kilowatt hours
2024-03,SD,South Dakota,TRA,transportation,0,0,0,0,number of customers,cents per kilowatt-hour,million dollars,million kilowatt hours
2024-03,TN,Tennessee,ALL,all sectors,3690574,11.14,841.54784,7551.19822,number of customers,cents per kilowatt-hour,million dollars,million kilowatt hours
2024-03,TN,Tennessee,COM,commercial,540527,12.48,326.34307,2615.48317,number of customers,cents per kilowatt-hour,million dollars,million kilowatt hours
2024-03,TN,Tennessee,IND,industrial,1002,6.37,120.9239,1897.29345,number of customers,cents per kilowatt-hour,million dollars,million kilowatt hours
2024-03,TN,Tennessee,OTH,other,,,,,number of customers,cents per kilowatt-hour,million dollars,million kilowatt hours
2024-03,TN,Tennessee,RES,residential,3149045,12.98,394.28087,3038.4216,number of customers,cents per kilowatt-hour,million dollars,million kilowatt hours
2024-03,TN,Tennessee,TRA,transportation,0,0,0,0,number of customers,cents per kilowatt-hour,million dollars,million kilowatt hours
2024-03,TX,Texas,ALL,all sectors,14317062,9.13,3212.40474,35201.34728,number of customers,cents per kilowatt-hour,million dollars,million kilowatt hours
2024-03,TX,Texas,COM,commercial,1548363,8.32,1033.33077,12414.29946,number of customers,cents per kilowatt-hour,million dollars,million kilowatt hours
2024-03,TX,Texas,IND,industrial,361175,5.7,759.83487,13335.9523,number of customers,cents per kilowatt-hour,million dollars,million kilowatt hours
2024-03,TX,Texas,OTH,other,,,,,number of customers,cents per kilowatt-hour,million dollars,million kilowatt hours
2024-03,TX,Texas,RES,residential,12407521,15.02,1419.20682,9450.32398,number of customers,cents per kilowatt-hour,million dollars,million kilowatt hours
2024-03,TX,Texas,TRA,transportation,3,4.18,.03228,.77154,number of customers,cents per kilowatt-hour,million dollars,million kilowatt hours
2024-03,US,U.S. Total,ALL,all sectors,163082838,12.57,37376.7122,297278.27618,number of customers,cents per kilowatt-hour,million dollars,million kilowatt hours
2024-03,US,U.S. Total,COM,commercial,19446668,12.47,13887.64384,111382.31369,number of customers,cents per kilowatt-hour,million dollars,million kilowatt hours
2024-03,US,U.S. Total,IND,industrial,1084820,7.68,6382.03109,83100.0825,number of customers,cents per kilowatt-hour,million dollars,million kilowatt hours
2024-03,US,U.S. Total,OTH,other,,,,,number of customers,cents per kilowatt-hour,million dollars,million kilowatt hours
2024-03,US,U.S. Total,RES,residential,142551270,16.67,17036.21792,102203.04497,number of customers,cents per kilowatt-hour,million dollars,million kilowatt hours
2024-03,US,U.S. Total,TRA,transportation,80,11.95,70.81935,592.83502,number of customers,cents per kilowatt-hour,million dollars,million kilowatt hours
2024-03,UT,Utah,ALL,all sectors,1421008,9.13,237.17149,2597.635,number of customers,cents per kilowatt-hour,million dollars,million kilowatt hours
2024-03,UT,Utah,COM,commercial,145128,8.71,92.41278,1060.44174,number of customers,cents per kilowatt-hour,million dollars,million kilowatt hours
2024-03,UT,Utah,IND,industrial,10794,7.01,49.77271,710.21396,number of customers,cents per kilowatt-hour,million dollars,million kilowatt hours
2024-03,UT,Utah,OTH,other,,,,,number of customers,cents per kilowatt-hour,million dollars,million kilowatt hours
2024-03,UT,Utah,RES,residential,1265085,11.48,94.44607,822.52817,number of customers,cents per kilowatt-hour,million dollars,million kilowatt hours
2024-03,UT,Utah,TRA,transportation,1,12.13,.53993,4.45113,number of customers,cents per kilowatt-hour,million dollars,million kilowatt hours
2024-03,VA,Virginia,ALL,all sectors,4086758,10.59,1123.98271,10615.25281,number of customers,cents per kilowatt-hour,million dollars,million kilowatt hours
2024-03,VA,Virginia,COM,commercial,444335,8.72,530.66279,6082.92038,number of customers,cents per kilowatt-hour,million dollars,million kilowatt hours
2024-03,VA,Virginia,IND,industrial,3724,8.99,104.70237,1164.26524,number of customers,cents per kilowatt-hour,million dollars,million kilowatt hours
2024-03,VA,Virginia,OTH,other,,,,,number of customers,cents per kilowatt-hour,million dollars,million kilowatt hours
2024-03,VA,Virginia,RES,residential,3638698,14.54,486.22986,3344.29761,number of customers,cents per kilowatt-hour,million dollars,million kilowatt hours
2024-03,VA,Virginia,TRA,transportation,1,10.05,2.38769,23.76959,number of customers,cents per kilowatt-hour,million dollars,million kilowatt hours
2024-03,VT,Vermont,ALL,all sectors,386930,18.27,83.41525,456.45438,number of customers,cents per kilowatt-hour,million dollars,million kilowatt hours
2024-03,VT,Vermont,COM,commercial,63851,18.83,30.148,160.12447,number of customers,cents per kilowatt-hour,million dollars,million kilowatt hours
2024-03,VT,Vermont,IND,industrial,244,11.61,12.37633,106.62645,number of customers,cents per kilowatt-hour,million dollars,million kilowatt hours
2024-03,VT,Vermont,OTH,other,,,,,number of customers,cents per kilowatt-hour,million dollars,million kilowatt hours
2024-03,VT,Vermont,RES,residential,322835,21.56,40.89092,189.70347,number of customers,cents per kilowatt-hour,million dollars,million kilowatt hours
2024-03,VT,Vermont,TRA,transportation,0,0,0,0,number of customers,cents per kilowatt-hour,million dollars,million kilowatt hours
2024-03,WA,Washington,ALL,all sectors,3780328,10.02,799.54196,7975.58022,number of customers,cents per kilowatt-hour,million dollars,million kilowatt hours
2024-03,WA,Washington,COM,commercial,404233,9.75,272.91189,2800.13204,number of customers,cents per kilowatt-hour,million dollars,million kilowatt hours
2024-03,WA,Washington,IND,industrial,25444,6.46,96.99063,1502.14873,number of customers,cents per kilowatt-hour,million dollars,million kilowatt hours
2024-03,WA,Washington,OTH,other,,,,,number of customers,cents per kilowatt-hour,million dollars,million kilowatt hours
2024-03,WA,Washington,RES,residential,3350646,11.7,428.69952,3665.23429,number of customers,cents per kilowatt-hour,million dollars,million kilowatt hours
2024-03,WA,Washington,TRA,transportation,5,11.65,.93992,8.06517,number of customers,cents per kilowatt-hour,million dollars,million kilowatt hours
2024-03,WI,Wisconsin,ALL,all sectors,3201498,12.43,680.31961,5472.03402,number of customers,cents per kilowatt-hour,million dollars,million kilowatt hours
2024-03,WI,Wisconsin,COM,commercial,368426,12.61,236.55365,1875.53863,number of customers,cents per kilowatt-hour,million dollars,million kilowatt hours
2024-03,WI,Wisconsin,IND,industrial,5525,8.02,149.85557,1868.4096,number of customers,cents per kilowatt-hour,million dollars,million kilowatt hours
2024-03,WI,Wisconsin,OTH,other,,,,,number of customers,cents per kilowatt-hour,million dollars,million kilowatt hours
2024-03,WI,Wisconsin,RES,residential,2827545,17.01,293.89167,1727.98579,number of customers,cents per kilowatt-hour,million dollars,million kilowatt hours
2024-03,WI,Wisconsin,TRA,transportation,2,18.72,.01872,.1,number of customers,cents per kilowatt-hour,million dollars,million kilowatt hours
2024-03,WNC,West North Central,ALL,all sectors,11626578,10,2470.94084,24699.19163,number of customers,cents per kilowatt-hour,million dollars,million kilowatt hours
2024-03,WNC,West North Central,COM,commercial,1522372,9.87,842.98518,8538.8299,number of customers,cents per kilowatt-hour,million dollars,million kilowatt hours
2024-03,WNC,West North Central,IND,industrial,126369,7.33,607.82362,8289.99805,number of customers,cents per kilowatt-hour,million dollars,million kilowatt hours
2024-03,WNC,West North Central,OTH,other,,,,,number of customers,cents per kilowatt-hour,million dollars,million kilowatt hours
2024-03,WNC,West North Central,RES,residential,9977834,12.96,1019.77317,7866.67713,number of customers,cents per kilowatt-hour,million dollars,million kilowatt hours
2024-03,WNC,West North Central,TRA,transportation,3,9.73,.35888,3.68655,number of customers,cents per kilowatt-hour,million dollars,million kilowatt hours
2024-03,WSC,West South Central,ALL,all sectors,20669126,9.07,4560.09848,50254.2464,number of customers,cents per kilowatt-hour,million dollars,million kilowatt hours
2024-03,WSC,West South Central,COM,commercial,2351710,8.69,1454.17131,16726.28444,number of customers,cents per kilowatt-hour,million dollars,million kilowatt hours
2024-03,WSC,West South Central,IND,industrial,429802,5.8,1136.48379,19610.95689,number of customers,cents per kilowatt-hour,million dollars,million kilowatt hours
2024-03,WSC,West South Central,OTH,other,,,,,number of customers,cents per kilowatt-hour,million dollars,million kilowatt hours
2024-03,WSC,West South Central,RES,residential,17887608,14.15,1969.31304,13915.46067,number of customers,cents per kilowatt-hour,million dollars,million kilowatt hours
2024-03,WSC,West South Central,TRA,transportation,6,8.44,.13034,1.5444,number of customers,cents per kilowatt-hour,million dollars,million kilowatt hours
2024-03,WV,West Virginia,ALL,all sectors,1029613,10.95,298.39172,2725.56508,number of customers,cents per kilowatt-hour,million dollars,million kilowatt hours
2024-03,WV,West Virginia,COM,commercial,151774,11.4,72.49264,635.99512,number of customers,cents per kilowatt-hour,million dollars,million kilowatt hours
2024-03,WV,West Virginia,IND,industrial,11033,7.65,93.73229,1225.02186,number of customers,cents per kilowatt-hour,million dollars,million kilowatt hours
2024-03,WV,West Virginia,OTH,other,,,,,number of customers,cents per kilowatt-hour,million dollars,million kilowatt hours
2024-03,WV,West Virginia,RES,residential,866806,15.29,132.16679,864.5481,number of customers,cents per kilowatt-hour,million dollars,million kilowatt hours
2024-03,WV,West Virginia,TRA,transportation,0,0,0,0,number of customers,cents per kilowatt-hour,million dollars,million kilowatt hours
2024-03,WY,Wyoming,ALL,all sectors,356278,8.75,131.03641,1497.04858,number of customers,cents per kilowatt-hour,million dollars,million kilowatt hours
2024-03,WY,Wyoming,COM,commercial,58748,8.73,39.90056,456.91802,number of customers,cents per kilowatt-hour,million dollars,million kilowatt hours
2024-03,WY,Wyoming,IND,industrial,11828,7.71,58.75144,762.21829,number of customers,cents per kilowatt-hour,million dollars,million kilowatt hours
2024-03,WY,Wyoming,OTH,other,,,,,number of customers,cents per kilowatt-hour,million dollars,million kilowatt hours
2024-03,WY,Wyoming,RES,residential,285702,11.65,32.38441,277.91227,number of customers,cents per kilowatt-hour,million dollars,million kilowatt hours
2024-03,WY,Wyoming,TRA,transportation,0,0,0,0,number of customers,cents per kilowatt-hour,million dollars,million kilowatt hours
2024-02,AK,Alaska,ALL,all sectors,354553,21.02,116.08394,552.3428,number of customers,cents per kilowatt-hour,million dollars,million kilowatt hours
2024-02,AK,Alaska,COM,commercial,56705,21.21,48.7399,229.81789,number of customers,cents per kilowatt-hour,million dollars,million kilowatt hours
2024-02,AK,Alaska,IND,industrial,1154,16.94,19.09358,112.74113,number of customers,cents per kilowatt-hour,million dollars,million kilowatt hours
2024-02,AK,Alaska,OTH,other,,,,,number of customers,cents per kilowatt-hour,million dollars,million kilowatt hours
2024-02,AK,Alaska,RES,residential,296694,23,48.25046,209.78379,number of customers,cents per kilowatt-hour,million dollars,million kilowatt hours
2024-02,AK,Alaska,TRA,transportation,0,0,0,0,number of customers,cents per kilowatt-hour,million dollars,million kilowatt hours
2024-02,AL,Alabama,ALL,all sectors,2778796,11.63,777.297,6682.31962,number of customers,cents per kilowatt-hour,million dollars,million kilowatt hours
2024-02,AL,Alabama,COM,commercial,388350,13.65,223.86789,1640.26117,number of customers,cents per kilowatt-hour,million dollars,million kilowatt hours
2024-02,AL,Alabama,IND,industrial,7222,6.74,167.44884,2484.80321,number of customers,cents per kilowatt-hour,million dollars,million kilowatt hours
2024-02,AL,Alabama,OTH,other,,,,,number of customers,cents per kilowatt-hour,million dollars,million kilowatt hours
2024-02,AL,Alabama,RES,residential,2383224,15.09,385.98027,2557.25524,number of customers,cents per kilowatt-hour,million dollars,million kilowatt hours
2024-02,AL,Alabama,TRA,transportation,0,0,0,0,number of customers,cents per kilowatt-hour,million dollars,million kilowatt hours
2024-02,AR,Arkansas,ALL,all sectors,1710761,9.58,387.39093,4044.38761,number of customers,cents per kilowatt-hour,million dollars,million kilowatt hours
2024-02,AR,Arkansas,COM,commercial,206489,10.56,92.24976,873.78706,number of customers,cents per kilowatt-hour,million dollars,million kilowatt hours
2024-02,AR,Arkansas,IND,industrial,35449,6.4,96.36612,1506.28988,number of customers,cents per kilowatt-hour,million dollars,million kilowatt hours
2024-02,AR,Arkansas,OTH,other,,,,,number of customers,cents per kilowatt-hour,million dollars,million kilowatt hours
2024-02,AR,Arkansas,RES,residential,1468821,11.94,198.77242,1664.29054,number of customers,cents per kilowatt-hour,million dollars,million kilowatt hours
2024-02,AR,Arkansas,TRA,transportation,2,13.05,.00263,.02013,number of customers,cents per kilowatt-hour,million dollars,million kilowatt hours
2024-02,AZ,Arizona,ALL,all sectors,3471909,11.94,686.24636,5745.67721,number of customers,cents per kilowatt-hour,million dollars,million kilowatt hours
2024-02,AZ,Arizona,COM,commercial,347253,11.42,279.49737,2448.28818,number of customers,cents per kilowatt-hour,million dollars,million kilowatt hours
2024-02,AZ,Arizona,IND,industrial,7587,8.18,89.6399,1096.34666,number of customers,cents per kilowatt-hour,million dollars,million kilowatt hours
2024-02,AZ,Arizona,OTH,other,,,,,number of customers,cents per kilowatt-hour,million dollars,million kilowatt hours
2024-02,AZ,Arizona,RES,residential,3117067,14.41,317.0368,2200.30103,number of customers,cents per kilowatt-hour,million dollars,million kilowatt hours
2024-02,AZ,Arizona,TRA,transportation,2,9.75,.07229,.74135,number of customers,cents per kilowatt-hour,million dollars,million kilowatt hours
2024-02,CA,California,ALL,all sectors,15779552,25.49,4522.90551,17741.15925,number of customers,cents per kilowatt-hour,million dollars,million kilowatt hours
2024-02,CA,California,COM,commercial,1744069,23.72,1997.65312,8423.12252,number of customers,cents per kilowatt-hour,million dollars,million kilowatt hours
2024-02,CA,California,IND,industrial,140542,18.28,546.68112,2990.32903,number of customers,cents per kilowatt-hour,million dollars,million kilowatt hours
2024-02,CA,California,OTH,other,,,,,number of customers,cents per kilowatt-hour,million dollars,million kilowatt hours
2024-02,CA,California,RES,residential,13894929,31.41,1969.351,6270.74531,number of customers,cents per kilowatt-hour,million dollars,million kilowatt hours
2024-02,CA,California,TRA,transportation,12,16.19,9.22027,56.96238,number of customers,cents per kilowatt-hour,million dollars,million kilowatt hours
2024-02,CO,Colorado,ALL,all sectors,2961669,11.59,499.63619,4309.70796,number of customers,cents per kilowatt-hour,million dollars,million kilowatt hours
2024-02,CO,Colorado,COM,commercial,403374,10.96,179.89081,1641.00456,number of customers,cents per kilowatt-hour,million dollars,million kilowatt hours
2024-02,CO,Colorado,IND,industrial,14744,8.54,95.45049,1117.83804,number of customers,cents per kilowatt-hour,million dollars,million kilowatt hours
2024-02,CO,Colorado,OTH,other,,,,,number of customers,cents per kilowatt-hour,million dollars,million kilowatt hours
2024-02,CO,Colorado,RES,residential,2543550,14.48,223.56248,1543.66022,number of customers,cents per kilowatt-hour,million dollars,million kilowatt hours
2024-02,CO,Colorado,TRA,transportation,1,10.17,.73242,7.20514,number of customers,cents per kilowatt-hour,million dollars,million kilowatt hours
2024-02,CT,Connecticut,ALL,all sectors,1705296,24.6,537.32618,2183.91278,number of customers,cents per kilowatt-hour,million dollars,million kilowatt hours
2024-02,CT,Connecticut,COM,commercial,156746,20.69,189.77023,917.32795,number of customers,cents per kilowatt-hour,million dollars,million kilowatt hours
2024-02,CT,Connecticut,IND,industrial,3912,17.28,34.25755,198.30467,number of customers,cents per kilowatt-hour,million dollars,million kilowatt hours
2024-02,CT,Connecticut,OTH,other,,,,,number of customers,cents per kilowatt-hour,million dollars,million kilowatt hours
2024-02,CT,Connecticut,RES,residential,1544635,29.51,310.35224,1051.80176,number of customers,cents per kilowatt-hour,million dollars,million kilowatt hours
2024-02,CT,Connecticut,TRA,transportation,3,17.88,2.94616,16.4784,number of customers,cents per kilowatt-hour,million dollars,million kilowatt hours
2024-02,DC,District of Columbia,ALL,all sectors,344263,17.17,132.19272,769.6963,number of customers,cents per kilowatt-hour,million dollars,million kilowatt hours
2024-02,DC,District of Columbia,COM,commercial,27447,17.68,93.47699,528.83167,number of customers,cents per kilowatt-hour,million dollars,million kilowatt hours
2024-02,DC,District of Columbia,IND,industrial,1,9.93,1.38627,13.96118,number of customers,cents per kilowatt-hour,million dollars,million kilowatt hours
2024-02,DC,District of Columbia,OTH,other,,,,,number of customers,cents per kilowatt-hour,million dollars,million kilowatt hours
2024-02,DC,District of Columbia,RES,residential,316812,17.15,35.0576,204.41265,number of customers,cents per kilowatt-hour,million dollars,million kilowatt hours
2024-02,DC,District of Columbia,TRA,transportation,3,10.1,2.27185,22.4908,number of customers,cents per kilowatt-hour,million dollars,million kilowatt hours
2024-02,DE,Delaware,ALL,all sectors,532311,13.29,123.05326,925.60098,number of customers,cents per kilowatt-hour,million dollars,million kilowatt hours
2024-02,DE,Delaware,COM,commercial,60256,12.03,37.5965,312.58258,number of customers,cents per kilowatt-hour,million dollars,million kilowatt hours
2024-02,DE,Delaware,IND,industrial,1218,8.06,12.01917,149.04164,number of customers,cents per kilowatt-hour,million dollars,million kilowatt hours
2024-02,DE,Delaware,OTH,other,,,,,number of customers,cents per kilowatt-hour,million dollars,million kilowatt hours
2024-02,DE,Delaware,RES,residential,470837,15.83,73.43759,463.97675,number of customers,cents per kilowatt-hour,million dollars,million kilowatt hours
2024-02,DE,Delaware,TRA,transportation,0,0,0,0,number of customers,cents per kilowatt-hour,million dollars,million kilowatt hours
2024-02,ENC,East North Central,ALL,all sectors,23501685,12.04,5189.05775,43090.05608,number of customers,cents per kilowatt-hour,million dollars,million kilowatt hours
2024-02,ENC,East North Central,COM,commercial,2565652,12.12,1656.55889,13663.54354,number of customers,cents per kilowatt-hour,million dollars,million kilowatt hours
2024-02,ENC,East North Central,IND,industrial,55191,7.94,1161.22694,14624.24582,number of customers,cents per kilowatt-hour,million dollars,million kilowatt hours
2024-02,ENC,East North Central,OTH,other,,,,,number of customers,cents per kilowatt-hour,million dollars,million kilowatt hours
2024-02,ENC,East North Central,RES,residential,20880832,16.03,2368.78374,14777.37824,number of customers,cents per kilowatt-hour,million dollars,million kilowatt hours
2024-02,ENC,East North Central,TRA,transportation,10,10,2.48818,24.88849,number of customers,cents per kilowatt-hour,million dollars,million kilowatt hours
2024-02,ESC,East South Central,ALL,all sectors,10435798,10.79,2724.38965,25257.15803,number of customers,cents per kilowatt-hour,million dollars,million kilowatt hours
2024-02,ESC,East South Central,COM,commercial,1496026,12.37,862.04429,6969.99598,number of customers,cents per kilowatt-hour,million dollars,million kilowatt hours
2024-02,ESC,East South Central,IND,industrial,25761,6.43,498.48469,7748.6553,number of customers,cents per kilowatt-hour,million dollars,million kilowatt hours
2024-02,ESC,East South Central,OTH,other,,,,,number of customers,cents per kilowatt-hour,million dollars,million kilowatt hours
2024-02,ESC,East South Central,RES,residential,8914011,12.94,1363.86067,10538.50675,number of customers,cents per kilowatt-hour,million dollars,million kilowatt hours
2024-02,ESC,East South Central,TRA,transportation,0,0,0,0,number of customers,cents per kilowatt-hour,million dollars,million kilowatt hours
2024-02,FL,Florida,ALL,all sectors,11688784,13.56,2309.63028,17035.72406,number of customers,cents per kilowatt-hour,million dollars,million kilowatt hours
2024-02,FL,Florida,COM,commercial,1302745,12.19,822.84068,6750.21213,number of customers,cents per kilowatt-hour,million dollars,million kilowatt hours
2024-02,FL,Florida,IND,industrial,26542,9.18,121.71509,1325.26192,number of customers,cents per kilowatt-hour,million dollars,million kilowatt hours
2024-02,FL,Florida,OTH,other,,,,,number of customers,cents per kilowatt-hour,million dollars,million kilowatt hours
2024-02,FL,Florida,RES,residential,10359495,15.24,1364.424,8954.70849,number of customers,cents per kilowatt-hour,million dollars,million kilowatt hours
2024-02,FL,Florida,TRA,transportation,2,11.74,.65052,5.54153,number of customers,cents per kilowatt-hour,million dollars,million kilowatt hours
2024-02,GA,Georgia,ALL,all sectors,5415457,10.34,1167.36519,11285.257,number of customers,cents per kilowatt-hour,million dollars,million kilowatt hours
2024-02,GA,Georgia,COM,commercial,615799,10.23,409.08161,3999.08786,number of customers,cents per kilowatt-hour,million dollars,million kilowatt hours
2024-02,GA,Georgia,IND,industrial,23895,5.77,147.4328,2553.10422,number of customers,cents per kilowatt-hour,million dollars,million kilowatt hours
2024-02,GA,Georgia,OTH,other,,,,,number of customers,cents per kilowatt-hour,million dollars,million kilowatt hours
2024-02,GA,Georgia,RES,residential,4775762,12.92,609.7267,4719.55451,number of customers,cents per kilowatt-hour,million dollars,million kilowatt hours
2024-02,GA,Georgia,TRA,transportation,1,8.32,1.12408,13.51041,number of customers,cents per kilowatt-hour,million dollars,million kilowatt hours
2024-02,HI,Hawaii,ALL,all sectors,506900,39.83,263.15046,660.76495,number of customers,cents per kilowatt-hour,million dollars,million kilowatt hours
2024-02,HI,Hawaii,COM,commercial,59825,40.16,84.43336,210.24062,number of customers,cents per kilowatt-hour,million dollars,million kilowatt hours
2024-02,HI,Hawaii,IND,industrial,819,36.32,93.14486,256.43408,number of customers,cents per kilowatt-hour,million dollars,million kilowatt hours
2024-02,HI,Hawaii,OTH,other,,,,,number of customers,cents per kilowatt-hour,million dollars,million kilowatt hours
2024-02,HI,Hawaii,RES,residential,446256,44.09,85.57224,194.09025,number of customers,cents per kilowatt-hour,million dollars,million kilowatt hours
2024-02,HI,Hawaii,TRA,transportation,0,0,0,0,number of customers,cents per kilowatt-hour,million dollars,million kilowatt hours
2024-02,IA,Iowa,ALL,all sectors,1702067,8.42,365.07997,4334.88606,number of customers,cents per kilowatt-hour,million dollars,million kilowatt hours
2024-02,IA,Iowa,COM,commercial,251107,9.26,91.57725,988.75753,number of customers,cents per kilowatt-hour,million dollars,million kilowatt hours
2024-02,IA,Iowa,IND,industrial,9133,5.96,127.35325,2135.35,number of customers,cents per kilowatt-hour,million dollars,million kilowatt hours
2024-02,IA,Iowa,OTH,other,,,,,number of customers,cents per kilowatt-hour,million dollars,million kilowatt hours
2024-02,IA,Iowa,RES,residential,1441827,12.07,146.14947,1210.77853,number of customers,cents per kilowatt-hour,million dollars,million kilowatt hours
2024-02,IA,Iowa,TRA,transportation,0,0,0,0,number of customers,cents per kilowatt-hour,million dollars,million kilowatt hours
2024-02,ID,Idaho,ALL,all sectors,1012164,9.43,189.30551,2007.59488,number of customers,cents per kilowatt-hour,million dollars,million kilowatt hours
2024-02,ID,Idaho,COM,commercial,123286,9.09,51.29271,564.15476,number of customers,cents per kilowatt-hour,million dollars,million kilowatt hours
2024-02,ID,Idaho,IND,industrial,29259,7.01,39.29984,560.62731,number of customers,cents per kilowatt-hour,million dollars,million kilowatt hours
2024-02,ID,Idaho,OTH,other,,,,,number of customers,cents per kilowatt-hour,million dollars,million kilowatt hours
2024-02,ID,Idaho,RES,residential,859619,11.18,98.71297,882.8128,number of customers,cents per kilowatt-hour,million dollars,million kilowatt hours
2024-02,ID,Idaho,TRA,transportation,0,0,0,0,number of customers,cents per kilowatt-hour,million dollars,million kilowatt hours
2024-02,IL,Illinois,ALL,all sectors,6013569,11.84,1192.38734,10074.68587,number of customers,cents per kilowatt-hour,million dollars,million kilowatt hours
2024-02,IL,Illinois,COM,commercial,636411,11.37,393.87174,3463.70013,number of customers,cents per kilowatt-hour,million dollars,million kilowatt hours
2024-02,IL,Illinois,IND,industrial,5845,8.56,281.69231,3291.89884,number of customers,cents per kilowatt-hour,million dollars,million kilowatt hours
2024-02,IL,Illinois,OTH,other,,,,,number of customers,cents per kilowatt-hour,million dollars,million kilowatt hours
2024-02,IL,Illinois,RES,residential,5371310,15.6,514.76342,3299.24996,number of customers,cents per kilowatt-hour,million dollars,million kilowatt hours
2024-02,IL,Illinois,TRA,transportation,3,10.38,2.05987,19.83694,number of customers,cents per kilowatt-hour,million dollars,million kilowatt hours
2024-02,IN,Indiana,ALL,all sectors,3431989,11.3,887.98019,7857.845,number of customers,cents per kilowatt-hour,million dollars,million kilowatt hours
2024-02,IN,Indiana,COM,commercial,373028,12.46,219.22998,1758.96135,number of customers,cents per kilowatt-hour,million dollars,million kilowatt hours
2024-02,IN,Indiana,IND,industrial,19610,8.26,268.84561,3256.57726,number of customers,cents per kilowatt-hour,million dollars,million kilowatt hours
2024-02,IN,Indiana,OTH,other,,,,,number of customers,cents per kilowatt-hour,million dollars,million kilowatt hours
2024-02,IN,Indiana,RES,residential,3039350,14.07,399.78128,2841.20354,number of customers,cents per kilowatt-hour,million dollars,million kilowatt hours
2024-02,IN,Indiana,TRA,transportation,1,11.18,.12332,1.10286,number of customers,cents per kilowatt-hour,million dollars,million kilowatt hours
2024-02,KS,Kansas,ALL,all sectors,1577799,10.78,323.38131,2998.82191,number of customers,cents per kilowatt-hour,million dollars,million kilowatt hours
2024-02,KS,Kansas,COM,commercial,244180,10.82,124.69455,1152.569,number of customers,cents per kilowatt-hour,million dollars,million kilowatt hours
2024-02,KS,Kansas,IND,industrial,23617,7.62,66.80174,876.52046,number of customers,cents per kilowatt-hour,million dollars,million kilowatt hours
2024-02,KS,Kansas,OTH,other,,,,,number of customers,cents per kilowatt-hour,million dollars,million kilowatt hours
2024-02,KS,Kansas,RES,residential,1310002,13.6,131.88503,969.73245,number of customers,cents per kilowatt-hour,million dollars,million kilowatt hours
2024-02,KS,Kansas,TRA,transportation,0,0,0,0,number of customers,cents per kilowatt-hour,million dollars,million kilowatt hours
2024-02,KY,Kentucky,ALL,all sectors,2398387,9.98,601.24214,6024.61706,number of customers,cents per kilowatt-hour,million dollars,million kilowatt hours
2024-02,KY,Kentucky,COM,commercial,325411,11.83,181.45901,1534.35611,number of customers,cents per kilowatt-hour,million dollars,million kilowatt hours
2024-02,KY,Kentucky,IND,industrial,5093,6.2,138.65207,2235.89008,number of customers,cents per kilowatt-hour,million dollars,million kilowatt hours
2024-02,KY,Kentucky,OTH,other,,,,,number of customers,cents per kilowatt-hour,million dollars,million kilowatt hours
2024-02,KY,Kentucky,RES,residential,2067883,12.47,281.13106,2254.37087,number of customers,cents per kilowatt-hour,million dollars,million kilowatt hours
2024-02,KY,Kentucky,TRA,transportation,0,0,0,0,number of customers,cents per kilowatt-hour,million dollars,million kilowatt hours
2024-02,LA,Louisiana,ALL,all sectors,2456375,8.85,617.10862,6974.35611,number of customers,cents per kilowatt-hour,million dollars,million kilowatt hours
2024-02,LA,Louisiana,COM,commercial,300289,10.81,183.8371,1701.30121,number of customers,cents per kilowatt-hour,million dollars,million kilowatt hours
2024-02,LA,Louisiana,IND,industrial,18205,5.78,172.59196,2985.10547,number of customers,cents per kilowatt-hour,million dollars,million kilowatt hours
2024-02,LA,Louisiana,OTH,other,,,,,number of customers,cents per kilowatt-hour,million dollars,million kilowatt hours
2024-02,LA,Louisiana,RES,residential,2137880,11.39,260.58354,2287.17406,number of customers,cents per kilowatt-hour,million dollars,million kilowatt hours
2024-02,LA,Louisiana,TRA,transportation,1,12.38,.09602,.77537,number of customers,cents per kilowatt-hour,million dollars,million kilowatt hours
2024-02,MA,Massachusetts,ALL,all sectors,3421604,24.24,1025.20374,4229.75155,number of customers,cents per kilowatt-hour,million dollars,million kilowatt hours
2024-02,MA,Massachusetts,COM,commercial,461039,21.28,428.26882,2012.839,number of customers,cents per kilowatt-hour,million dollars,million kilowatt hours
2024-02,MA,Massachusetts,IND,industrial,10689,18.39,80.99103,440.42388,number of customers,cents per kilowatt-hour,million dollars,million kilowatt hours
2024-02,MA,Massachusetts,OTH,other,,,,,number of customers,cents per kilowatt-hour,million dollars,million kilowatt hours
2024-02,MA,Massachusetts,RES,residential,2949874,29.32,513.56734,1751.57077,number of customers,cents per kilowatt-hour,million dollars,million kilowatt hours
2024-02,MA,Massachusetts,TRA,transportation,2,9.54,2.37656,24.91789,number of customers,cents per kilowatt-hour,million dollars,million kilowatt hours
2024-02,MAT,Middle Atlantic,ALL,all sectors,19129791,15.86,4417.30085,27852.56796,number of customers,cents per kilowatt-hour,million dollars,million kilowatt hours
2024-02,MAT,Middle Atlantic,COM,commercial,2442124,15.17,1729.4149,11396.82029,number of customers,cents per kilowatt-hour,million dollars,million kilowatt hours
2024-02,MAT,Middle Atlantic,IND,industrial,43408,8.64,447.49485,5176.45641,number of customers,cents per kilowatt-hour,million dollars,million kilowatt hours
2024-02,MAT,Middle Atlantic,OTH,other,,,,,number of customers,cents per kilowatt-hour,million dollars,million kilowatt hours
2024-02,MAT,Middle Atlantic,RES,residential,16644241,20.01,2200.73728,10997.37767,number of customers,cents per kilowatt-hour,million dollars,million kilowatt hours
2024-02,MAT,Middle Atlantic,TRA,transportation,18,14.07,39.65382,281.91359,number of customers,cents per kilowatt-hour,million dollars,million kilowatt hours
2024-02,MD,Maryland,ALL,all sectors,2715180,14.95,717.26966,4799.1466,number of customers,cents per kilowatt-hour,million dollars,million kilowatt hours
2024-02,MD,Maryland,COM,commercial,261191,12.76,270.48529,2119.918,number of customers,cents per kilowatt-hour,million dollars,million kilowatt hours
2024-02,MD,Maryland,IND,industrial,9306,9.21,24.18612,262.71473,number of customers,cents per kilowatt-hour,million dollars,million kilowatt hours
2024-02,MD,Maryland,OTH,other,,,,,number of customers,cents per kilowatt-hour,million dollars,million kilowatt hours
2024-02,MD,Maryland,RES,residential,2444678,17.58,418.42225,2380.15142,number of customers,cents per kilowatt-hour,million dollars,million kilowatt hours
2024-02,MD,Maryland,TRA,transportation,5,11.48,4.17601,36.36245,number of customers,cents per kilowatt-hour,million dollars,million kilowatt hours
2024-02,ME,Maine,ALL,all sectors,847772,20.6,211.26941,1025.61491,number of customers,cents per kilowatt-hour,million dollars,million kilowatt hours
2024-02,ME,Maine,COM,commercial,108022,19.19,69.63113,362.84766,number of customers,cents per kilowatt-hour,million dollars,million kilowatt hours
2024-02,ME,Maine,IND,industrial,1958,12.71,23.86981,187.85588,number of customers,cents per kilowatt-hour,million dollars,million kilowatt hours
2024-02,ME,Maine,OTH,other,,,,,number of customers,cents per kilowatt-hour,million dollars,million kilowatt hours
2024-02,ME,Maine,RES,residential,737792,24.8,117.76847,474.91138,number of customers,cents per kilowatt-hour,million dollars,million kilowatt hours
2024-02,ME,Maine,TRA,transportation,0,0,0,0,number of customers,cents per kilowatt-hour,million dollars,million kilowatt hours
2024-02,MI,Michigan,ALL,all sectors,5073490,13.74,1050.28134,7643.81328,number of customers,cents per kilowatt-hour,million dollars,million kilowatt hours
2024-02,MI,Michigan,COM,commercial,561767,13.81,389.06353,2817.94799,number of customers,cents per kilowatt-hour,million dollars,million kilowatt hours
2024-02,MI,Michigan,IND,industrial,5630,8,180.87215,2259.83895,number of customers,cents per kilowatt-hour,million dollars,million kilowatt hours
2024-02,MI,Michigan,OTH,other,,,,,number of customers,cents per kilowatt-hour,million dollars,million kilowatt hours
2024-02,MI,Michigan,RES,residential,4506091,18.72,480.26104,2565.43992,number of customers,cents per kilowatt-hour,million dollars,million kilowatt hours
2024-02,MI,Michigan,TRA,transportation,2,14.43,.08463,.58643,number of customers,cents per kilowatt-hour,million dollars,million kilowatt hours
2024-02,MN,Minnesota,ALL,all sectors,2880606,11.88,619.02056,5212.09488,number of customers,cents per kilowatt-hour,million dollars,million kilowatt hours
2024-02,MN,Minnesota,COM,commercial,307020,11.66,207.24139,1776.95345,number of customers,cents per kilowatt-hour,million dollars,million kilowatt hours
2024-02,MN,Minnesota,IND,industrial,9007,8.94,140.89873,1576.8077,number of customers,cents per kilowatt-hour,million dollars,million kilowatt hours
2024-02,MN,Minnesota,OTH,other,,,,,number of customers,cents per kilowatt-hour,million dollars,million kilowatt hours
2024-02,MN,Minnesota,RES,residential,2564578,14.58,270.69946,1856.83507,number of customers,cents per kilowatt-hour,million dollars,million kilowatt hours
2024-02,MN,Minnesota,TRA,transportation,1,12.08,.18098,1.49865,number of customers,cents per kilowatt-hour,million dollars,million kilowatt hours
2024-02,MO,Missouri,ALL,all sectors,3332967,9.86,602.56959,6113.91444,number of customers,cents per kilowatt-hour,million dollars,million kilowatt hours
2024-02,MO,Missouri,COM,commercial,401745,9.27,205.30636,2215.59752,number of customers,cents per kilowatt-hour,million dollars,million kilowatt hours
2024-02,MO,Missouri,IND,industrial,9868,7.13,72.14684,1011.63615,number of customers,cents per kilowatt-hour,million dollars,million kilowatt hours
2024-02,MO,Missouri,OTH,other,,,,,number of customers,cents per kilowatt-hour,million dollars,million kilowatt hours
2024-02,MO,Missouri,RES,residential,2921352,11.27,324.93685,2884.42224,number of customers,cents per kilowatt-hour,million dollars,million kilowatt hours
2024-02,MO,Missouri,TRA,transportation,2,7.95,.17954,2.25853,number of customers,cents per kilowatt-hour,million dollars,million kilowatt hours
2024-02,MS,Mississippi,ALL,all sectors,1592240,10.92,415.5774,3806.55859,number of customers,cents per kilowatt-hour,million dollars,million kilowatt hours
2024-02,MS,Mississippi,COM,commercial,246463,12.77,131.32676,1028.42308,number of customers,cents per kilowatt-hour,million dollars,million kilowatt hours
2024-02,MS,Mississippi,IND,industrial,12427,6.66,83.1108,1248.07024,number of customers,cents per kilowatt-hour,million dollars,million kilowatt hours
2024-02,MS,Mississippi,OTH,other,,,,,number of customers,cents per kilowatt-hour,million dollars,million kilowatt hours
2024-02,MS,Mississippi,RES,residential,1333350,13.15,201.13983,1530.06526,number of customers,cents per kilowatt-hour,million dollars,million kilowatt hours
2024-02,MS,Mississippi,TRA,transportation,0,0,0,0,number of customers,cents per kilowatt-hour,million dollars,million kilowatt hours
2024-02,MT,Montana,ALL,all sectors,680675,10.43,152.08341,1458.14012,number of customers,cents per kilowatt-hour,million dollars,million kilowatt hours
2024-02,MT,Montana,COM,commercial,117525,11.41,51.59073,451.99739,number of customers,cents per kilowatt-hour,million dollars,million kilowatt hours
2024-02,MT,Montana,IND,industrial,9576,7,27.92438,398.79664,number of customers,cents per kilowatt-hour,million dollars,million kilowatt hours
2024-02,MT,Montana,OTH,other,,,,,number of customers,cents per kilowatt-hour,million dollars,million kilowatt hours
2024-02,MT,Montana,RES,residential,553574,11.95,72.5683,607.34609,number of customers,cents per kilowatt-hour,million dollars,million kilowatt hours
2024-02,MT,Montana,TRA,transportation,0,0,0,0,number of customers,cents per kilowatt-hour,million dollars,million kilowatt hours
2024-02,MTN,Mountain,ALL,all sectors,12471509,10.71,2401.66485,22418.93016,number of customers,cents per kilowatt-hour,million dollars,million kilowatt hours
2024-02,MTN,Mountain,COM,commercial,1517748,10.49,871.62692,8312.44319,number of customers,cents per kilowatt-hour,million dollars,million kilowatt hours
2024-02,MTN,Mountain,IND,industrial,97490,7.48,477.10918,6375.10328,number of customers,cents per kilowatt-hour,million dollars,million kilowatt hours
2024-02,MTN,Mountain,OTH,other,,,,,number of customers,cents per kilowatt-hour,million dollars,million kilowatt hours
2024-02,MTN,Mountain,RES,residential,10856266,13.62,1051.52136,7718.44266,number of customers,cents per kilowatt-hour,million dollars,million kilowatt hours
2024-02,MTN,Mountain,TRA,transportation,5,10.88,1.40739,12.94103,number of customers,cents per kilowatt-hour,million dollars,million kilowatt hours
2024-02,NC,North Carolina,ALL,all sectors,5779348,12.46,1306.07474,10485.8276,number of customers,cents per kilowatt-hour,million dollars,million kilowatt hours
2024-02,NC,North Carolina,COM,commercial,749136,11.24,407.27132,3623.60111,number of customers,cents per kilowatt-hour,million dollars,million kilowatt hours
2024-02,NC,North Carolina,IND,industrial,8928,8.34,155.81622,1868.4208,number of customers,cents per kilowatt-hour,million dollars,million kilowatt hours
2024-02,NC,North Carolina,OTH,other,,,,,number of customers,cents per kilowatt-hour,million dollars,million kilowatt hours
2024-02,NC,North Carolina,RES,residential,5021283,14.88,742.88597,4992.83311,number of customers,cents per kilowatt-hour,million dollars,million kilowatt hours
2024-02,NC,North Carolina,TRA,transportation,1,10.41,.10124,.97259,number of customers,cents per kilowatt-hour,million dollars,million kilowatt hours
2024-02,ND,North Dakota,ALL,all sectors,483972,8.03,193.79096,2414.5857,number of customers,cents per kilowatt-hour,million dollars,million kilowatt hours
2024-02,ND,North Dakota,COM,commercial,76870,7.55,66.78865,884.68615,number of customers,cents per kilowatt-hour,million dollars,million kilowatt hours
2024-02,ND,North Dakota,IND,industrial,10701,7.32,77.85566,1063.31766,number of customers,cents per kilowatt-hour,million dollars,million kilowatt hours
2024-02,ND,North Dakota,OTH,other,,,,,number of customers,cents per kilowatt-hour,million dollars,million kilowatt hours
2024-02,ND,North Dakota,RES,residential,396401,10.53,49.14665,466.58189,number of customers,cents per kilowatt-hour,million dollars,million kilowatt hours
2024-02,ND,North Dakota,TRA,transportation,0,0,0,0,number of customers,cents per kilowatt-hour,million dollars,million kilowatt hours
2024-02,NE,Nebraska,ALL,all sectors,1119513,8.71,223.24066,2563.15525,number of customers,cents per kilowatt-hour,million dollars,million kilowatt hours
2024-02,NE,Nebraska,COM,commercial,160119,8.8,82.98533,943.18547,number of customers,cents per kilowatt-hour,million dollars,million kilowatt hours
2024-02,NE,Nebraska,IND,industrial,60194,6.68,51.68762,773.7324,number of customers,cents per kilowatt-hour,million dollars,million kilowatt hours
2024-02,NE,Nebraska,OTH,other,,,,,number of customers,cents per kilowatt-hour,million dollars,million kilowatt hours
2024-02,NE,Nebraska,RES,residential,899200,10.47,88.56771,846.23739,number of customers,cents per kilowatt-hour,million dollars,million kilowatt hours
2024-02,NE,Nebraska,TRA,transportation,0,0,0,0,number of customers,cents per kilowatt-hour,million dollars,million kilowatt hours
2024-02,NEW,New England,ALL,all sectors,7638005,23.35,2197.21279,9409.31332,number of customers,cents per kilowatt-hour,million dollars,million kilowatt hours
2024-02,NEW,New England,COM,commercial,963747,20.67,841.8366,4072.00154,number of customers,cents per kilowatt-hour,million dollars,million kilowatt hours
2024-02,NEW,New England,IND,industrial,21497,16.49,187.93454,1139.77584,number of customers,cents per kilowatt-hour,million dollars,million kilowatt hours
2024-02,NEW,New England,OTH,other,,,,,number of customers,cents per kilowatt-hour,million dollars,million kilowatt hours
2024-02,NEW,New England,RES,residential,6652755,27.97,1161.72179,4154.18183,number of customers,cents per kilowatt-hour,million dollars,million kilowatt hours
2024-02,NEW,New England,TRA,transportation,6,13.19,5.71986,43.35412,number of customers,cents per kilowatt-hour,million dollars,million kilowatt hours
2024-02,NH,New Hampshire,ALL,all sectors,765014,21.19,194.8743,919.45723,number of customers,cents per kilowatt-hour,million dollars,million kilowatt hours
2024-02,NH,New Hampshire,COM,commercial,111812,20.2,68.10663,337.20296,number of customers,cents per kilowatt-hour,million dollars,million kilowatt hours
2024-02,NH,New Hampshire,IND,industrial,3122,16.94,26.6166,157.15471,number of customers,cents per kilowatt-hour,million dollars,million kilowatt hours
2024-02,NH,New Hampshire,OTH,other,,,,,number of customers,cents per kilowatt-hour,million dollars,million kilowatt hours
2024-02,NH,New Hampshire,RES,residential,650080,23.56,100.15107,425.09955,number of customers,cents per kilowatt-hour,million dollars,million kilowatt hours
2024-02,NH,New Hampshire,TRA,transportation,0,0,0,0,number of customers,cents per kilowatt-hour,million dollars,million kilowatt hours
2024-02,NJ,New Jersey,ALL,all sectors,4276053,15.01,819.17713,5457.0274,number of customers,cents per kilowatt-hour,million dollars,million kilowatt hours
2024-02,NJ,New Jersey,COM,commercial,543143,13.59,381.5237,2806.54353,number of customers,cents per kilowatt-hour,million dollars,million kilowatt hours
2024-02,NJ,New Jersey,IND,industrial,11453,11.81,56.36133,477.12022,number of customers,cents per kilowatt-hour,million dollars,million kilowatt hours
2024-02,NJ,New Jersey,OTH,other,,,,,number of customers,cents per kilowatt-hour,million dollars,million kilowatt hours
2024-02,NJ,New Jersey,RES,residential,3721450,17.65,377.61587,2139.75218,number of customers,cents per kilowatt-hour,million dollars,million kilowatt hours
2024-02,NJ,New Jersey,TRA,transportation,7,10.94,3.67623,33.61147,number of customers,cents per kilowatt-hour,million dollars,million kilowatt hours
2024-02,NM,New Mexico,ALL,all sectors,1090585,8.95,198.08698,2213.37766,number of customers,cents per kilowatt-hour,million dollars,million kilowatt hours
2024-02,NM,New Mexico,COM,commercial,148412,10.1,70.9603,702.55725,number of customers,cents per kilowatt-hour,million dollars,million kilowatt hours
2024-02,NM,New Mexico,IND,industrial,9175,5.39,51.96901,963.41071,number of customers,cents per kilowatt-hour,million dollars,million kilowatt hours
2024-02,NM,New Mexico,OTH,other,,,,,number of customers,cents per kilowatt-hour,million dollars,million kilowatt hours
2024-02,NM,New Mexico,RES,residential,932998,13.73,75.15766,547.4097,number of customers,cents per kilowatt-hour,million dollars,million kilowatt hours
2024-02,NM,New Mexico,TRA,transportation,0,0,0,0,number of customers,cents per kilowatt-hour,million dollars,million kilowatt hours
2024-02,NV,Nevada,ALL,all sectors,1480236,11.8,312.02868,2643.65499,number of customers,cents per kilowatt-hour,million dollars,million kilowatt hours
2024-02,NV,Nevada,COM,commercial,174677,10.87,107.38276,987.95887,number of customers,cents per kilowatt-hour,million dollars,million kilowatt hours
2024-02,NV,Nevada,IND,industrial,4586,8.32,71.16613,855.87065,number of customers,cents per kilowatt-hour,million dollars,million kilowatt hours
2024-02,NV,Nevada,OTH,other,,,,,number of customers,cents per kilowatt-hour,million dollars,million kilowatt hours
2024-02,NV,Nevada,RES,residential,1300972,16.69,133.41828,799.31805,number of customers,cents per kilowatt-hour,million dollars,million kilowatt hours
2024-02,NV,Nevada,TRA,transportation,1,12.12,.06152,.50742,number of customers,cents per kilowatt-hour,million dollars,million kilowatt hours
2024-02,NY,New York,ALL,all sectors,8576665,19.35,2196.42683,11351.46079,number of customers,cents per kilowatt-hour,million dollars,million kilowatt hours
2024-02,NY,New York,COM,commercial,1161161,18.21,1030.7492,5659.62484,number of customers,cents per kilowatt-hour,million dollars,million kilowatt hours
2024-02,NY,New York,IND,industrial,17063,9.13,119.47146,1308.59825,number of customers,cents per kilowatt-hour,million dollars,million kilowatt hours
2024-02,NY,New York,OTH,other,,,,,number of customers,cents per kilowatt-hour,million dollars,million kilowatt hours
2024-02,NY,New York,RES,residential,7398435,24.3,1014.45388,4175.36211,number of customers,cents per kilowatt-hour,million dollars,million kilowatt hours
2024-02,NY,New York,TRA,transportation,6,15.27,31.75231,207.87559,number of customers,cents per kilowatt-hour,million dollars,million kilowatt hours
2024-02,OH,Ohio,ALL,all sectors,5776334,11.36,1382.59081,12174.28161,number of customers,cents per kilowatt-hour,million dollars,million kilowatt hours
2024-02,OH,Ohio,COM,commercial,625369,11.14,424.38951,3809.96595,number of customers,cents per kilowatt-hour,million dollars,million kilowatt hours
2024-02,OH,Ohio,IND,industrial,18573,6.92,278.37354,4023.29276,number of customers,cents per kilowatt-hour,million dollars,million kilowatt hours
2024-02,OH,Ohio,OTH,other,,,,,number of customers,cents per kilowatt-hour,million dollars,million kilowatt hours
2024-02,OH,Ohio,RES,residential,5132390,15.67,679.62576,4337.76339,number of customers,cents per kilowatt-hour,million dollars,million kilowatt hours
2024-02,OH,Ohio,TRA,transportation,2,6.2,.202,3.25951,number of customers,cents per kilowatt-hour,million dollars,million kilowatt hours
2024-02,OK,Oklahoma,ALL,all sectors,2185639,8.19,417.53625,5097.41104,number of customers,cents per kilowatt-hour,million dollars,million kilowatt hours
2024-02,OK,Oklahoma,COM,commercial,296836,8.18,137.79833,1685.1382,number of customers,cents per kilowatt-hour,million dollars,million kilowatt hours
2024-02,OK,Oklahoma,IND,industrial,20032,5.26,89.05641,1693.52017,number of customers,cents per kilowatt-hour,million dollars,million kilowatt hours
2024-02,OK,Oklahoma,OTH,other,,,,,number of customers,cents per kilowatt-hour,million dollars,million kilowatt hours
2024-02,OK,Oklahoma,RES,residential,1868771,11.09,190.68151,1718.75267,number of customers,cents per kilowatt-hour,million dollars,million kilowatt hours
2024-02,OK,Oklahoma,TRA,transportation,0,0,0,0,number of customers,cents per kilowatt-hour,million dollars,million kilowatt hours
2024-02,OR,Oregon,ALL,all sectors,2129690,11.31,553.51223,4895.03868,number of customers,cents per kilowatt-hour,million dollars,million kilowatt hours
2024-02,OR,Oregon,COM,commercial,246456,10.16,199.70346,1965.53528,number of customers,cents per kilowatt-hour,million dollars,million kilowatt hours
2024-02,OR,Oregon,IND,industrial,26078,8.4,93.01988,1107.53193,number of customers,cents per kilowatt-hour,million dollars,million kilowatt hours
2024-02,OR,Oregon,OTH,other,,,,,number of customers,cents per kilowatt-hour,million dollars,million kilowatt hours
2024-02,OR,Oregon,RES,residential,1857154,14.32,260.56583,1820.20895,number of customers,cents per kilowatt-hour,million dollars,million kilowatt hours
2024-02,OR,Oregon,TRA,transportation,2,12.66,.22305,1.76252,number of customers,cents per kilowatt-hour,million dollars,million kilowatt hours
2024-02,PA,Pennsylvania,ALL,all sectors,6277073,12.69,1401.69689,11044.07977,number of customers,cents per kilowatt-hour,million dollars,million kilowatt hours
2024-02,PA,Pennsylvania,COM,commercial,737820,10.82,317.142,2930.65192,number of customers,cents per kilowatt-hour,million dollars,million kilowatt hours
2024-02,PA,Pennsylvania,IND,industrial,14892,8.01,271.66206,3390.73794,number of customers,cents per kilowatt-hour,million dollars,million kilowatt hours
2024-02,PA,Pennsylvania,OTH,other,,,,,number of customers,cents per kilowatt-hour,million dollars,million kilowatt hours
2024-02,PA,Pennsylvania,RES,residential,5524356,17.27,808.66754,4682.26337,number of customers,cents per kilowatt-hour,million dollars,million kilowatt hours
2024-02,PA,Pennsylvania,TRA,transportation,5,10.45,4.22529,40.42653,number of customers,cents per kilowatt-hour,million dollars,million kilowatt hours
2024-02,PACC,Pacific Contiguous,ALL,all sectors,21669477,19.15,5886.40807,30741.92088,number of customers,cents per kilowatt-hour,million dollars,million kilowatt hours
2024-02,PACC,Pacific Contiguous,COM,commercial,2392231,18.72,2474.6575,13216.62094,number of customers,cents per kilowatt-hour,million dollars,million kilowatt hours
2024-02,PACC,Pacific Contiguous,IND,industrial,192074,13.28,738.36162,5560.40783,number of customers,cents per kilowatt-hour,million dollars,million kilowatt hours
2024-02,PACC,Pacific Contiguous,OTH,other,,,,,number of customers,cents per kilowatt-hour,million dollars,million kilowatt hours
2024-02,PACC,Pacific Contiguous,RES,residential,19085153,22.38,2663.08328,11898.73519,number of customers,cents per kilowatt-hour,million dollars,million kilowatt hours
2024-02,PACC,Pacific Contiguous,TRA,transportation,19,15.58,10.30567,66.15693,number of customers,cents per kilowatt-hour,million dollars,million kilowatt hours
2024-02,PACN,Pacific Noncontiguous,ALL,all sectors,861453,31.26,379.2344,1213.10775,number of customers,cents per kilowatt-hour,million dollars,million kilowatt hours
2024-02,PACN,Pacific Noncontiguous,COM,commercial,116530,30.26,133.17327,440.05852,number of customers,cents per kilowatt-hour,million dollars,million kilowatt hours
2024-02,PACN,Pacific Noncontiguous,IND,industrial,1973,30.4,112.23844,369.1752,number of customers,cents per kilowatt-hour,million dollars,million kilowatt hours
2024-02,PACN,Pacific Noncontiguous,OTH,other,,,,,number of customers,cents per kilowatt-hour,million dollars,million kilowatt hours
2024-02,PACN,Pacific Noncontiguous,RES,residential,742950,33.13,133.82269,403.87403,number of customers,cents per kilowatt-hour,million dollars,million kilowatt hours
2024-02,PACN,Pacific Noncontiguous,TRA,transportation,0,0,0,0,number of customers,cents per kilowatt-hour,million dollars,million kilowatt hours
2024-02,RI,Rhode Island,ALL,all sectors,512211,24.75,144.32702,583.15358,number of customers,cents per kilowatt-hour,million dollars,million kilowatt hours
2024-02,RI,Rhode Island,COM,commercial,62514,20.16,57.13516,283.36554,number of customers,cents per kilowatt-hour,million dollars,million kilowatt hours
2024-02,RI,Rhode Island,IND,industrial,1560,19.34,9.88523,51.10976,number of customers,cents per kilowatt-hour,million dollars,million kilowatt hours
2024-02,RI,Rhode Island,OTH,other,,,,,number of customers,cents per kilowatt-hour,million dollars,million kilowatt hours
2024-02,RI,Rhode Island,RES,residential,448136,31.17,76.90949,246.72045,number of customers,cents per kilowatt-hour,million dollars,million kilowatt hours
2024-02,RI,Rhode Island,TRA,transportation,1,20.29,.39715,1.95783,number of customers,cents per kilowatt-hour,million dollars,million kilowatt hours
2024-02,SAT,South Atlantic,ALL,all sectors,34573708,12.05,7908.35914,65630.80325,number of customers,cents per kilowatt-hour,million dollars,million kilowatt hours
2024-02,SAT,South Atlantic,COM,commercial,4024380,10.94,2843.21527,25999.86681,number of customers,cents per kilowatt-hour,million dollars,million kilowatt hours
2024-02,SAT,South Atlantic,IND,industrial,88296,7.49,773.54025,10333.22213,number of customers,cents per kilowatt-hour,million dollars,million kilowatt hours
2024-02,SAT,South Atlantic,OTH,other,,,,,number of customers,cents per kilowatt-hour,million dollars,million kilowatt hours
2024-02,SAT,South Atlantic,RES,residential,30461019,14.66,4281.11623,29194.20599,number of customers,cents per kilowatt-hour,million dollars,million kilowatt hours
2024-02,SAT,South Atlantic,TRA,transportation,13,10.13,10.48739,103.50832,number of customers,cents per kilowatt-hour,million dollars,million kilowatt hours
2024-02,SC,South Carolina,ALL,all sectors,2981617,10.68,669.14129,6267.69484,number of customers,cents per kilowatt-hour,million dollars,million kilowatt hours
2024-02,SC,South Carolina,COM,commercial,411341,10.54,196.09716,1860.9277,number of customers,cents per kilowatt-hour,million dollars,million kilowatt hours
2024-02,SC,South Carolina,IND,industrial,3600,6.57,125.87196,1916.09304,number of customers,cents per kilowatt-hour,million dollars,million kilowatt hours
2024-02,SC,South Carolina,OTH,other,,,,,number of customers,cents per kilowatt-hour,million dollars,million kilowatt hours
2024-02,SC,South Carolina,RES,residential,2566676,13.94,347.17216,2490.6741,number of customers,cents per kilowatt-hour,million dollars,million kilowatt hours
2024-02,SC,South Carolina,TRA,transportation,0,0,0,0,number of customers,cents per kilowatt-hour,million dollars,million kilowatt hours
2024-02,SD,South Dakota,ALL,all sectors,512225,10.48,122.52421,1169.33857,number of customers,cents per kilowatt-hour,million dollars,million kilowatt hours
2024-02,SD,South Dakota,COM,commercial,77718,10.28,43.21532,420.41481,number of customers,cents per kilowatt-hour,million dollars,million kilowatt hours
2024-02,SD,South Dakota,IND,industrial,4167,8.17,21.54536,263.69913,number of customers,cents per kilowatt-hour,million dollars,million kilowatt hours
2024-02,SD,South Dakota,OTH,other,,,,,number of customers,cents per kilowatt-hour,million dollars,million kilowatt hours
2024-02,SD,South Dakota,RES,residential,430340,11.9,57.76354,485.22463,number of customers,cents per kilowatt-hour,million dollars,million kilowatt hours
2024-02,SD,South Dakota,TRA,transportation,0,0,0,0,number of customers,cents per kilowatt-hour,million dollars,million kilowatt hours
2024-02,TN,Tennessee,ALL,all sectors,3666375,10.64,930.27312,8743.66277,number of customers,cents per kilowatt-hour,million dollars,million kilowatt hours
2024-02,TN,Tennessee,COM,commercial,535802,11.76,325.39062,2766.95562,number of customers,cents per kilowatt-hour,million dollars,million kilowatt hours
2024-02,TN,Tennessee,IND,industrial,1019,6.14,109.27298,1779.89177,number of customers,cents per kilowatt-hour,million dollars,million kilowatt hours
2024-02,TN,Tennessee,OTH,other,,,,,number of customers,cents per kilowatt-hour,million dollars,million kilowatt hours
2024-02,TN,Tennessee,RES,residential,3129554,11.81,495.60952,4196.81538,number of customers,cents per kilowatt-hour,million dollars,million kilowatt hours
2024-02,TN,Tennessee,TRA,transportation,0,0,0,0,number of customers,cents per kilowatt-hour,million dollars,million kilowatt hours
2024-02,TX,Texas,ALL,all sectors,14264899,9.33,3426.21516,36721.53381,number of customers,cents per kilowatt-hour,million dollars,million kilowatt hours
2024-02,TX,Texas,COM,commercial,1541337,8.24,1010.09322,12252.92491,number of customers,cents per kilowatt-hour,million dollars,million kilowatt hours
2024-02,TX,Texas,IND,industrial,354262,5.86,765.15368,13063.65832,number of customers,cents per kilowatt-hour,million dollars,million kilowatt hours
2024-02,TX,Texas,OTH,other,,,,,number of customers,cents per kilowatt-hour,million dollars,million kilowatt hours
2024-02,TX,Texas,RES,residential,12369297,14.48,1650.94586,11404.45996,number of customers,cents per kilowatt-hour,million dollars,million kilowatt hours
2024-02,TX,Texas,TRA,transportation,3,4.57,.0224,.49063,number of customers,cents per kilowatt-hour,million dollars,million kilowatt hours
2024-02,US,U.S. Total,ALL,all sectors,162508249,12.66,38401.48572,303258.34281,number of customers,cents per kilowatt-hour,million dollars,million kilowatt hours
2024-02,US,U.S. Total,COM,commercial,19382148,12.53,13658.31489,108966.66608,number of customers,cents per kilowatt-hour,million dollars,million kilowatt hours
2024-02,US,U.S. Total,IND,industrial,1080325,7.76,6077.84786,78276.67916,number of customers,cents per kilowatt-hour,million dollars,million kilowatt hours
2024-02,US,U.S. Total,OTH,other,,,,,number of customers,cents per kilowatt-hour,million dollars,million kilowatt hours
2024-02,US,U.S. Total,RES,residential,142045696,16.1,18594.77909,115477.19179,number of customers,cents per kilowatt-hour,million dollars,million kilowatt hours
2024-02,US,U.S. Total,TRA,transportation,80,13.12,70.54388,537.80578,number of customers,cents per kilowatt-hour,million dollars,million kilowatt hours
2024-02,UT,Utah,ALL,all sectors,1418653,9.18,237.84056,2591.04419,number of customers,cents per kilowatt-hour,million dollars,million kilowatt hours
2024-02,UT,Utah,COM,commercial,144668,8.61,91.83391,1066.47108,number of customers,cents per kilowatt-hour,million dollars,million kilowatt hours
2024-02,UT,Utah,IND,industrial,10733,7.12,47.75554,671.06752,number of customers,cents per kilowatt-hour,million dollars,million kilowatt hours
2024-02,UT,Utah,OTH,other,,,,,number of customers,cents per kilowatt-hour,million dollars,million kilowatt hours
2024-02,UT,Utah,RES,residential,1263251,11.51,97.70995,849.01847,number of customers,cents per kilowatt-hour,million dollars,million kilowatt hours
2024-02,UT,Utah,TRA,transportation,1,12.06,.54117,4.48712,number of customers,cents per kilowatt-hour,million dollars,million kilowatt hours
2024-02,VA,Virginia,ALL,all sectors,4086156,10.5,1187.47732,11307.07244,number of customers,cents per kilowatt-hour,million dollars,million kilowatt hours
2024-02,VA,Virginia,COM,commercial,444762,8.68,538.5495,6205.47796,number of customers,cents per kilowatt-hour,million dollars,million kilowatt hours
2024-02,VA,Virginia,IND,industrial,3741,8.87,97.25409,1095.98495,number of customers,cents per kilowatt-hour,million dollars,million kilowatt hours
2024-02,VA,Virginia,OTH,other,,,,,number of customers,cents per kilowatt-hour,million dollars,million kilowatt hours
2024-02,VA,Virginia,RES,residential,3637652,13.8,549.51003,3980.97899,number of customers,cents per kilowatt-hour,million dollars,million kilowatt hours
2024-02,VA,Virginia,TRA,transportation,1,8.78,2.1637,24.63054,number of customers,cents per kilowatt-hour,million dollars,million kilowatt hours
2024-02,VT,Vermont,ALL,all sectors,386108,18.02,84.21214,467.42328,number of customers,cents per kilowatt-hour,million dollars,million kilowatt hours
2024-02,VT,Vermont,COM,commercial,63614,18.26,28.92463,158.41843,number of customers,cents per kilowatt-hour,million dollars,million kilowatt hours
2024-02,VT,Vermont,IND,industrial,256,11.74,12.31433,104.92694,number of customers,cents per kilowatt-hour,million dollars,million kilowatt hours
2024-02,VT,Vermont,OTH,other,,,,,number of customers,cents per kilowatt-hour,million dollars,million kilowatt hours
2024-02,VT,Vermont,RES,residential,322238,21.06,42.97318,204.07791,number of customers,cents per kilowatt-hour,million dollars,million kilowatt hours
2024-02,VT,Vermont,TRA,transportation,0,0,0,0,number of customers,cents per kilowatt-hour,million dollars,million kilowatt hours
2024-02,WA,Washington,ALL,all sectors,3760235,9.99,809.99033,8105.72295,number of customers,cents per kilowatt-hour,million dollars,million kilowatt hours
2024-02,WA,Washington,COM,commercial,401706,9.81,277.30091,2827.96313,number of customers,cents per kilowatt-hour,million dollars,million kilowatt hours
2024-02,WA,Washington,IND,industrial,25454,6.75,98.66062,1462.54687,number of customers,cents per kilowatt-hour,million dollars,million kilowatt hours
2024-02,WA,Washington,OTH,other,,,,,number of customers,cents per kilowatt-hour,million dollars,million kilowatt hours
2024-02,WA,Washington,RES,residential,3333070,11.38,433.16645,3807.78093,number of customers,cents per kilowatt-hour,million dollars,million kilowatt hours
2024-02,WA,Washington,TRA,transportation,5,11.6,.86234,7.43203,number of customers,cents per kilowatt-hour,million dollars,million kilowatt hours
2024-02,WI,Wisconsin,ALL,all sectors,3206303,12.66,675.81807,5339.43033,number of customers,cents per kilowatt-hour,million dollars,million kilowatt hours
2024-02,WI,Wisconsin,COM,commercial,369077,12.69,230.00414,1812.96813,number of customers,cents per kilowatt-hour,million dollars,million kilowatt hours
2024-02,WI,Wisconsin,IND,industrial,5533,8.45,151.44334,1792.63802,number of customers,cents per kilowatt-hour,million dollars,million kilowatt hours
2024-02,WI,Wisconsin,OTH,other,,,,,number of customers,cents per kilowatt-hour,million dollars,million kilowatt hours
2024-02,WI,Wisconsin,RES,residential,2831691,16.98,294.35224,1733.72142,number of customers,cents per kilowatt-hour,million dollars,million kilowatt hours
2024-02,WI,Wisconsin,TRA,transportation,2,17.86,.01835,.10276,number of customers,cents per kilowatt-hour,million dollars,million kilowatt hours
2024-02,WNC,West North Central,ALL,all sectors,11609149,9.87,2449.60726,24806.79681,number of customers,cents per kilowatt-hour,million dollars,million kilowatt hours
2024-02,WNC,West North Central,COM,commercial,1518759,9.8,821.80885,8382.16393,number of customers,cents per kilowatt-hour,million dollars,million kilowatt hours
2024-02,WNC,West North Central,IND,industrial,126687,7.25,558.2892,7701.0635,number of customers,cents per kilowatt-hour,million dollars,million kilowatt hours
2024-02,WNC,West North Central,OTH,other,,,,,number of customers,cents per kilowatt-hour,million dollars,million kilowatt hours
2024-02,WNC,West North Central,RES,residential,9963700,12.26,1069.1487,8719.8122,number of customers,cents per kilowatt-hour,million dollars,million kilowatt hours
2024-02,WNC,West North Central,TRA,transportation,3,9.6,.36052,3.75718,number of customers,cents per kilowatt-hour,million dollars,million kilowatt hours
2024-02,WSC,West South Central,ALL,all sectors,20617674,9.18,4848.25096,52837.68857,number of customers,cents per kilowatt-hour,million dollars,million kilowatt hours
2024-02,WSC,West South Central,COM,commercial,2344951,8.62,1423.97841,16513.15137,number of customers,cents per kilowatt-hour,million dollars,million kilowatt hours
2024-02,WSC,West South Central,IND,industrial,427948,5.84,1123.16816,19248.57384,number of customers,cents per kilowatt-hour,million dollars,million kilowatt hours
2024-02,WSC,West South Central,OTH,other,,,,,number of customers,cents per kilowatt-hour,million dollars,million kilowatt hours
2024-02,WSC,West South Central,RES,residential,17844769,13.48,2300.98334,17074.67724,number of customers,cents per kilowatt-hour,million dollars,million kilowatt hours
2024-02,WSC,West South Central,TRA,transportation,6,9.41,.12105,1.28613,number of customers,cents per kilowatt-hour,million dollars,million kilowatt hours
2024-02,WV,West Virginia,ALL,all sectors,1030592,10.75,296.15469,2754.78343,number of customers,cents per kilowatt-hour,million dollars,million kilowatt hours
2024-02,WV,West Virginia,COM,commercial,151703,11.32,67.81623,599.2278,number of customers,cents per kilowatt-hour,million dollars,million kilowatt hours
2024-02,WV,West Virginia,IND,industrial,11065,7.65,87.85854,1148.63965,number of customers,cents per kilowatt-hour,million dollars,million kilowatt hours
2024-02,WV,West Virginia,OTH,other,,,,,number of customers,cents per kilowatt-hour,million dollars,million kilowatt hours
2024-02,WV,West Virginia,RES,residential,867824,13.95,140.47993,1006.91597,number of customers,cents per kilowatt-hour,million dollars,million kilowatt hours
2024-02,WV,West Virginia,TRA,transportation,0,0,0,0,number of customers,cents per kilowatt-hour,million dollars,million kilowatt hours
2024-02,WY,Wyoming,ALL,all sectors,355618,8.72,126.43715,1449.73315,number of customers,cents per kilowatt-hour,million dollars,million kilowatt hours
2024-02,WY,Wyoming,COM,commercial,58553,8.71,39.17833,450.0111,number of customers,cents per kilowatt-hour,million dollars,million kilowatt hours
2024-02,WY,Wyoming,IND,industrial,11830,7.58,53.90391,711.14575,number of customers,cents per kilowatt-hour,million dollars,million kilowatt hours
2024-02,WY,Wyoming,OTH,other,,,,,number of customers,cents per kilowatt-hour,million dollars,million kilowatt hours
2024-02,WY,Wyoming,RES,residential,285235,11.56,33.35492,288.5763,number of customers,cents per kilowatt-hour,million dollars,million kilowatt hours
2024-02,WY,Wyoming,TRA,transportation,0,0,0,0,number of customers,cents per kilowatt-hour,million dollars,million kilowatt hours
2024-01,AK,Alaska,ALL,all sectors,355067,21.91,128.52116,586.69728,number of customers,cents per kilowatt-hour,million dollars,million kilowatt hours
2024-01,AK,Alaska,COM,commercial,56832,21.38,51.34364,240.15723,number of customers,cents per kilowatt-hour,million dollars,million kilowatt hours
2024-01,AK,Alaska,IND,industrial,1158,19.13,22.76347,118.96956,number of customers,cents per kilowatt-hour,million dollars,million kilowatt hours
2024-01,AK,Alaska,OTH,other,,,,,number of customers,cents per kilowatt-hour,million dollars,million kilowatt hours
2024-01,AK,Alaska,RES,residential,297077,23.91,54.41405,227.57049,number of customers,cents per kilowatt-hour,million dollars,million kilowatt hours
2024-01,AK,Alaska,TRA,transportation,0,0,0,0,number of customers,cents per kilowatt-hour,million dollars,million kilowatt hours
2024-01,AL,Alabama,ALL,all sectors,2777536,11.89,945.13508,7950.24814,number of customers,cents per kilowatt-hour,million dollars,million kilowatt hours
2024-01,AL,Alabama,COM,commercial,388276,13.71,257.36821,1877.80969,number of customers,cents per kilowatt-hour,million dollars,million kilowatt hours
2024-01,AL,Alabama,IND,industrial,7227,7.15,186.51386,2610.20098,number of customers,cents per kilowatt-hour,million dollars,million kilowatt hours
2024-01,AL,Alabama,OTH,other,,,,,number of customers,cents per kilowatt-hour,million dollars,million kilowatt hours
2024-01,AL,Alabama,RES,residential,2382033,14.48,501.253,3462.23746,number of customers,cents per kilowatt-hour,million dollars,million kilowatt hours
2024-01,AL,Alabama,TRA,transportation,0,0,0,0,number of customers,cents per kilowatt-hour,million dollars,million kilowatt hours
2024-01,AR,Arkansas,ALL,all sectors,1708989,9.68,440.05665,4547.86627,number of customers,cents per kilowatt-hour,million dollars,million kilowatt hours
2024-01,AR,Arkansas,COM,commercial,206200,10.28,96.85907,941.91901,number of customers,cents per kilowatt-hour,million dollars,million kilowatt hours
2024-01,AR,Arkansas,IND,industrial,35678,7.16,110.11626,1538.59458,number of customers,cents per kilowatt-hour,million dollars,million kilowatt hours
2024-01,AR,Arkansas,OTH,other,,,,,number of customers,cents per kilowatt-hour,million dollars,million kilowatt hours
2024-01,AR,Arkansas,RES,residential,1467109,11.27,233.07882,2067.33284,number of customers,cents per kilowatt-hour,million dollars,million kilowatt hours
2024-01,AR,Arkansas,TRA,transportation,2,12.64,.00251,.01985,number of customers,cents per kilowatt-hour,million dollars,million kilowatt hours
2024-01,AZ,Arizona,ALL,all sectors,3464195,11.85,759.45636,6407.76935,number of customers,cents per kilowatt-hour,million dollars,million kilowatt hours
2024-01,AZ,Arizona,COM,commercial,346445,11.37,285.19692,2509.02612,number of customers,cents per kilowatt-hour,million dollars,million kilowatt hours
2024-01,AZ,Arizona,IND,industrial,7558,7.66,88.28731,1153.01088,number of customers,cents per kilowatt-hour,million dollars,million kilowatt hours
2024-01,AZ,Arizona,OTH,other,,,,,number of customers,cents per kilowatt-hour,million dollars,million kilowatt hours
2024-01,AZ,Arizona,RES,residential,3110190,14.06,385.89457,2744.95288,number of customers,cents per kilowatt-hour,million dollars,million kilowatt hours
2024-01,AZ,Arizona,TRA,transportation,2,9.95,.07756,.77947,number of customers,cents per kilowatt-hour,million dollars,million kilowatt hours
2024-01,CA,California,ALL,all sectors,16290812,24.72,4962.73282,20075.47688,number of customers,cents per kilowatt-hour,million dollars,million kilowatt hours
2024-01,CA,California,COM,commercial,1800990,23.1,2160.59411,9352.85241,number of customers,cents per kilowatt-hour,million dollars,million kilowatt hours
2024-01,CA,California,IND,industrial,149889,17.95,565.07095,3147.93038,number of customers,cents per kilowatt-hour,million dollars,million kilowatt hours
2024-01,CA,California,OTH,other,,,,,number of customers,cents per kilowatt-hour,million dollars,million kilowatt hours
2024-01,CA,California,RES,residential,14339921,29.62,2228.23396,7522.8627,number of customers,cents per kilowatt-hour,million dollars,million kilowatt hours
2024-01,CA,California,TRA,transportation,12,17.04,8.8338,51.83139,number of customers,cents per kilowatt-hour,million dollars,million kilowatt hours
2024-01,CO,Colorado,ALL,all sectors,2956320,11.47,554.73684,4837.96842,number of customers,cents per kilowatt-hour,million dollars,million kilowatt hours
2024-01,CO,Colorado,COM,commercial,402194,10.85,194.99168,1796.51562,number of customers,cents per kilowatt-hour,million dollars,million kilowatt hours
2024-01,CO,Colorado,IND,industrial,14604,8.17,97.80555,1196.73422,number of customers,cents per kilowatt-hour,million dollars,million kilowatt hours
2024-01,CO,Colorado,OTH,other,,,,,number of customers,cents per kilowatt-hour,million dollars,million kilowatt hours
2024-01,CO,Colorado,RES,residential,2539521,14.22,261.09139,1836.52212,number of customers,cents per kilowatt-hour,million dollars,million kilowatt hours
2024-01,CO,Colorado,TRA,transportation,1,10.35,.84822,8.19646,number of customers,cents per kilowatt-hour,million dollars,million kilowatt hours
2024-01,CT,Connecticut,ALL,all sectors,1703872,23.66,582.59961,2462.88994,number of customers,cents per kilowatt-hour,million dollars,million kilowatt hours
2024-01,CT,Connecticut,COM,commercial,156668,20.34,198.21716,974.36407,number of customers,cents per kilowatt-hour,million dollars,million kilowatt hours
2024-01,CT,Connecticut,IND,industrial,3878,16.67,33.0359,198.1805,number of customers,cents per kilowatt-hour,million dollars,million kilowatt hours
2024-01,CT,Connecticut,OTH,other,,,,,number of customers,cents per kilowatt-hour,million dollars,million kilowatt hours
2024-01,CT,Connecticut,RES,residential,1543323,27.34,348.37189,1274.14156,number of customers,cents per kilowatt-hour,million dollars,million kilowatt hours
2024-01,CT,Connecticut,TRA,transportation,3,18.36,2.97466,16.20381,number of customers,cents per kilowatt-hour,million dollars,million kilowatt hours
2024-01,DC,District of Columbia,ALL,all sectors,343849,16.79,147.64501,879.21551,number of customers,cents per kilowatt-hour,million dollars,million kilowatt hours
2024-01,DC,District of Columbia,COM,commercial,27462,17.24,105.5103,612.17257,number of customers,cents per kilowatt-hour,million dollars,million kilowatt hours
2024-01,DC,District of Columbia,IND,industrial,1,11.07,1.95403,17.65914,number of customers,cents per kilowatt-hour,million dollars,million kilowatt hours
2024-01,DC,District of Columbia,OTH,other,,,,,number of customers,cents per kilowatt-hour,million dollars,million kilowatt hours
2024-01,DC,District of Columbia,RES,residential,316383,16.88,37.47968,221.9804,number of customers,cents per kilowatt-hour,million dollars,million kilowatt hours
2024-01,DC,District of Columbia,TRA,transportation,3,9.86,2.70099,27.4034,number of customers,cents per kilowatt-hour,million dollars,million kilowatt hours
2024-01,DE,Delaware,ALL,all sectors,531767,13.26,129.82301,978.90862,number of customers,cents per kilowatt-hour,million dollars,million kilowatt hours
2024-01,DE,Delaware,COM,commercial,60200,11.9,40.3316,338.79193,number of customers,cents per kilowatt-hour,million dollars,million kilowatt hours
2024-01,DE,Delaware,IND,industrial,1223,8.78,13.47214,153.51125,number of customers,cents per kilowatt-hour,million dollars,million kilowatt hours
2024-01,DE,Delaware,OTH,other,,,,,number of customers,cents per kilowatt-hour,million dollars,million kilowatt hours
2024-01,DE,Delaware,RES,residential,470344,15.62,76.01927,486.60544,number of customers,cents per kilowatt-hour,million dollars,million kilowatt hours
2024-01,DE,Delaware,TRA,transportation,0,0,0,0,number of customers,cents per kilowatt-hour,million dollars,million kilowatt hours
2024-01,ENC,East North Central,ALL,all sectors,23544088,12.1,5939.26118,49096.86861,number of customers,cents per kilowatt-hour,million dollars,million kilowatt hours
2024-01,ENC,East North Central,COM,commercial,2565687,11.84,1829.24305,15444.07346,number of customers,cents per kilowatt-hour,million dollars,million kilowatt hours
2024-01,ENC,East North Central,IND,industrial,55345,8.13,1239.30163,15248.08016,number of customers,cents per kilowatt-hour,million dollars,million kilowatt hours
2024-01,ENC,East North Central,OTH,other,,,,,number of customers,cents per kilowatt-hour,million dollars,million kilowatt hours
2024-01,ENC,East North Central,RES,residential,20923046,15.61,2866.82915,18365.94041,number of customers,cents per kilowatt-hour,million dollars,million kilowatt hours
2024-01,ENC,East North Central,TRA,transportation,10,10.03,3.88735,38.77458,number of customers,cents per kilowatt-hour,million dollars,million kilowatt hours
2024-01,ESC,East South Central,ALL,all sectors,10431351,10.99,3127.18717,28464.71015,number of customers,cents per kilowatt-hour,million dollars,million kilowatt hours
2024-01,ESC,East South Central,COM,commercial,1499958,12.31,934.90145,7593.94541,number of customers,cents per kilowatt-hour,million dollars,million kilowatt hours
2024-01,ESC,East South Central,IND,industrial,25807,6.86,549.0069,8001.8127,number of customers,cents per kilowatt-hour,million dollars,million kilowatt hours
2024-01,ESC,East South Central,OTH,other,,,,,number of customers,cents per kilowatt-hour,million dollars,million kilowatt hours
2024-01,ESC,East South Central,RES,residential,8905586,12.77,1643.27881,12868.95205,number of customers,cents per kilowatt-hour,million dollars,million kilowatt hours
2024-01,ESC,East South Central,TRA,transportation,0,0,0,0,number of customers,cents per kilowatt-hour,million dollars,million kilowatt hours
2024-01,FL,Florida,ALL,all sectors,11672627,13.18,2486.37068,18863.51077,number of customers,cents per kilowatt-hour,million dollars,million kilowatt hours
2024-01,FL,Florida,COM,commercial,1301674,11.83,855.81436,7231.4561,number of customers,cents per kilowatt-hour,million dollars,million kilowatt hours
2024-01,FL,Florida,IND,industrial,26521,9.03,128.97112,1428.17601,number of customers,cents per kilowatt-hour,million dollars,million kilowatt hours
2024-01,FL,Florida,OTH,other,,,,,number of customers,cents per kilowatt-hour,million dollars,million kilowatt hours
2024-01,FL,Florida,RES,residential,10344430,14.72,1500.93654,10198.39104,number of customers,cents per kilowatt-hour,million dollars,million kilowatt hours
2024-01,FL,Florida,TRA,transportation,2,11.82,.64866,5.48763,number of customers,cents per kilowatt-hour,million dollars,million kilowatt hours
2024-01,GA,Georgia,ALL,all sectors,5411061,11.02,1456.73276,13221.44778,number of customers,cents per kilowatt-hour,million dollars,million kilowatt hours
2024-01,GA,Georgia,COM,commercial,615427,11.09,493.90538,4453.8535,number of customers,cents per kilowatt-hour,million dollars,million kilowatt hours
2024-01,GA,Georgia,IND,industrial,23909,7.95,206.54332,2597.64974,number of customers,cents per kilowatt-hour,million dollars,million kilowatt hours
2024-01,GA,Georgia,OTH,other,,,,,number of customers,cents per kilowatt-hour,million dollars,million kilowatt hours
2024-01,GA,Georgia,RES,residential,4771724,12.27,755.46895,6156.98238,number of customers,cents per kilowatt-hour,million dollars,million kilowatt hours
2024-01,GA,Georgia,TRA,transportation,1,6.29,.81511,12.96217,number of customers,cents per kilowatt-hour,million dollars,million kilowatt hours
2024-01,HI,Hawaii,ALL,all sectors,506783,40.96,293.16396,715.69836,number of customers,cents per kilowatt-hour,million dollars,million kilowatt hours
2024-01,HI,Hawaii,COM,commercial,59705,41.48,89.90039,216.70698,number of customers,cents per kilowatt-hour,million dollars,million kilowatt hours
2024-01,HI,Hawaii,IND,industrial,820,37.66,102.81839,273.01791,number of customers,cents per kilowatt-hour,million dollars,million kilowatt hours
2024-01,HI,Hawaii,OTH,other,,,,,number of customers,cents per kilowatt-hour,million dollars,million kilowatt hours
2024-01,HI,Hawaii,RES,residential,446258,44.45,100.44519,225.97346,number of customers,cents per kilowatt-hour,million dollars,million kilowatt hours
2024-01,HI,Hawaii,TRA,transportation,0,0,0,0,number of customers,cents per kilowatt-hour,million dollars,million kilowatt hours
2024-01,IA,Iowa,ALL,all sectors,1704206,8.82,435.34107,4934.79161,number of customers,cents per kilowatt-hour,million dollars,million kilowatt hours
2024-01,IA,Iowa,COM,commercial,251437,9.53,108.99601,1143.4953,number of customers,cents per kilowatt-hour,million dollars,million kilowatt hours
2024-01,IA,Iowa,IND,industrial,9166,6.4,143.27118,2237.03304,number of customers,cents per kilowatt-hour,million dollars,million kilowatt hours
2024-01,IA,Iowa,OTH,other,,,,,number of customers,cents per kilowatt-hour,million dollars,million kilowatt hours
2024-01,IA,Iowa,RES,residential,1443603,11.78,183.07389,1554.26327,number of customers,cents per kilowatt-hour,million dollars,million kilowatt hours
2024-01,IA,Iowa,TRA,transportation,0,0,0,0,number of customers,cents per kilowatt-hour,million dollars,million kilowatt hours
2024-01,ID,Idaho,ALL,all sectors,1011270,9.16,210.96007,2303.28573,number of customers,cents per kilowatt-hour,million dollars,million kilowatt hours
2024-01,ID,Idaho,COM,commercial,123247,8.59,53.91145,627.37525,number of customers,cents per kilowatt-hour,million dollars,million kilowatt hours
2024-01,ID,Idaho,IND,industrial,29280,6.77,38.60155,570.29376,number of customers,cents per kilowatt-hour,million dollars,million kilowatt hours
2024-01,ID,Idaho,OTH,other,,,,,number of customers,cents per kilowatt-hour,million dollars,million kilowatt hours
2024-01,ID,Idaho,RES,residential,858743,10.71,118.44707,1105.61671,number of customers,cents per kilowatt-hour,million dollars,million kilowatt hours
2024-01,ID,Idaho,TRA,transportation,0,0,0,0,number of customers,cents per kilowatt-hour,million dollars,million kilowatt hours
2024-01,IL,Illinois,ALL,all sectors,6047898,11.69,1405.54765,12022.32537,number of customers,cents per kilowatt-hour,million dollars,million kilowatt hours
2024-01,IL,Illinois,COM,commercial,633762,11.15,454.54467,4077.58669,number of customers,cents per kilowatt-hour,million dollars,million kilowatt hours
2024-01,IL,Illinois,IND,industrial,5748,8.63,310.71141,3600.93544,number of customers,cents per kilowatt-hour,million dollars,million kilowatt hours
2024-01,IL,Illinois,OTH,other,,,,,number of customers,cents per kilowatt-hour,million dollars,million kilowatt hours
2024-01,IL,Illinois,RES,residential,5408385,14.77,636.85914,4310.46343,number of customers,cents per kilowatt-hour,million dollars,million kilowatt hours
2024-01,IL,Illinois,TRA,transportation,3,10.3,3.43243,33.33982,number of customers,cents per kilowatt-hour,million dollars,million kilowatt hours
2024-01,IN,Indiana,ALL,all sectors,3430764,11.37,991.48187,8722.02373,number of customers,cents per kilowatt-hour,million dollars,million kilowatt hours
2024-01,IN,Indiana,COM,commercial,373701,12.4,246.85296,1990.88738,number of customers,cents per kilowatt-hour,million dollars,million kilowatt hours
2024-01,IN,Indiana,IND,industrial,19732,8.3,273.0793,3288.9059,number of customers,cents per kilowatt-hour,million dollars,million kilowatt hours
2024-01,IN,Indiana,OTH,other,,,,,number of customers,cents per kilowatt-hour,million dollars,million kilowatt hours
2024-01,IN,Indiana,RES,residential,3037330,13.7,471.39196,3440.901,number of customers,cents per kilowatt-hour,million dollars,million kilowatt hours
2024-01,IN,Indiana,TRA,transportation,1,11.86,.15764,1.32946,number of customers,cents per kilowatt-hour,million dollars,million kilowatt hours
2024-01,KS,Kansas,ALL,all sectors,1575165,10.65,384.53762,3610.40089,number of customers,cents per kilowatt-hour,million dollars,million kilowatt hours
2024-01,KS,Kansas,COM,commercial,244155,10.28,133.80371,1301.51759,number of customers,cents per kilowatt-hour,million dollars,million kilowatt hours
2024-01,KS,Kansas,IND,industrial,23649,7.77,71.70347,922.54521,number of customers,cents per kilowatt-hour,million dollars,million kilowatt hours
2024-01,KS,Kansas,OTH,other,,,,,number of customers,cents per kilowatt-hour,million dollars,million kilowatt hours
2024-01,KS,Kansas,RES,residential,1307361,12.91,179.03044,1386.33809,number of customers,cents per kilowatt-hour,million dollars,million kilowatt hours
2024-01,KS,Kansas,TRA,transportation,0,0,0,0,number of customers,cents per kilowatt-hour,million dollars,million kilowatt hours
2024-01,KY,Kentucky,ALL,all sectors,2397299,10.3,718.31956,6976.12389,number of customers,cents per kilowatt-hour,million dollars,million kilowatt hours
2024-01,KY,Kentucky,COM,commercial,325989,11.36,198.99728,1751.29181,number of customers,cents per kilowatt-hour,million dollars,million kilowatt hours
2024-01,KY,Kentucky,IND,industrial,5121,6.99,160.08106,2288.86224,number of customers,cents per kilowatt-hour,million dollars,million kilowatt hours
2024-01,KY,Kentucky,OTH,other,,,,,number of customers,cents per kilowatt-hour,million dollars,million kilowatt hours
2024-01,KY,Kentucky,RES,residential,2066189,12.24,359.24122,2935.96983,number of customers,cents per kilowatt-hour,million dollars,million kilowatt hours
2024-01,KY,Kentucky,TRA,transportation,0,0,0,0,number of customers,cents per kilowatt-hour,million dollars,million kilowatt hours
2024-01,LA,Louisiana,ALL,all sectors,2454998,8.78,680.70795,7749.33737,number of customers,cents per kilowatt-hour,million dollars,million kilowatt hours
2024-01,LA,Louisiana,COM,commercial,299947,10.65,192.24216,1804.30827,number of customers,cents per kilowatt-hour,million dollars,million kilowatt hours
2024-01,LA,Louisiana,IND,industrial,18178,5.78,180.96514,3132.37481,number of customers,cents per kilowatt-hour,million dollars,million kilowatt hours
2024-01,LA,Louisiana,OTH,other,,,,,number of customers,cents per kilowatt-hour,million dollars,million kilowatt hours
2024-01,LA,Louisiana,RES,residential,2136872,10.93,307.40843,2811.77406,number of customers,cents per kilowatt-hour,million dollars,million kilowatt hours
2024-01,LA,Louisiana,TRA,transportation,1,10.48,.09223,.88023,number of customers,cents per kilowatt-hour,million dollars,million kilowatt hours
2024-01,MA,Massachusetts,ALL,all sectors,3355657,23.84,1077.73066,4520.16875,number of customers,cents per kilowatt-hour,million dollars,million kilowatt hours
2024-01,MA,Massachusetts,COM,commercial,448396,21.21,450.54025,2124.63248,number of customers,cents per kilowatt-hour,million dollars,million kilowatt hours
2024-01,MA,Massachusetts,IND,industrial,10798,18.72,91.04807,486.31301,number of customers,cents per kilowatt-hour,million dollars,million kilowatt hours
2024-01,MA,Massachusetts,OTH,other,,,,,number of customers,cents per kilowatt-hour,million dollars,million kilowatt hours
2024-01,MA,Massachusetts,RES,residential,2896461,28.35,533.45153,1881.84313,number of customers,cents per kilowatt-hour,million dollars,million kilowatt hours
2024-01,MA,Massachusetts,TRA,transportation,2,9.83,2.69081,27.38013,number of customers,cents per kilowatt-hour,million dollars,million kilowatt hours
2024-01,MAT,Middle Atlantic,ALL,all sectors,19171341,15.47,4861.70548,31426.69213,number of customers,cents per kilowatt-hour,million dollars,million kilowatt hours
2024-01,MAT,Middle Atlantic,COM,commercial,2454476,14.75,1813.27136,12294.18288,number of customers,cents per kilowatt-hour,million dollars,million kilowatt hours
2024-01,MAT,Middle Atlantic,IND,industrial,43643,8.54,525.47959,6150.96386,number of customers,cents per kilowatt-hour,million dollars,million kilowatt hours
2024-01,MAT,Middle Atlantic,OTH,other,,,,,number of customers,cents per kilowatt-hour,million dollars,million kilowatt hours
2024-01,MAT,Middle Atlantic,RES,residential,16673204,19.6,2478.46614,12645.40995,number of customers,cents per kilowatt-hour,million dollars,million kilowatt hours
2024-01,MAT,Middle Atlantic,TRA,transportation,18,13.24,44.48839,336.13545,number of customers,cents per kilowatt-hour,million dollars,million kilowatt hours
2024-01,MD,Maryland,ALL,all sectors,2714263,15.19,848.59555,5588.24896,number of customers,cents per kilowatt-hour,million dollars,million kilowatt hours
2024-01,MD,Maryland,COM,commercial,261312,13.05,313.48903,2401.60044,number of customers,cents per kilowatt-hour,million dollars,million kilowatt hours
2024-01,MD,Maryland,IND,industrial,9309,10.7,29.06525,271.75727,number of customers,cents per kilowatt-hour,million dollars,million kilowatt hours
2024-01,MD,Maryland,OTH,other,,,,,number of customers,cents per kilowatt-hour,million dollars,million kilowatt hours
2024-01,MD,Maryland,RES,residential,2443637,17.45,501.54,2874.66534,number of customers,cents per kilowatt-hour,million dollars,million kilowatt hours
2024-01,MD,Maryland,TRA,transportation,5,11.19,4.50128,40.22592,number of customers,cents per kilowatt-hour,million dollars,million kilowatt hours
2024-01,ME,Maine,ALL,all sectors,852436,22.08,223.66458,1013.20315,number of customers,cents per kilowatt-hour,million dollars,million kilowatt hours
2024-01,ME,Maine,COM,commercial,111901,19.29,66.99936,347.36115,number of customers,cents per kilowatt-hour,million dollars,million kilowatt hours
2024-01,ME,Maine,IND,industrial,2035,14.14,27.42681,193.95786,number of customers,cents per kilowatt-hour,million dollars,million kilowatt hours
2024-01,ME,Maine,OTH,other,,,,,number of customers,cents per kilowatt-hour,million dollars,million kilowatt hours
2024-01,ME,Maine,RES,residential,738500,27.39,129.23841,471.88414,number of customers,cents per kilowatt-hour,million dollars,million kilowatt hours
2024-01,ME,Maine,TRA,transportation,0,0,0,0,number of customers,cents per kilowatt-hour,million dollars,million kilowatt hours
2024-01,MI,Michigan,ALL,all sectors,5075007,14.03,1211.11623,8634.74851,number of customers,cents per kilowatt-hour,million dollars,million kilowatt hours
2024-01,MI,Michigan,COM,commercial,561794,13.78,439.78074,3192.3862,number of customers,cents per kilowatt-hour,million dollars,million kilowatt hours
2024-01,MI,Michigan,IND,industrial,5642,8.45,197.75605,2340.7351,number of customers,cents per kilowatt-hour,million dollars,million kilowatt hours
2024-01,MI,Michigan,OTH,other,,,,,number of customers,cents per kilowatt-hour,million dollars,million kilowatt hours
2024-01,MI,Michigan,RES,residential,4507569,18.49,573.50921,3101.11772,number of customers,cents per kilowatt-hour,million dollars,million kilowatt hours
2024-01,MI,Michigan,TRA,transportation,2,13.79,.07024,.50949,number of customers,cents per kilowatt-hour,million dollars,million kilowatt hours
2024-01,MN,Minnesota,ALL,all sectors,2884059,11.9,696.73369,5853.02415,number of customers,cents per kilowatt-hour,million dollars,million kilowatt hours
2024-01,MN,Minnesota,COM,commercial,307783,11.46,224.27803,1957.45972,number of customers,cents per kilowatt-hour,million dollars,million kilowatt hours
2024-01,MN,Minnesota,IND,industrial,9047,9.16,148.20811,1617.73916,number of customers,cents per kilowatt-hour,million dollars,million kilowatt hours
2024-01,MN,Minnesota,OTH,other,,,,,number of customers,cents per kilowatt-hour,million dollars,million kilowatt hours
2024-01,MN,Minnesota,RES,residential,2567228,14.24,324.03416,2275.93927,number of customers,cents per kilowatt-hour,million dollars,million kilowatt hours
2024-01,MN,Minnesota,TRA,transportation,1,11.31,.21339,1.88601,number of customers,cents per kilowatt-hour,million dollars,million kilowatt hours
2024-01,MO,Missouri,ALL,all sectors,3324567,9.55,731.93166,7661.08905,number of customers,cents per kilowatt-hour,million dollars,million kilowatt hours
2024-01,MO,Missouri,COM,commercial,403168,8.76,229.21588,2616.13728,number of customers,cents per kilowatt-hour,million dollars,million kilowatt hours
2024-01,MO,Missouri,IND,industrial,9928,7.35,78.19527,1063.43792,number of customers,cents per kilowatt-hour,million dollars,million kilowatt hours
2024-01,MO,Missouri,OTH,other,,,,,number of customers,cents per kilowatt-hour,million dollars,million kilowatt hours
2024-01,MO,Missouri,RES,residential,2911469,10.66,424.3057,3978.72309,number of customers,cents per kilowatt-hour,million dollars,million kilowatt hours
2024-01,MO,Missouri,TRA,transportation,2,7.7,.21481,2.79076,number of customers,cents per kilowatt-hour,million dollars,million kilowatt hours
2024-01,MS,Mississippi,ALL,all sectors,1590428,10.89,456.50814,4193.83021,number of customers,cents per kilowatt-hour,million dollars,million kilowatt hours
2024-01,MS,Mississippi,COM,commercial,246122,12.59,135.11145,1072.84989,number of customers,cents per kilowatt-hour,million dollars,million kilowatt hours
2024-01,MS,Mississippi,IND,industrial,12416,6.89,87.99943,1277.48352,number of customers,cents per kilowatt-hour,million dollars,million kilowatt hours
2024-01,MS,Mississippi,OTH,other,,,,,number of customers,cents per kilowatt-hour,million dollars,million kilowatt hours
2024-01,MS,Mississippi,RES,residential,1331890,12.66,233.39727,1843.4968,number of customers,cents per kilowatt-hour,million dollars,million kilowatt hours
2024-01,MS,Mississippi,TRA,transportation,0,0,0,0,number of customers,cents per kilowatt-hour,million dollars,million kilowatt hours
2024-01,MT,Montana,ALL,all sectors,680871,11.88,182.60142,1537.43938,number of customers,cents per kilowatt-hour,million dollars,million kilowatt hours
2024-01,MT,Montana,COM,commercial,117551,11.56,52.15601,451.34579,number of customers,cents per kilowatt-hour,million dollars,million kilowatt hours
2024-01,MT,Montana,IND,industrial,9652,12.07,50.21174,415.84393,number of customers,cents per kilowatt-hour,million dollars,million kilowatt hours
2024-01,MT,Montana,OTH,other,,,,,number of customers,cents per kilowatt-hour,million dollars,million kilowatt hours
2024-01,MT,Montana,RES,residential,553668,11.97,80.23368,670.24966,number of customers,cents per kilowatt-hour,million dollars,million kilowatt hours
2024-01,MT,Montana,TRA,transportation,0,0,0,0,number of customers,cents per kilowatt-hour,million dollars,million kilowatt hours
2024-01,MTN,Mountain,ALL,all sectors,12451968,10.8,2682.77019,24848.69227,number of customers,cents per kilowatt-hour,million dollars,million kilowatt hours
2024-01,MTN,Mountain,COM,commercial,1515611,10.43,921.52346,8833.34817,number of customers,cents per kilowatt-hour,million dollars,million kilowatt hours
2024-01,MTN,Mountain,IND,industrial,97408,7.81,524.00985,6707.17833,number of customers,cents per kilowatt-hour,million dollars,million kilowatt hours
2024-01,MTN,Mountain,OTH,other,,,,,number of customers,cents per kilowatt-hour,million dollars,million kilowatt hours
2024-01,MTN,Mountain,RES,residential,10838944,13.3,1235.69586,9294.08361,number of customers,cents per kilowatt-hour,million dollars,million kilowatt hours
2024-01,MTN,Mountain,TRA,transportation,5,10.94,1.54102,14.08216,number of customers,cents per kilowatt-hour,million dollars,million kilowatt hours
2024-01,NC,North Carolina,ALL,all sectors,5770069,11.09,1426.57159,12863.29402,number of customers,cents per kilowatt-hour,million dollars,million kilowatt hours
2024-01,NC,North Carolina,COM,commercial,748848,10.13,418.83017,4133.15025,number of customers,cents per kilowatt-hour,million dollars,million kilowatt hours
2024-01,NC,North Carolina,IND,industrial,8946,7.41,154.42827,2084.64475,number of customers,cents per kilowatt-hour,million dollars,million kilowatt hours
2024-01,NC,North Carolina,OTH,other,,,,,number of customers,cents per kilowatt-hour,million dollars,million kilowatt hours
2024-01,NC,North Carolina,RES,residential,5012274,12.84,853.21108,6644.36076,number of customers,cents per kilowatt-hour,million dollars,million kilowatt hours
2024-01,NC,North Carolina,TRA,transportation,1,8.97,.10207,1.13827,number of customers,cents per kilowatt-hour,million dollars,million kilowatt hours
2024-01,ND,North Dakota,ALL,all sectors,483974,8.03,216.42502,2695.58604,number of customers,cents per kilowatt-hour,million dollars,million kilowatt hours
2024-01,ND,North Dakota,COM,commercial,76936,7.66,75.97365,991.23663,number of customers,cents per kilowatt-hour,million dollars,million kilowatt hours
2024-01,ND,North Dakota,IND,industrial,10667,7.28,79.4948,1091.66063,number of customers,cents per kilowatt-hour,million dollars,million kilowatt hours
2024-01,ND,North Dakota,OTH,other,,,,,number of customers,cents per kilowatt-hour,million dollars,million kilowatt hours
2024-01,ND,North Dakota,RES,residential,396371,9.95,60.95657,612.68879,number of customers,cents per kilowatt-hour,million dollars,million kilowatt hours
2024-01,ND,North Dakota,TRA,transportation,0,0,0,0,number of customers,cents per kilowatt-hour,million dollars,million kilowatt hours
2024-01,NE,Nebraska,ALL,all sectors,1120975,8.59,280.90063,3269.7441,number of customers,cents per kilowatt-hour,million dollars,million kilowatt hours
2024-01,NE,Nebraska,COM,commercial,160606,8.26,90.5829,1096.67487,number of customers,cents per kilowatt-hour,million dollars,million kilowatt hours
2024-01,NE,Nebraska,IND,industrial,60342,7.59,70.95061,934.80383,number of customers,cents per kilowatt-hour,million dollars,million kilowatt hours
2024-01,NE,Nebraska,OTH,other,,,,,number of customers,cents per kilowatt-hour,million dollars,million kilowatt hours
2024-01,NE,Nebraska,RES,residential,900027,9.64,119.36711,1238.26539,number of customers,cents per kilowatt-hour,million dollars,million kilowatt hours
2024-01,NE,Nebraska,TRA,transportation,0,0,0,0,number of customers,cents per kilowatt-hour,million dollars,million kilowatt hours
2024-01,NEW,New England,ALL,all sectors,7585933,23.23,2354.01533,10135.50351,number of customers,cents per kilowatt-hour,million dollars,million kilowatt hours
2024-01,NEW,New England,COM,commercial,955184,20.62,881.49712,4274.82677,number of customers,cents per kilowatt-hour,million dollars,million kilowatt hours
2024-01,NEW,New England,IND,industrial,21660,16.79,203.2461,1210.58202,number of customers,cents per kilowatt-hour,million dollars,million kilowatt hours
2024-01,NEW,New England,OTH,other,,,,,number of customers,cents per kilowatt-hour,million dollars,million kilowatt hours
2024-01,NEW,New England,RES,residential,6609083,27.43,1263.24536,4604.71651,number of customers,cents per kilowatt-hour,million dollars,million kilowatt hours
2024-01,NEW,New England,TRA,transportation,6,13.28,6.02675,45.37822,number of customers,cents per kilowatt-hour,million dollars,million kilowatt hours
2024-01,NH,New Hampshire,ALL,all sectors,764756,21.91,213.05736,972.2303,number of customers,cents per kilowatt-hour,million dollars,million kilowatt hours
2024-01,NH,New Hampshire,COM,commercial,111683,20.23,71.13742,351.68882,number of customers,cents per kilowatt-hour,million dollars,million kilowatt hours
2024-01,NH,New Hampshire,IND,industrial,3124,17.3,28.19939,163.00173,number of customers,cents per kilowatt-hour,million dollars,million kilowatt hours
2024-01,NH,New Hampshire,OTH,other,,,,,number of customers,cents per kilowatt-hour,million dollars,million kilowatt hours
2024-01,NH,New Hampshire,RES,residential,649949,24.85,113.72056,457.53975,number of customers,cents per kilowatt-hour,million dollars,million kilowatt hours
2024-01,NH,New Hampshire,TRA,transportation,0,0,0,0,number of customers,cents per kilowatt-hour,million dollars,million kilowatt hours
2024-01,NJ,New Jersey,ALL,all sectors,4285339,14.85,929.52485,6261.34347,number of customers,cents per kilowatt-hour,million dollars,million kilowatt hours
2024-01,NJ,New Jersey,COM,commercial,544457,13.1,407.31752,3108.14543,number of customers,cents per kilowatt-hour,million dollars,million kilowatt hours
2024-01,NJ,New Jersey,IND,industrial,11561,11.14,62.89963,564.60958,number of customers,cents per kilowatt-hour,million dollars,million kilowatt hours
2024-01,NJ,New Jersey,OTH,other,,,,,number of customers,cents per kilowatt-hour,million dollars,million kilowatt hours
2024-01,NJ,New Jersey,RES,residential,3729314,17.82,455.15792,2553.55427,number of customers,cents per kilowatt-hour,million dollars,million kilowatt hours
2024-01,NJ,New Jersey,TRA,transportation,7,11.84,4.14977,35.03419,number of customers,cents per kilowatt-hour,million dollars,million kilowatt hours
2024-01,NM,New Mexico,ALL,all sectors,1086369,8.8,212.62859,2416.62003,number of customers,cents per kilowatt-hour,million dollars,million kilowatt hours
2024-01,NM,New Mexico,COM,commercial,147363,10,73.50653,735.3401,number of customers,cents per kilowatt-hour,million dollars,million kilowatt hours
2024-01,NM,New Mexico,IND,industrial,9165,5.22,53.64729,1027.8745,number of customers,cents per kilowatt-hour,million dollars,million kilowatt hours
2024-01,NM,New Mexico,OTH,other,,,,,number of customers,cents per kilowatt-hour,million dollars,million kilowatt hours
2024-01,NM,New Mexico,RES,residential,929841,13.08,85.47477,653.40543,number of customers,cents per kilowatt-hour,million dollars,million kilowatt hours
2024-01,NM,New Mexico,TRA,transportation,0,0,0,0,number of customers,cents per kilowatt-hour,million dollars,million kilowatt hours
2024-01,NV,Nevada,ALL,all sectors,1481188,12.02,351.23305,2922.261,number of customers,cents per kilowatt-hour,million dollars,million kilowatt hours
2024-01,NV,Nevada,COM,commercial,176217,11,119.33679,1084.74701,number of customers,cents per kilowatt-hour,million dollars,million kilowatt hours
2024-01,NV,Nevada,IND,industrial,4590,8.69,78.06618,897.86229,number of customers,cents per kilowatt-hour,million dollars,million kilowatt hours
2024-01,NV,Nevada,OTH,other,,,,,number of customers,cents per kilowatt-hour,million dollars,million kilowatt hours
2024-01,NV,Nevada,RES,residential,1300380,16.37,153.75417,939.01248,number of customers,cents per kilowatt-hour,million dollars,million kilowatt hours
2024-01,NV,Nevada,TRA,transportation,1,11.88,.07592,.63922,number of customers,cents per kilowatt-hour,million dollars,million kilowatt hours
2024-01,NY,New York,ALL,all sectors,8604449,18.87,2233.90715,11836.94197,number of customers,cents per kilowatt-hour,million dollars,million kilowatt hours
2024-01,NY,New York,COM,commercial,1172237,17.84,1040.45011,5833.01116,number of customers,cents per kilowatt-hour,million dollars,million kilowatt hours
2024-01,NY,New York,IND,industrial,17167,9.02,120.73517,1338.86829,number of customers,cents per kilowatt-hour,million dollars,million kilowatt hours
2024-01,NY,New York,OTH,other,,,,,number of customers,cents per kilowatt-hour,million dollars,million kilowatt hours
2024-01,NY,New York,RES,residential,7415039,23.49,1037.73402,4417.08846,number of customers,cents per kilowatt-hour,million dollars,million kilowatt hours
2024-01,NY,New York,TRA,transportation,6,14.11,34.98786,247.97405,number of customers,cents per kilowatt-hour,million dollars,million kilowatt hours
2024-01,OH,Ohio,ALL,all sectors,5775729,11.43,1564.83719,13694.19712,number of customers,cents per kilowatt-hour,million dollars,million kilowatt hours
2024-01,OH,Ohio,COM,commercial,626488,10.5,440.1183,4192.15613,number of customers,cents per kilowatt-hour,million dollars,million kilowatt hours
2024-01,OH,Ohio,IND,industrial,18682,7.18,298.76116,4161.0198,number of customers,cents per kilowatt-hour,million dollars,million kilowatt hours
2024-01,OH,Ohio,OTH,other,,,,,number of customers,cents per kilowatt-hour,million dollars,million kilowatt hours
2024-01,OH,Ohio,RES,residential,5130557,15.47,825.75328,5337.53769,number of customers,cents per kilowatt-hour,million dollars,million kilowatt hours
2024-01,OH,Ohio,TRA,transportation,2,5.87,.20445,3.4835,number of customers,cents per kilowatt-hour,million dollars,million kilowatt hours
2024-01,OK,Oklahoma,ALL,all sectors,2184084,8.92,562.48831,6309.33639,number of customers,cents per kilowatt-hour,million dollars,million kilowatt hours
2024-01,OK,Oklahoma,COM,commercial,296792,9.2,178.86756,1944.64905,number of customers,cents per kilowatt-hour,million dollars,million kilowatt hours
2024-01,OK,Oklahoma,IND,industrial,20053,6.5,118.56561,1824.91464,number of customers,cents per kilowatt-hour,million dollars,million kilowatt hours
2024-01,OK,Oklahoma,OTH,other,,,,,number of customers,cents per kilowatt-hour,million dollars,million kilowatt hours
2024-01,OK,Oklahoma,RES,residential,1867239,10.44,265.05514,2539.77271,number of customers,cents per kilowatt-hour,million dollars,million kilowatt hours
2024-01,OK,Oklahoma,TRA,transportation,0,0,0,0,number of customers,cents per kilowatt-hour,million dollars,million kilowatt hours
2024-01,OR,Oregon,ALL,all sectors,2128308,11.21,630.73882,5629.04798,number of customers,cents per kilowatt-hour,million dollars,million kilowatt hours
2024-01,OR,Oregon,COM,commercial,245922,9.89,213.96769,2163.54823,number of customers,cents per kilowatt-hour,million dollars,million kilowatt hours
2024-01,OR,Oregon,IND,industrial,26061,8.48,102.37445,1206.63389,number of customers,cents per kilowatt-hour,million dollars,million kilowatt hours
2024-01,OR,Oregon,OTH,other,,,,,number of customers,cents per kilowatt-hour,million dollars,million kilowatt hours
2024-01,OR,Oregon,RES,residential,1856323,13.92,314.1429,2256.7839,number of customers,cents per kilowatt-hour,million dollars,million kilowatt hours
2024-01,OR,Oregon,TRA,transportation,2,12.19,.25379,2.08195,number of customers,cents per kilowatt-hour,million dollars,million kilowatt hours
2024-01,PA,Pennsylvania,ALL,all sectors,6281553,12.74,1698.27348,13328.4067,number of customers,cents per kilowatt-hour,million dollars,million kilowatt hours
2024-01,PA,Pennsylvania,COM,commercial,737782,10.9,365.50373,3353.02628,number of customers,cents per kilowatt-hour,million dollars,million kilowatt hours
2024-01,PA,Pennsylvania,IND,industrial,14915,8.05,341.84479,4247.48599,number of customers,cents per kilowatt-hour,million dollars,million kilowatt hours
2024-01,PA,Pennsylvania,OTH,other,,,,,number of customers,cents per kilowatt-hour,million dollars,million kilowatt hours
2024-01,PA,Pennsylvania,RES,residential,5528851,17.37,985.5742,5674.76722,number of customers,cents per kilowatt-hour,million dollars,million kilowatt hours
2024-01,PA,Pennsylvania,TRA,transportation,5,10.07,5.35076,53.12721,number of customers,cents per kilowatt-hour,million dollars,million kilowatt hours
2024-01,PACC,Pacific Contiguous,ALL,all sectors,22206111,19.01,6517.67113,34292.55154,number of customers,cents per kilowatt-hour,million dollars,million kilowatt hours
2024-01,PACC,Pacific Contiguous,COM,commercial,2451949,19.2,2678.28792,13946.22149,number of customers,cents per kilowatt-hour,million dollars,million kilowatt hours
2024-01,PACC,Pacific Contiguous,IND,industrial,201798,13.2,769.81367,5831.6785,number of customers,cents per kilowatt-hour,million dollars,million kilowatt hours
2024-01,PACC,Pacific Contiguous,OTH,other,,,,,number of customers,cents per kilowatt-hour,million dollars,million kilowatt hours
2024-01,PACC,Pacific Contiguous,RES,residential,19552345,21.17,3059.62786,14452.80713,number of customers,cents per kilowatt-hour,million dollars,million kilowatt hours
2024-01,PACC,Pacific Contiguous,TRA,transportation,19,16.08,9.94168,61.84443,number of customers,cents per kilowatt-hour,million dollars,million kilowatt hours
2024-01,PACN,Pacific Noncontiguous,ALL,all sectors,861850,32.38,421.68512,1302.39564,number of customers,cents per kilowatt-hour,million dollars,million kilowatt hours
2024-01,PACN,Pacific Noncontiguous,COM,commercial,116537,30.92,141.24403,456.86421,number of customers,cents per kilowatt-hour,million dollars,million kilowatt hours
2024-01,PACN,Pacific Noncontiguous,IND,industrial,1978,32.04,125.58185,391.98747,number of customers,cents per kilowatt-hour,million dollars,million kilowatt hours
2024-01,PACN,Pacific Noncontiguous,OTH,other,,,,,number of customers,cents per kilowatt-hour,million dollars,million kilowatt hours
2024-01,PACN,Pacific Noncontiguous,RES,residential,743335,34.14,154.85924,453.54395,number of customers,cents per kilowatt-hour,million dollars,million kilowatt hours
2024-01,PACN,Pacific Noncontiguous,TRA,transportation,0,0,0,0,number of customers,cents per kilowatt-hour,million dollars,million kilowatt hours
2024-01,RI,Rhode Island,ALL,all sectors,522709,25.29,164.64502,650.92887,number of customers,cents per kilowatt-hour,million dollars,million kilowatt hours
2024-01,RI,Rhode Island,COM,commercial,62801,20.66,63.73184,308.49233,number of customers,cents per kilowatt-hour,million dollars,million kilowatt hours
2024-01,RI,Rhode Island,IND,industrial,1569,19.38,10.21729,52.71696,number of customers,cents per kilowatt-hour,million dollars,million kilowatt hours
2024-01,RI,Rhode Island,OTH,other,,,,,number of customers,cents per kilowatt-hour,million dollars,million kilowatt hours
2024-01,RI,Rhode Island,RES,residential,458338,31.37,90.33461,287.92531,number of customers,cents per kilowatt-hour,million dollars,million kilowatt hours
2024-01,RI,Rhode Island,TRA,transportation,1,20.13,.36127,1.79428,number of customers,cents per kilowatt-hour,million dollars,million kilowatt hours
2024-01,SAT,South Atlantic,ALL,all sectors,34527369,11.92,8976.38106,75314.41221,number of customers,cents per kilowatt-hour,million dollars,million kilowatt hours
2024-01,SAT,South Atlantic,COM,commercial,4021587,11,3094.40032,28142.80203,number of customers,cents per kilowatt-hour,million dollars,million kilowatt hours
2024-01,SAT,South Atlantic,IND,industrial,88236,7.94,863.30715,10872.17237,number of customers,cents per kilowatt-hour,million dollars,million kilowatt hours
2024-01,SAT,South Atlantic,OTH,other,,,,,number of customers,cents per kilowatt-hour,million dollars,million kilowatt hours
2024-01,SAT,South Atlantic,RES,residential,30417533,13.84,5007.77126,36190.94364,number of customers,cents per kilowatt-hour,million dollars,million kilowatt hours
2024-01,SAT,South Atlantic,TRA,transportation,13,10.05,10.90233,108.49416,number of customers,cents per kilowatt-hour,million dollars,million kilowatt hours
2024-01,SC,South Carolina,ALL,all sectors,2968733,10.91,801.63621,7346.54603,number of customers,cents per kilowatt-hour,million dollars,million kilowatt hours
2024-01,SC,South Carolina,COM,commercial,409822,10.68,229.26007,2147.02607,number of customers,cents per kilowatt-hour,million dollars,million kilowatt hours
2024-01,SC,South Carolina,IND,industrial,3582,7.08,134.81722,1905.31702,number of customers,cents per kilowatt-hour,million dollars,million kilowatt hours
2024-01,SC,South Carolina,OTH,other,,,,,number of customers,cents per kilowatt-hour,million dollars,million kilowatt hours
2024-01,SC,South Carolina,RES,residential,2555329,13.28,437.55892,3294.20294,number of customers,cents per kilowatt-hour,million dollars,million kilowatt hours
2024-01,SC,South Carolina,TRA,transportation,0,0,0,0,number of customers,cents per kilowatt-hour,million dollars,million kilowatt hours
2024-01,SD,South Dakota,ALL,all sectors,512642,10.25,133.01794,1297.99107,number of customers,cents per kilowatt-hour,million dollars,million kilowatt hours
2024-01,SD,South Dakota,COM,commercial,77816,10.05,45.32489,450.83561,number of customers,cents per kilowatt-hour,million dollars,million kilowatt hours
2024-01,SD,South Dakota,IND,industrial,4172,8.18,21.44307,262.20208,number of customers,cents per kilowatt-hour,million dollars,million kilowatt hours
2024-01,SD,South Dakota,OTH,other,,,,,number of customers,cents per kilowatt-hour,million dollars,million kilowatt hours
2024-01,SD,South Dakota,RES,residential,430654,11.33,66.24998,584.95338,number of customers,cents per kilowatt-hour,million dollars,million kilowatt hours
2024-01,SD,South Dakota,TRA,transportation,0,0,0,0,number of customers,cents per kilowatt-hour,million dollars,million kilowatt hours
2024-01,TN,Tennessee,ALL,all sectors,3666088,10.78,1007.22439,9344.50791,number of customers,cents per kilowatt-hour,million dollars,million kilowatt hours
2024-01,TN,Tennessee,COM,commercial,539571,11.88,343.42452,2891.99401,number of customers,cents per kilowatt-hour,million dollars,million kilowatt hours
2024-01,TN,Tennessee,IND,industrial,1043,6.27,114.41254,1825.26596,number of customers,cents per kilowatt-hour,million dollars,million kilowatt hours
2024-01,TN,Tennessee,OTH,other,,,,,number of customers,cents per kilowatt-hour,million dollars,million kilowatt hours
2024-01,TN,Tennessee,RES,residential,3125474,11.87,549.38733,4627.24795,number of customers,cents per kilowatt-hour,million dollars,million kilowatt hours
2024-01,TN,Tennessee,TRA,transportation,0,0,0,0,number of customers,cents per kilowatt-hour,million dollars,million kilowatt hours
2024-01,TX,Texas,ALL,all sectors,14327584,9.84,4024.46781,40905.52874,number of customers,cents per kilowatt-hour,million dollars,million kilowatt hours
2024-01,TX,Texas,COM,commercial,1595764,8.57,1114.48573,12999.50807,number of customers,cents per kilowatt-hour,million dollars,million kilowatt hours
2024-01,TX,Texas,IND,industrial,355765,6.23,839.92957,13477.56972,number of customers,cents per kilowatt-hour,million dollars,million kilowatt hours
2024-01,TX,Texas,OTH,other,,,,,number of customers,cents per kilowatt-hour,million dollars,million kilowatt hours
2024-01,TX,Texas,RES,residential,12376052,14.35,2069.95698,14427.07875,number of customers,cents per kilowatt-hour,million dollars,million kilowatt hours
2024-01,TX,Texas,TRA,transportation,3,6.96,.09553,1.37221,number of customers,cents per kilowatt-hour,million dollars,million kilowatt hours
2024-01,US,U.S. Total,ALL,all sectors,163061254,12.65,43467.285,343716.52172,number of customers,cents per kilowatt-hour,million dollars,million kilowatt hours
2024-01,US,U.S. Total,COM,commercial,19501593,12.5,14784.9983,118234.00579,number of customers,cents per kilowatt-hour,million dollars,million kilowatt hours
2024-01,US,U.S. Total,IND,industrial,1092520,8.07,6662.58982,82517.33102,number of customers,cents per kilowatt-hour,million dollars,million kilowatt hours
2024-01,US,U.S. Total,OTH,other,,,,,number of customers,cents per kilowatt-hour,million dollars,million kilowatt hours
2024-01,US,U.S. Total,RES,residential,142467061,15.41,21942.2909,142353.52686,number of customers,cents per kilowatt-hour,million dollars,million kilowatt hours
2024-01,US,U.S. Total,TRA,transportation,80,12.66,77.40598,611.65804,number of customers,cents per kilowatt-hour,million dollars,million kilowatt hours
2024-01,UT,Utah,ALL,all sectors,1415730,9.59,270.31485,2817.47822,number of customers,cents per kilowatt-hour,million dollars,million kilowatt hours
2024-01,UT,Utah,COM,commercial,143888,8.53,98.11855,1150.29393,number of customers,cents per kilowatt-hour,million dollars,million kilowatt hours
2024-01,UT,Utah,IND,industrial,10718,8.93,61.4761,688.2453,number of customers,cents per kilowatt-hour,million dollars,million kilowatt hours
2024-01,UT,Utah,OTH,other,,,,,number of customers,cents per kilowatt-hour,million dollars,million kilowatt hours
2024-01,UT,Utah,RES,residential,1261123,11.31,110.18086,974.47198,number of customers,cents per kilowatt-hour,million dollars,million kilowatt hours
2024-01,UT,Utah,TRA,transportation,1,12.07,.53933,4.46701,number of customers,cents per kilowatt-hour,million dollars,million kilowatt hours
2024-01,VA,Virginia,ALL,all sectors,4084137,10.85,1336.3545,12313.39295,number of customers,cents per kilowatt-hour,million dollars,million kilowatt hours
2024-01,VA,Virginia,COM,commercial,445152,9.19,565.01052,6150.85765,number of customers,cents per kilowatt-hour,million dollars,million kilowatt hours
2024-01,VA,Virginia,IND,industrial,3636,8.94,100.9018,1128.81222,number of customers,cents per kilowatt-hour,million dollars,million kilowatt hours
2024-01,VA,Virginia,OTH,other,,,,,number of customers,cents per kilowatt-hour,million dollars,million kilowatt hours
2024-01,VA,Virginia,RES,residential,3635348,13.33,668.30796,5012.44629,number of customers,cents per kilowatt-hour,million dollars,million kilowatt hours
2024-01,VA,Virginia,TRA,transportation,1,10.03,2.13422,21.27678,number of customers,cents per kilowatt-hour,million dollars,million kilowatt hours
2024-01,VT,Vermont,ALL,all sectors,386503,17.89,92.31811,516.0825,number of customers,cents per kilowatt-hour,million dollars,million kilowatt hours
2024-01,VT,Vermont,COM,commercial,63735,18.34,30.8711,168.28792,number of customers,cents per kilowatt-hour,million dollars,million kilowatt hours
2024-01,VT,Vermont,IND,industrial,256,11.44,13.31864,116.41196,number of customers,cents per kilowatt-hour,million dollars,million kilowatt hours
2024-01,VT,Vermont,OTH,other,,,,,number of customers,cents per kilowatt-hour,million dollars,million kilowatt hours
2024-01,VT,Vermont,RES,residential,322512,20.8,48.12837,231.38262,number of customers,cents per kilowatt-hour,million dollars,million kilowatt hours
2024-01,VT,Vermont,TRA,transportation,0,0,0,0,number of customers,cents per kilowatt-hour,million dollars,million kilowatt hours
2024-01,WA,Washington,ALL,all sectors,3786991,10.76,924.19948,8588.02669,number of customers,cents per kilowatt-hour,million dollars,million kilowatt hours
2024-01,WA,Washington,COM,commercial,405037,12.5,303.72612,2429.82085,number of customers,cents per kilowatt-hour,million dollars,million kilowatt hours
2024-01,WA,Washington,IND,industrial,25848,6.93,102.36827,1477.11422,number of customers,cents per kilowatt-hour,million dollars,million kilowatt hours
2024-01,WA,Washington,OTH,other,,,,,number of customers,cents per kilowatt-hour,million dollars,million kilowatt hours
2024-01,WA,Washington,RES,residential,3356101,11.07,517.251,4673.16052,number of customers,cents per kilowatt-hour,million dollars,million kilowatt hours
2024-01,WA,Washington,TRA,transportation,5,10.77,.85409,7.9311,number of customers,cents per kilowatt-hour,million dollars,million kilowatt hours
2024-01,WI,Wisconsin,ALL,all sectors,3214690,12.72,766.27824,6023.57388,number of customers,cents per kilowatt-hour,million dollars,million kilowatt hours
2024-01,WI,Wisconsin,COM,commercial,369942,12.45,247.94638,1991.05707,number of customers,cents per kilowatt-hour,million dollars,million kilowatt hours
2024-01,WI,Wisconsin,IND,industrial,5541,8.56,158.99371,1856.48392,number of customers,cents per kilowatt-hour,million dollars,million kilowatt hours
2024-01,WI,Wisconsin,OTH,other,,,,,number of customers,cents per kilowatt-hour,million dollars,million kilowatt hours
2024-01,WI,Wisconsin,RES,residential,2839205,16.51,359.31557,2175.92057,number of customers,cents per kilowatt-hour,million dollars,million kilowatt hours
2024-01,WI,Wisconsin,TRA,transportation,2,20.11,.02259,.11231,number of customers,cents per kilowatt-hour,million dollars,million kilowatt hours
2024-01,WNC,West North Central,ALL,all sectors,11605588,9.82,2878.88762,29322.6269,number of customers,cents per kilowatt-hour,million dollars,million kilowatt hours
2024-01,WNC,West North Central,COM,commercial,1521901,9.5,908.17507,9557.35699,number of customers,cents per kilowatt-hour,million dollars,million kilowatt hours
2024-01,WNC,West North Central,IND,industrial,126971,7.54,613.26651,8129.42187,number of customers,cents per kilowatt-hour,million dollars,million kilowatt hours
2024-01,WNC,West North Central,OTH,other,,,,,number of customers,cents per kilowatt-hour,million dollars,million kilowatt hours
2024-01,WNC,West North Central,RES,residential,9956713,11.67,1357.01785,11631.17128,number of customers,cents per kilowatt-hour,million dollars,million kilowatt hours
2024-01,WNC,West North Central,TRA,transportation,3,9.16,.4282,4.67677,number of customers,cents per kilowatt-hour,million dollars,million kilowatt hours
2024-01,WSC,West South Central,ALL,all sectors,20675655,9.59,5707.72072,59512.06877,number of customers,cents per kilowatt-hour,million dollars,million kilowatt hours
2024-01,WSC,West South Central,COM,commercial,2398703,8.95,1582.45451,17690.38439,number of customers,cents per kilowatt-hour,million dollars,million kilowatt hours
2024-01,WSC,West South Central,IND,industrial,429674,6.26,1249.57657,19973.45375,number of customers,cents per kilowatt-hour,million dollars,million kilowatt hours
2024-01,WSC,West South Central,OTH,other,,,,,number of customers,cents per kilowatt-hour,million dollars,million kilowatt hours
2024-01,WSC,West South Central,RES,residential,17847272,13.16,2875.49937,21845.95835,number of customers,cents per kilowatt-hour,million dollars,million kilowatt hours
2024-01,WSC,West South Central,TRA,transportation,6,8.37,.19027,2.27228,number of customers,cents per kilowatt-hour,million dollars,million kilowatt hours
2024-01,WV,West Virginia,ALL,all sectors,1030863,10.51,342.65176,3259.84757,number of customers,cents per kilowatt-hour,million dollars,million kilowatt hours
2024-01,WV,West Virginia,COM,commercial,151690,10.72,72.24889,673.89354,number of customers,cents per kilowatt-hour,million dollars,million kilowatt hours
2024-01,WV,West Virginia,IND,industrial,11109,7.25,93.15401,1284.64498,number of customers,cents per kilowatt-hour,million dollars,million kilowatt hours
2024-01,WV,West Virginia,OTH,other,,,,,number of customers,cents per kilowatt-hour,million dollars,million kilowatt hours
2024-01,WV,West Virginia,RES,residential,868064,13.62,177.24886,1301.30905,number of customers,cents per kilowatt-hour,million dollars,million kilowatt hours
2024-01,WV,West Virginia,TRA,transportation,0,0,0,0,number of customers,cents per kilowatt-hour,million dollars,million kilowatt hours
2024-01,WY,Wyoming,ALL,all sectors,356025,8.77,140.83901,1605.87015,number of customers,cents per kilowatt-hour,million dollars,million kilowatt hours
2024-01,WY,Wyoming,COM,commercial,58706,9.26,44.30553,478.70434,number of customers,cents per kilowatt-hour,million dollars,million kilowatt hours
2024-01,WY,Wyoming,IND,industrial,11841,7.38,55.91413,757.31345,number of customers,cents per kilowatt-hour,million dollars,million kilowatt hours
2024-01,WY,Wyoming,OTH,other,,,,,number of customers,cents per kilowatt-hour,million dollars,million kilowatt hours
2024-01,WY,Wyoming,RES,residential,285478,10.98,40.61935,369.85236,number of customers,cents per kilowatt-hour,million dollars,million kilowatt hours
2024-01,WY,Wyoming,TRA,transportation,0,0,0,0,number of customers,cents per kilowatt-hour,million dollars,million kilowatt hours
2023-12,AK,Alaska,ALL,all sectors,355023,22.17,125.94351,567.99891,number of customers,cents per kilowatt-hour,million dollars,million kilowatt hours
2023-12,AK,Alaska,COM,commercial,56920,21.16,50.35598,237.96068,number of customers,cents per kilowatt-hour,million dollars,million kilowatt hours
2023-12,AK,Alaska,IND,industrial,1175,20.55,24.34964,118.49458,number of customers,cents per kilowatt-hour,million dollars,million kilowatt hours
2023-12,AK,Alaska,OTH,other,,,,,number of customers,cents per kilowatt-hour,million dollars,million kilowatt hours
2023-12,AK,Alaska,RES,residential,296928,24.22,51.23789,211.54365,number of customers,cents per kilowatt-hour,million dollars,million kilowatt hours
2023-12,AK,Alaska,TRA,transportation,0,0,0,0,number of customers,cents per kilowatt-hour,million dollars,million kilowatt hours
2023-12,AL,Alabama,ALL,all sectors,2744174,11.19,775.01833,6928.03815,number of customers,cents per kilowatt-hour,million dollars,million kilowatt hours
2023-12,AL,Alabama,COM,commercial,382859,13.27,221.74361,1671.19884,number of customers,cents per kilowatt-hour,million dollars,million kilowatt hours
2023-12,AL,Alabama,IND,industrial,7209,6.8,176.39835,2594.83092,number of customers,cents per kilowatt-hour,million dollars,million kilowatt hours
2023-12,AL,Alabama,OTH,other,,,,,number of customers,cents per kilowatt-hour,million dollars,million kilowatt hours
2023-12,AL,Alabama,RES,residential,2354106,14.16,376.87637,2662.00839,number of customers,cents per kilowatt-hour,million dollars,million kilowatt hours
2023-12,AL,Alabama,TRA,transportation,0,0,0,0,number of customers,cents per kilowatt-hour,million dollars,million kilowatt hours
2023-12,AR,Arkansas,ALL,all sectors,1708212,9.17,355.68481,3877.48703,number of customers,cents per kilowatt-hour,million dollars,million kilowatt hours
2023-12,AR,Arkansas,COM,commercial,205809,10.1,87.2214,863.96261,number of customers,cents per kilowatt-hour,million dollars,million kilowatt hours
2023-12,AR,Arkansas,IND,industrial,35614,6.33,96.52474,1524.11124,number of customers,cents per kilowatt-hour,million dollars,million kilowatt hours
2023-12,AR,Arkansas,OTH,other,,,,,number of customers,cents per kilowatt-hour,million dollars,million kilowatt hours
2023-12,AR,Arkansas,RES,residential,1466787,11.54,171.93562,1489.3931,number of customers,cents per kilowatt-hour,million dollars,million kilowatt hours
2023-12,AR,Arkansas,TRA,transportation,2,15.18,.00305,.02008,number of customers,cents per kilowatt-hour,million dollars,million kilowatt hours
2023-12,AZ,Arizona,ALL,all sectors,3455506,12,718.08824,5983.00675,number of customers,cents per kilowatt-hour,million dollars,million kilowatt hours
2023-12,AZ,Arizona,COM,commercial,345806,11.59,278.20593,2400.82208,number of customers,cents per kilowatt-hour,million dollars,million kilowatt hours
2023-12,AZ,Arizona,IND,industrial,7500,7.86,91.63267,1166.2807,number of customers,cents per kilowatt-hour,million dollars,million kilowatt hours
2023-12,AZ,Arizona,OTH,other,,,,,number of customers,cents per kilowatt-hour,million dollars,million kilowatt hours
2023-12,AZ,Arizona,RES,residential,3102198,14.42,348.17475,2415.12641,number of customers,cents per kilowatt-hour,million dollars,million kilowatt hours
2023-12,AZ,Arizona,TRA,transportation,2,9.63,.0749,.77756,number of customers,cents per kilowatt-hour,million dollars,million kilowatt hours
2023-12,CA,California,ALL,all sectors,16067631,24.09,4494.91506,18660.12634,number of customers,cents per kilowatt-hour,million dollars,million kilowatt hours
2023-12,CA,California,COM,commercial,1769051,22.66,1999.61432,8823.95653,number of customers,cents per kilowatt-hour,million dollars,million kilowatt hours
2023-12,CA,California,IND,industrial,146640,17.99,582.45146,3238.52613,number of customers,cents per kilowatt-hour,million dollars,million kilowatt hours
2023-12,CA,California,OTH,other,,,,,number of customers,cents per kilowatt-hour,million dollars,million kilowatt hours
2023-12,CA,California,RES,residential,14151928,29.12,1906.13599,6546.37466,number of customers,cents per kilowatt-hour,million dollars,million kilowatt hours
2023-12,CA,California,TRA,transportation,12,13.09,6.71329,51.26901,number of customers,cents per kilowatt-hour,million dollars,million kilowatt hours
2023-12,CO,Colorado,ALL,all sectors,2948669,11.41,537.47428,4709.74919,number of customers,cents per kilowatt-hour,million dollars,million kilowatt hours
2023-12,CO,Colorado,COM,commercial,398964,10.95,191.17688,1745.29404,number of customers,cents per kilowatt-hour,million dollars,million kilowatt hours
2023-12,CO,Colorado,IND,industrial,15271,8.17,100.55349,1230.28108,number of customers,cents per kilowatt-hour,million dollars,million kilowatt hours
2023-12,CO,Colorado,OTH,other,,,,,number of customers,cents per kilowatt-hour,million dollars,million kilowatt hours
2023-12,CO,Colorado,RES,residential,2534432,14.18,244.76267,1726.25364,number of customers,cents per kilowatt-hour,million dollars,million kilowatt hours
2023-12,CO,Colorado,TRA,transportation,2,12.39,.98124,7.92043,number of customers,cents per kilowatt-hour,million dollars,million kilowatt hours
2023-12,CT,Connecticut,ALL,all sectors,1705948,23.04,527.17175,2288.4249,number of customers,cents per kilowatt-hour,million dollars,million kilowatt hours
2023-12,CT,Connecticut,COM,commercial,156826,19.64,181.17802,922.65532,number of customers,cents per kilowatt-hour,million dollars,million kilowatt hours
2023-12,CT,Connecticut,IND,industrial,3874,16.28,30.61491,188.02759,number of customers,cents per kilowatt-hour,million dollars,million kilowatt hours
2023-12,CT,Connecticut,OTH,other,,,,,number of customers,cents per kilowatt-hour,million dollars,million kilowatt hours
2023-12,CT,Connecticut,RES,residential,1545245,26.89,311.90239,1159.97818,number of customers,cents per kilowatt-hour,million dollars,million kilowatt hours
2023-12,CT,Connecticut,TRA,transportation,3,19.57,3.47643,17.76381,number of customers,cents per kilowatt-hour,million dollars,million kilowatt hours
2023-12,DC,District of Columbia,ALL,all sectors,342966,17.32,133.74286,772.04747,number of customers,cents per kilowatt-hour,million dollars,million kilowatt hours
2023-12,DC,District of Columbia,COM,commercial,27456,17.6,96.42485,547.83772,number of customers,cents per kilowatt-hour,million dollars,million kilowatt hours
2023-12,DC,District of Columbia,IND,industrial,1,10.93,1.73406,15.86543,number of customers,cents per kilowatt-hour,million dollars,million kilowatt hours
2023-12,DC,District of Columbia,OTH,other,,,,,number of customers,cents per kilowatt-hour,million dollars,million kilowatt hours
2023-12,DC,District of Columbia,RES,residential,315506,17.82,33.3355,187.07923,number of customers,cents per kilowatt-hour,million dollars,million kilowatt hours
2023-12,DC,District of Columbia,TRA,transportation,3,10.57,2.24845,21.26509,number of customers,cents per kilowatt-hour,million dollars,million kilowatt hours
2023-12,DE,Delaware,ALL,all sectors,532194,13.43,122.13794,909.51453,number of customers,cents per kilowatt-hour,million dollars,million kilowatt hours
2023-12,DE,Delaware,COM,commercial,60075,12.39,40.9273,330.43952,number of customers,cents per kilowatt-hour,million dollars,million kilowatt hours
2023-12,DE,Delaware,IND,industrial,878,7.52,11.27975,149.97939,number of customers,cents per kilowatt-hour,million dollars,million kilowatt hours
2023-12,DE,Delaware,OTH,other,,,,,number of customers,cents per kilowatt-hour,million dollars,million kilowatt hours
2023-12,DE,Delaware,RES,residential,471241,16.3,69.93089,429.09562,number of customers,cents per kilowatt-hour,million dollars,million kilowatt hours
2023-12,DE,Delaware,TRA,transportation,0,0,0,0,number of customers,cents per kilowatt-hour,million dollars,million kilowatt hours
2023-12,ENC,East North Central,ALL,all sectors,23527097,11.82,5277.63405,44644.46441,number of customers,cents per kilowatt-hour,million dollars,million kilowatt hours
2023-12,ENC,East North Central,COM,commercial,2553805,11.66,1653.29199,14180.54562,number of customers,cents per kilowatt-hour,million dollars,million kilowatt hours
2023-12,ENC,East North Central,IND,industrial,55034,7.72,1151.36576,14915.91422,number of customers,cents per kilowatt-hour,million dollars,million kilowatt hours
2023-12,ENC,East North Central,OTH,other,,,,,number of customers,cents per kilowatt-hour,million dollars,million kilowatt hours
2023-12,ENC,East North Central,RES,residential,20918247,15.93,2470.20889,15510.73812,number of customers,cents per kilowatt-hour,million dollars,million kilowatt hours
2023-12,ENC,East North Central,TRA,transportation,11,7.43,2.76741,37.26645,number of customers,cents per kilowatt-hour,million dollars,million kilowatt hours
2023-12,ESC,East South Central,ALL,all sectors,10409033,10.61,2601.95418,24521.43679,number of customers,cents per kilowatt-hour,million dollars,million kilowatt hours
2023-12,ESC,East South Central,COM,commercial,1489830,12.14,838.33071,6903.68742,number of customers,cents per kilowatt-hour,million dollars,million kilowatt hours
2023-12,ESC,East South Central,IND,industrial,24440,6.51,513.8214,7897.53712,number of customers,cents per kilowatt-hour,million dollars,million kilowatt hours
2023-12,ESC,East South Central,OTH,other,,,,,number of customers,cents per kilowatt-hour,million dollars,million kilowatt hours
2023-12,ESC,East South Central,RES,residential,8894763,12.86,1249.80207,9720.21225,number of customers,cents per kilowatt-hour,million dollars,million kilowatt hours
2023-12,ESC,East South Central,TRA,transportation,0,0,0,0,number of customers,cents per kilowatt-hour,million dollars,million kilowatt hours
2023-12,FL,Florida,ALL,all sectors,11620409,13.41,2383.69051,17769.96915,number of customers,cents per kilowatt-hour,million dollars,million kilowatt hours
2023-12,FL,Florida,COM,commercial,1294689,12.03,866.16156,7198.93492,number of customers,cents per kilowatt-hour,million dollars,million kilowatt hours
2023-12,FL,Florida,IND,industrial,26428,9.08,132.42599,1458.00899,number of customers,cents per kilowatt-hour,million dollars,million kilowatt hours
2023-12,FL,Florida,OTH,other,,,,,number of customers,cents per kilowatt-hour,million dollars,million kilowatt hours
2023-12,FL,Florida,RES,residential,10299290,15.2,1384.47308,9107.45719,number of customers,cents per kilowatt-hour,million dollars,million kilowatt hours
2023-12,FL,Florida,TRA,transportation,2,11.31,.62989,5.56806,number of customers,cents per kilowatt-hour,million dollars,million kilowatt hours
2023-12,GA,Georgia,ALL,all sectors,5375003,10.58,1218.58112,11522.43546,number of customers,cents per kilowatt-hour,million dollars,million kilowatt hours
2023-12,GA,Georgia,COM,commercial,611097,10.67,428.33964,4015.74439,number of customers,cents per kilowatt-hour,million dollars,million kilowatt hours
2023-12,GA,Georgia,IND,industrial,24007,6.23,157.35071,2524.64591,number of customers,cents per kilowatt-hour,million dollars,million kilowatt hours
2023-12,GA,Georgia,OTH,other,,,,,number of customers,cents per kilowatt-hour,million dollars,million kilowatt hours
2023-12,GA,Georgia,RES,residential,4739898,12.72,632.07424,4968.88132,number of customers,cents per kilowatt-hour,million dollars,million kilowatt hours
2023-12,GA,Georgia,TRA,transportation,1,6.2,.81653,13.16384,number of customers,cents per kilowatt-hour,million dollars,million kilowatt hours
2023-12,HI,Hawaii,ALL,all sectors,506841,38.47,289.07946,751.53693,number of customers,cents per kilowatt-hour,million dollars,million kilowatt hours
2023-12,HI,Hawaii,COM,commercial,59890,39,88.21022,226.20233,number of customers,cents per kilowatt-hour,million dollars,million kilowatt hours
2023-12,HI,Hawaii,IND,industrial,815,35.4,100.86156,284.91185,number of customers,cents per kilowatt-hour,million dollars,million kilowatt hours
2023-12,HI,Hawaii,OTH,other,,,,,number of customers,cents per kilowatt-hour,million dollars,million kilowatt hours
2023-12,HI,Hawaii,RES,residential,446136,41.6,100.00768,240.42274,number of customers,cents per kilowatt-hour,million dollars,million kilowatt hours
2023-12,HI,Hawaii,TRA,transportation,0,0,0,0,number of customers,cents per kilowatt-hour,million dollars,million kilowatt hours
2023-12,IA,Iowa,ALL,all sectors,1704965,8.42,392.9503,4665.84714,number of customers,cents per kilowatt-hour,million dollars,million kilowatt hours
2023-12,IA,Iowa,COM,commercial,251524,9.19,98.2756,1069.04986,number of customers,cents per kilowatt-hour,million dollars,million kilowatt hours
2023-12,IA,Iowa,IND,industrial,9701,5.97,134.89307,2260.17982,number of customers,cents per kilowatt-hour,million dollars,million kilowatt hours
2023-12,IA,Iowa,OTH,other,,,,,number of customers,cents per kilowatt-hour,million dollars,million kilowatt hours
2023-12,IA,Iowa,RES,residential,1443740,11.95,159.78164,1336.61746,number of customers,cents per kilowatt-hour,million dollars,million kilowatt hours
2023-12,IA,Iowa,TRA,transportation,0,0,0,0,number of customers,cents per kilowatt-hour,million dollars,million kilowatt hours
2023-12,ID,Idaho,ALL,all sectors,1007997,9.46,202.62471,2142.72762,number of customers,cents per kilowatt-hour,million dollars,million kilowatt hours
2023-12,ID,Idaho,COM,commercial,122544,8.88,53.05277,597.36956,number of customers,cents per kilowatt-hour,million dollars,million kilowatt hours
2023-12,ID,Idaho,IND,industrial,29352,6.21,33.36188,537.15437,number of customers,cents per kilowatt-hour,million dollars,million kilowatt hours
2023-12,ID,Idaho,OTH,other,,,,,number of customers,cents per kilowatt-hour,million dollars,million kilowatt hours
2023-12,ID,Idaho,RES,residential,856101,11.53,116.21006,1008.20369,number of customers,cents per kilowatt-hour,million dollars,million kilowatt hours
2023-12,ID,Idaho,TRA,transportation,0,0,0,0,number of customers,cents per kilowatt-hour,million dollars,million kilowatt hours
2023-12,IL,Illinois,ALL,all sectors,6051742,11.25,1212.55802,10777.00125,number of customers,cents per kilowatt-hour,million dollars,million kilowatt hours
2023-12,IL,Illinois,COM,commercial,627024,10.72,397.61419,3710.77295,number of customers,cents per kilowatt-hour,million dollars,million kilowatt hours
2023-12,IL,Illinois,IND,industrial,5507,8.1,277.7249,3428.78068,number of customers,cents per kilowatt-hour,million dollars,million kilowatt hours
2023-12,IL,Illinois,OTH,other,,,,,number of customers,cents per kilowatt-hour,million dollars,million kilowatt hours
2023-12,IL,Illinois,RES,residential,5419207,14.84,534.82634,3604.64755,number of customers,cents per kilowatt-hour,million dollars,million kilowatt hours
2023-12,IL,Illinois,TRA,transportation,4,7.29,2.39258,32.80007,number of customers,cents per kilowatt-hour,million dollars,million kilowatt hours
2023-12,IN,Indiana,ALL,all sectors,3429753,11.28,880.98067,7807.9852,number of customers,cents per kilowatt-hour,million dollars,million kilowatt hours
2023-12,IN,Indiana,COM,commercial,373033,12.53,223.24895,1782.1701,number of customers,cents per kilowatt-hour,million dollars,million kilowatt hours
2023-12,IN,Indiana,IND,industrial,19381,7.87,259.08809,3291.55086,number of customers,cents per kilowatt-hour,million dollars,million kilowatt hours
2023-12,IN,Indiana,OTH,other,,,,,number of customers,cents per kilowatt-hour,million dollars,million kilowatt hours
2023-12,IN,Indiana,RES,residential,3037338,14.58,398.52575,2733.2446,number of customers,cents per kilowatt-hour,million dollars,million kilowatt hours
2023-12,IN,Indiana,TRA,transportation,1,11.56,.11788,1.01964,number of customers,cents per kilowatt-hour,million dollars,million kilowatt hours
2023-12,KS,Kansas,ALL,all sectors,1583636,10.16,318.02352,3128.84983,number of customers,cents per kilowatt-hour,million dollars,million kilowatt hours
2023-12,KS,Kansas,COM,commercial,245795,10.27,121.75667,1185.52299,number of customers,cents per kilowatt-hour,million dollars,million kilowatt hours
2023-12,KS,Kansas,IND,industrial,23793,7.14,65.11403,912.24452,number of customers,cents per kilowatt-hour,million dollars,million kilowatt hours
2023-12,KS,Kansas,OTH,other,,,,,number of customers,cents per kilowatt-hour,million dollars,million kilowatt hours
2023-12,KS,Kansas,RES,residential,1314048,12.72,131.15282,1031.08232,number of customers,cents per kilowatt-hour,million dollars,million kilowatt hours
2023-12,KS,Kansas,TRA,transportation,0,0,0,0,number of customers,cents per kilowatt-hour,million dollars,million kilowatt hours
2023-12,KY,Kentucky,ALL,all sectors,2398817,9.88,587.32381,5942.18343,number of customers,cents per kilowatt-hour,million dollars,million kilowatt hours
2023-12,KY,Kentucky,COM,commercial,325141,11.53,172.71794,1498.35542,number of customers,cents per kilowatt-hour,million dollars,million kilowatt hours
2023-12,KY,Kentucky,IND,industrial,5103,6.36,142.39301,2238.69395,number of customers,cents per kilowatt-hour,million dollars,million kilowatt hours
2023-12,KY,Kentucky,OTH,other,,,,,number of customers,cents per kilowatt-hour,million dollars,million kilowatt hours
2023-12,KY,Kentucky,RES,residential,2068573,12.34,272.21286,2205.13406,number of customers,cents per kilowatt-hour,million dollars,million kilowatt hours
2023-12,KY,Kentucky,TRA,transportation,0,0,0,0,number of customers,cents per kilowatt-hour,million dollars,million kilowatt hours
2023-12,LA,Louisiana,ALL,all sectors,2455701,8.69,614.41323,7074.35436,number of customers,cents per kilowatt-hour,million dollars,million kilowatt hours
2023-12,LA,Louisiana,COM,commercial,299081,10.75,182.7784,1700.61443,number of customers,cents per kilowatt-hour,million dollars,million kilowatt hours
2023-12,LA,Louisiana,IND,industrial,18191,5.84,185.3438,3175.74584,number of customers,cents per kilowatt-hour,million dollars,million kilowatt hours
2023-12,LA,Louisiana,OTH,other,,,,,number of customers,cents per kilowatt-hour,million dollars,million kilowatt hours
2023-12,LA,Louisiana,RES,residential,2138428,11.21,246.20195,2197.19995,number of customers,cents per kilowatt-hour,million dollars,million kilowatt hours
2023-12,LA,Louisiana,TRA,transportation,1,11.22,.08909,.79415,number of customers,cents per kilowatt-hour,million dollars,million kilowatt hours
2023-12,MA,Massachusetts,ALL,all sectors,3353826,23.1,927.81839,4017.08953,number of customers,cents per kilowatt-hour,million dollars,million kilowatt hours
2023-12,MA,Massachusetts,COM,commercial,454710,19.74,378.51343,1917.87744,number of customers,cents per kilowatt-hour,million dollars,million kilowatt hours
2023-12,MA,Massachusetts,IND,industrial,10354,17.66,82.7302,468.39194,number of customers,cents per kilowatt-hour,million dollars,million kilowatt hours
2023-12,MA,Massachusetts,OTH,other,,,,,number of customers,cents per kilowatt-hour,million dollars,million kilowatt hours
2023-12,MA,Massachusetts,RES,residential,2888760,28.94,464.87064,1606.24774,number of customers,cents per kilowatt-hour,million dollars,million kilowatt hours
2023-12,MA,Massachusetts,TRA,transportation,2,6.94,1.70412,24.57242,number of customers,cents per kilowatt-hour,million dollars,million kilowatt hours
2023-12,MAT,Middle Atlantic,ALL,all sectors,19137988,15.07,4418.85751,29314.5495,number of customers,cents per kilowatt-hour,million dollars,million kilowatt hours
2023-12,MAT,Middle Atlantic,COM,commercial,2460216,14.49,1706.97458,11781.81782,number of customers,cents per kilowatt-hour,million dollars,million kilowatt hours
2023-12,MAT,Middle Atlantic,IND,industrial,33477,7.76,445.38193,5741.65821,number of customers,cents per kilowatt-hour,million dollars,million kilowatt hours
2023-12,MAT,Middle Atlantic,OTH,other,,,,,number of customers,cents per kilowatt-hour,million dollars,million kilowatt hours
2023-12,MAT,Middle Atlantic,RES,residential,16644274,19.36,2226.77489,11502.5713,number of customers,cents per kilowatt-hour,million dollars,million kilowatt hours
2023-12,MAT,Middle Atlantic,TRA,transportation,21,13.77,39.72612,288.50218,number of customers,cents per kilowatt-hour,million dollars,million kilowatt hours
2023-12,MD,Maryland,ALL,all sectors,2712852,14.96,737.07054,4927.44023,number of customers,cents per kilowatt-hour,million dollars,million kilowatt hours
2023-12,MD,Maryland,COM,commercial,261535,12.84,279.87612,2180.03502,number of customers,cents per kilowatt-hour,million dollars,million kilowatt hours
2023-12,MD,Maryland,IND,industrial,9256,10.17,28.94694,284.50093,number of customers,cents per kilowatt-hour,million dollars,million kilowatt hours
2023-12,MD,Maryland,OTH,other,,,,,number of customers,cents per kilowatt-hour,million dollars,million kilowatt hours
2023-12,MD,Maryland,RES,residential,2442056,17.46,424.42906,2430.26293,number of customers,cents per kilowatt-hour,million dollars,million kilowatt hours
2023-12,MD,Maryland,TRA,transportation,5,11.7,3.81842,32.64136,number of customers,cents per kilowatt-hour,million dollars,million kilowatt hours
2023-12,ME,Maine,ALL,all sectors,851039,22.14,201.39012,909.57582,number of customers,cents per kilowatt-hour,million dollars,million kilowatt hours
2023-12,ME,Maine,COM,commercial,109856,19.04,59.48103,312.3855,number of customers,cents per kilowatt-hour,million dollars,million kilowatt hours
2023-12,ME,Maine,IND,industrial,2000,13.7,24.19577,176.63749,number of customers,cents per kilowatt-hour,million dollars,million kilowatt hours
2023-12,ME,Maine,OTH,other,,,,,number of customers,cents per kilowatt-hour,million dollars,million kilowatt hours
2023-12,ME,Maine,RES,residential,739183,27.99,117.71331,420.55284,number of customers,cents per kilowatt-hour,million dollars,million kilowatt hours
2023-12,ME,Maine,TRA,transportation,0,0,0,0,number of customers,cents per kilowatt-hour,million dollars,million kilowatt hours
2023-12,MI,Michigan,ALL,all sectors,5071884,13.78,1107.77412,8039.68803,number of customers,cents per kilowatt-hour,million dollars,million kilowatt hours
2023-12,MI,Michigan,COM,commercial,561050,13.23,391.09,2955.8464,number of customers,cents per kilowatt-hour,million dollars,million kilowatt hours
2023-12,MI,Michigan,IND,industrial,5673,8.29,186.42009,2248.3793,number of customers,cents per kilowatt-hour,million dollars,million kilowatt hours
2023-12,MI,Michigan,OTH,other,,,,,number of customers,cents per kilowatt-hour,million dollars,million kilowatt hours
2023-12,MI,Michigan,RES,residential,4505159,18.7,530.20302,2835.0164,number of customers,cents per kilowatt-hour,million dollars,million kilowatt hours
2023-12,MI,Michigan,TRA,transportation,2,13.68,.06102,.44594,number of customers,cents per kilowatt-hour,million dollars,million kilowatt hours
2023-12,MN,Minnesota,ALL,all sectors,2884934,11.46,644.34564,5621.47769,number of customers,cents per kilowatt-hour,million dollars,million kilowatt hours
2023-12,MN,Minnesota,COM,commercial,307932,11.39,211.27999,1854.82494,number of customers,cents per kilowatt-hour,million dollars,million kilowatt hours
2023-12,MN,Minnesota,IND,industrial,9687,8.44,145.86246,1727.44596,number of customers,cents per kilowatt-hour,million dollars,million kilowatt hours
2023-12,MN,Minnesota,OTH,other,,,,,number of customers,cents per kilowatt-hour,million dollars,million kilowatt hours
2023-12,MN,Minnesota,RES,residential,2567314,14.09,287.04424,2037.69645,number of customers,cents per kilowatt-hour,million dollars,million kilowatt hours
2023-12,MN,Minnesota,TRA,transportation,1,10.52,.15896,1.51034,number of customers,cents per kilowatt-hour,million dollars,million kilowatt hours
2023-12,MO,Missouri,ALL,all sectors,3326829,9.88,621.50389,6288.56631,number of customers,cents per kilowatt-hour,million dollars,million kilowatt hours
2023-12,MO,Missouri,COM,commercial,387346,9.16,211.52175,2308.18555,number of customers,cents per kilowatt-hour,million dollars,million kilowatt hours
